"site_code","sample_date","comments","flags","display_name","count","immature","winged","size","observer","trap_name","trap_count"
"Bell",2012-02-23,NA,NA,"Acari",2,NA,NA,"not measured","ChAl","1",10
"Bell",2012-02-23,NA,NA,"Bethylidae",1,NA,NA,"not measured","ChAl","1",10
"Bell",2012-02-23,NA,NA,"Cicadellidae",2,"TRUE",NA,"not measured","ChAl","1",10
"Bell",2012-02-23,NA,NA,"Pheidole xerophila",2,NA,NA,"not measured","ChAl","1",10
"Bell",2012-02-23,NA,NA,"Pyralidae",2,"TRUE",NA,"not measured","ChAl","1",10
"Bell",2012-02-23,NA,NA,"Sminthuridae",3,NA,NA,"not measured","ChAl","1",10
"Bell",2012-02-23,NA,NA,"Acari",2,NA,NA,"not measured","ChAl","2",10
"Bell",2012-02-23,NA,NA,"Araneidae",1,NA,NA,"not measured","ChAl","2",10
"Bell",2012-02-23,NA,NA,"Meinertellidae",4,NA,NA,"not measured","ChAl","2",10
"Bell",2012-02-23,NA,NA,"Opiliones",1,NA,NA,"not measured","ChAl","2",10
"Bell",2012-02-23,NA,NA,"Pyralidae",1,"TRUE",NA,"not measured","ChAl","2",10
"Bell",2012-02-23,NA,NA,"Sminthuridae",1,NA,NA,"not measured","ChAl","2",10
"Bell",2012-02-23,NA,NA,"Acari",10,NA,NA,"not measured","ChAl","3",10
"Bell",2012-02-23,NA,NA,"Coccoidea",1,NA,NA,"not measured","ChAl","3",10
"Bell",2012-02-23,NA,NA,"Meinertellidae",1,NA,NA,"not measured","ChAl","3",10
"Bell",2012-02-23,NA,NA,"Micaria",1,NA,NA,"not measured","ChAl","3",10
"Bell",2012-02-23,NA,NA,"Opiliones",1,NA,NA,"not measured","ChAl","3",10
"Bell",2012-02-23,NA,NA,"Sminthuridae",2,NA,NA,"not measured","ChAl","3",10
"Bell",2012-02-23,NA,NA,"Solifugae",1,NA,NA,"not measured","ChAl","3",10
"Bell",2012-02-23,NA,NA,"Tiphiidae",1,NA,NA,"not measured","ChAl","3",10
"Bell",2012-02-23,NA,NA,"Acari",3,NA,NA,"not measured","ChAl","4",10
"Bell",2012-02-23,NA,NA,"Bethylidae",1,NA,NA,"not measured","ChAl","4",10
"Bell",2012-02-23,NA,NA,"Meinertellidae",1,NA,NA,"not measured","ChAl","4",10
"Bell",2012-02-23,NA,NA,"Micaria",1,NA,NA,"not measured","ChAl","4",10
"Bell",2012-02-23,NA,NA,"Mutillidae",1,NA,NA,"not measured","ChAl","4",10
"Bell",2012-02-23,NA,NA,"Opiliones",1,NA,NA,"not measured","ChAl","4",10
"Bell",2012-02-23,NA,NA,"Sminthuridae",2,NA,NA,"not measured","ChAl","4",10
"Bell",2012-02-23,NA,NA,"Bethylidae",2,NA,NA,"not measured","ChAl","5",10
"Bell",2012-02-23,NA,NA,"Ichneumonidae",1,NA,NA,"not measured","ChAl","5",10
"Bell",2012-02-23,NA,NA,"Meinertellidae",3,NA,NA,"not measured","ChAl","5",10
"Bell",2012-02-23,NA,NA,"Mymaridae",1,NA,NA,"not measured","ChAl","5",10
"Bell",2012-02-23,NA,NA,"Pyralidae",1,NA,NA,"not measured","ChAl","5",10
"Bell",2012-02-23,NA,NA,"Sminthuridae",2,NA,NA,"not measured","ChAl","5",10
"Bell",2012-02-23,NA,NA,"Acari",2,NA,NA,"not measured","ChAl","6",10
"Bell",2012-02-23,NA,NA,"Meinertellidae",2,NA,NA,"not measured","ChAl","6",10
"Bell",2012-02-23,NA,NA,"Solifugae",1,NA,NA,"not measured","ChAl","6",10
"Bell",2012-02-23,NA,NA,"Acari",1,NA,NA,"not measured","ChAl","7",10
"Bell",2012-02-23,NA,NA,"Bethylidae",2,NA,NA,"not measured","ChAl","7",10
"Bell",2012-02-23,NA,NA,"Coccoidea",1,NA,NA,"not measured","ChAl","7",10
"Bell",2012-02-23,NA,NA,"Lepismatidae",2,NA,NA,"not measured","ChAl","7",10
"Bell",2012-02-23,NA,NA,"Nabidae",1,NA,NA,"not measured","ChAl","7",10
"Bell",2012-02-23,NA,NA,"Opiliones",1,NA,NA,"not measured","ChAl","7",10
"Bell",2012-02-23,NA,NA,"Pyralidae",1,"TRUE",NA,"not measured","ChAl","7",10
"Bell",2012-02-23,NA,NA,"Sminthuridae",3,NA,NA,"not measured","ChAl","7",10
"Bell",2012-02-23,NA,NA,"Acari",1,NA,NA,"not measured","ChAl","8",10
"Bell",2012-02-23,NA,NA,"Cicadellidae",1,"TRUE",NA,"not measured","ChAl","8",10
"Bell",2012-02-23,NA,NA,"Sminthuridae",2,NA,NA,"not measured","ChAl","8",10
"Bell",2012-02-23,NA,NA,"Solifugae",1,NA,NA,"not measured","ChAl","8",10
"Bell",2012-02-23,NA,NA,"Acari",5,NA,NA,"not measured","ChAl","9",10
"Bell",2012-02-23,NA,NA,"Meinertellidae",1,NA,NA,"not measured","ChAl","9",10
"Bell",2012-02-23,NA,NA,"Sminthuridae",1,NA,NA,"not measured","ChAl","9",10
"Bell",2012-02-23,NA,NA,"Acari",1,NA,NA,"not measured","ChAl","10",10
"Bell",2012-02-23,NA,NA,"Bethylidae",1,NA,NA,"not measured","ChAl","10",10
"Bell",2012-02-23,NA,NA,"Opiliones",1,NA,NA,"not measured","ChAl","10",10
"Bell",2012-02-23,NA,NA,"Sminthuridae",2,NA,NA,"not measured","ChAl","10",10
"Bell",2012-02-23,NA,NA,"Solifugae",1,NA,NA,"not measured","ChAl","10",10
"Bell",2012-04-26,"Water in all traps from rain the previous night and that morning.Preserved with 70% isopropyl alcohol.",NA,"Cryptoglossa",2,NA,NA,"greater than 10 mm","ChAl","1",10
"Bell",2012-04-26,"Water in all traps from rain the previous night and that morning.Preserved with 70% isopropyl alcohol.",NA,"Eleodes armata",1,NA,NA,"greater than 10 mm","ChAl","1",10
"Bell",2012-04-26,"Water in all traps from rain the previous night and that morning.Preserved with 70% isopropyl alcohol.",NA,"Lepismatidae",2,NA,NA,"not measured","ChAl","1",10
"Bell",2012-04-26,"Water in all traps from rain the previous night and that morning.Preserved with 70% isopropyl alcohol.",NA,"Meinertellidae",6,NA,NA,"not measured","ChAl","1",10
"Bell",2012-04-26,"Water in all traps from rain the previous night and that morning.Preserved with 70% isopropyl alcohol.",NA,"Mutillidae",1,NA,NA,"not measured","ChAl","1",10
"Bell",2012-04-26,"Water in all traps from rain the previous night and that morning.Preserved with 70% isopropyl alcohol.",NA,"Pheidole xerophila",12,NA,NA,"not measured","ChAl","1",10
"Bell",2012-04-26,"Water in all traps from rain the previous night and that morning.Preserved with 70% isopropyl alcohol.",NA,"Vaejovidae",1,NA,NA,"not measured","ChAl","1",10
"Bell",2012-04-26,"Water in all traps from rain the previous night and that morning.",NA,"Agroeca",1,NA,NA,"not measured","ChAl","2",10
"Bell",2012-04-26,"Water in all traps from rain the previous night and that morning.",NA,"Lepismatidae",1,NA,NA,"not measured","ChAl","2",10
"Bell",2012-04-26,"Water in all traps from rain the previous night and that morning.",NA,"Solifugae",1,NA,NA,"not measured","ChAl","2",10
"Bell",2012-04-26,"Water in all traps from rain the previous night and that morning; Preserved with 70% isopropyl alcohol.",NA,"Cryptoglossa",2,NA,NA,"greater than 10 mm","ChAl","3",10
"Bell",2012-04-26,"Water in all traps from rain the previous night and that morning; Preserved with 70% isopropyl alcohol.",NA,"Lepismatidae",5,NA,NA,"not measured","ChAl","3",10
"Bell",2012-04-26,"Water in all traps from rain the previous night and that morning; Preserved with 70% isopropyl alcohol.",NA,"Meinertellidae",28,NA,NA,"not measured","ChAl","3",10
"Bell",2012-04-26,"Water in all traps from rain the previous night and that morning; Preserved with 70% isopropyl alcohol.",NA,"Lepismatidae",4,NA,NA,"not measured","ChAl","4",10
"Bell",2012-04-26,"Water in all traps from rain the previous night and that morning; Preserved with 70% isopropyl alcohol.",NA,"Meinertellidae",1,NA,NA,"not measured","ChAl","4",10
"Bell",2012-04-26,"Water in all traps from rain the previous night and that morning; Preserved with 70% isopropyl alcohol.",NA,"Vaejovidae",1,NA,NA,"not measured","ChAl","4",10
"Bell",2012-04-26,"Water in all traps from rain the previous night and that morning; Preserved with 70% isopropyl alcohol.",NA,"Forelius pruinosus",4,NA,NA,"not measured","ChAl","5",10
"Bell",2012-04-26,"Water in all traps from rain the previous night and that morning; Preserved with 70% isopropyl alcohol.",NA,"Lepismatidae",4,NA,NA,"not measured","ChAl","5",10
"Bell",2012-04-26,"Water in all traps from rain the previous night and that morning; Preserved with 70% isopropyl alcohol.",NA,"Meinertellidae",10,NA,NA,"not measured","ChAl","5",10
"Bell",2012-04-26,"Water in all traps from rain the previous night and that morning; Preserved with 70% isopropyl alcohol.",NA,"Pheidole",1,NA,NA,"not measured","ChAl","5",10
"Bell",2012-04-26,"Water in all traps from rain the previous night and that morning; Preserved with 70% isopropyl alcohol.",NA,"Acari",1,NA,NA,"not measured","ChAl","6",10
"Bell",2012-04-26,"Water in all traps from rain the previous night and that morning; Preserved with 70% isopropyl alcohol.",NA,"Lepismatidae",2,NA,NA,"not measured","ChAl","6",10
"Bell",2012-04-26,"Water in all traps from rain the previous night and that morning; Preserved with 70% isopropyl alcohol.",NA,"Meinertellidae",5,NA,NA,"not measured","ChAl","6",10
"Bell",2012-04-26,"Water in all traps from rain the previous night and that morning; Preserved with 70% isopropyl alcohol.",NA,"Dorymyrmex insanus",1,NA,NA,"not measured","ChAl","7",10
"Bell",2012-04-26,"Water in all traps from rain the previous night and that morning; Preserved with 70% isopropyl alcohol.",NA,"Forelius pruinosus",1,NA,NA,"not measured","ChAl","7",10
"Bell",2012-04-26,"Water in all traps from rain the previous night and that morning; Preserved with 70% isopropyl alcohol.",NA,"Vaejovidae",1,NA,NA,"not measured","ChAl","7",10
"Bell",2012-04-26,"Water in all traps from rain the previous night and that morning; Preserved with 70% isopropyl alcohol.",NA,"Anepsius",1,NA,NA,"between 2 and 5 mm","ChAl","8",10
"Bell",2012-04-26,"Water in all traps from rain the previous night and that morning; Preserved with 70% isopropyl alcohol.",NA,"Lepismatidae",3,NA,NA,"not measured","ChAl","8",10
"Bell",2012-04-26,"Water in all traps from rain the previous night and that morning; Preserved with 70% isopropyl alcohol.",NA,"Meinertellidae",3,NA,NA,"not measured","ChAl","8",10
"Bell",2012-04-26,"Water in all traps from rain the previous night and that morning; Preserved with 70% isopropyl alcohol.",NA,"Thripidae",1,NA,NA,"not measured","ChAl","8",10
"Bell",2012-04-26,"Water in all traps from rain the previous night and that morning; Preserved with 70% isopropyl alcohol.",NA,"Steriphanus",1,NA,NA,"between 5 and 10 mm","ChAl","9",10
"Bell",2012-04-26,"Water in all traps from rain the previous night and that morning; Preserved with 70% isopropyl alcohol.",NA,"Aphididae",1,NA,NA,"not measured","ChAl","10",10
"Bell",2012-04-26,"Water in all traps from rain the previous night and that morning; Preserved with 70% isopropyl alcohol.",NA,"Cryptoglossa",1,NA,NA,"not measured","ChAl","10",10
"Bell",2012-04-26,"Water in all traps from rain the previous night and that morning; Preserved with 70% isopropyl alcohol.",NA,"Meinertellidae",1,NA,NA,"not measured","ChAl","10",10
"Bell",2012-04-26,"Water in all traps from rain the previous night and that morning; Preserved with 70% isopropyl alcohol.",NA,"Mutillidae",1,NA,NA,"not measured","ChAl","10",10
"Bell",2012-04-26,"Water in all traps from rain the previous night and that morning; Preserved with 70% isopropyl alcohol.",NA,"Vaejovidae",1,NA,NA,"not measured","ChAl","10",10
"Bell",2012-07-27,"Water in all traps from rain the prev. night and that morning; Preserved w/ 70% isopropyl alcohol.",NA,"Lepismatidae",4,NA,NA,"not measured","ChAl","1",10
"Bell",2012-07-27,"Water in all traps from rain the prev. night and that morning; Preserved w/ 70% isopropyl alcohol.",NA,"Pheidole xerophila",8,NA,NA,"not measured","ChAl","1",10
"Bell",2012-07-27,"Water in all traps from rain the prev. night and that morning; Preserved w/ 70% isopropyl alcohol.",NA,"Forelius pruinosus",1,NA,NA,"not measured","ChAl","2",10
"Bell",2012-07-27,"Water in all traps from rain the prev. night and that morning; Preserved w/ 70% isopropyl alcohol.",NA,"Lepismatidae",1,NA,NA,"not measured","ChAl","2",10
"Bell",2012-07-27,"Water in all traps from rain the prev. night and that morning; Preserved w/ 70% isopropyl alcohol.",NA,"Mantodea",1,"TRUE",NA,"not measured","ChAl","2",10
"Bell",2012-07-27,"Water in all traps from rain the prev. night and that morning; Preserved w/ 70% isopropyl alcohol.",NA,"Solenopsis xyloni",1,NA,NA,"not measured","ChAl","2",10
"Bell",2012-07-27,"Water in all traps from rain the prev. night and that morning; Preserved w/ 70% isopropyl alcohol.",NA,"Solifugae",2,NA,NA,"not measured","ChAl","2",10
"Bell",2012-07-27,"Water in all traps from rain the prev. night and that morning.Preserved w/ 70% isopropyl alcohol.",NA,"Forelius pruinosus",1,NA,NA,"not measured","ChAl","3",10
"Bell",2012-07-27,"Water in all traps from rain the prev. night and that morning; Preserved w/ 70% isopropyl alcohol.",NA,"Lepismatidae",2,NA,NA,"not measured","ChAl","4",10
"Bell",2012-07-27,"Water in all traps from rain the prev. night and that morning; Preserved w/ 70% isopropyl alcohol.",NA,"Acari",6,NA,NA,"not measured","ChAl","5",10
"Bell",2012-07-27,"Water in all traps from rain the prev. night and that morning; Preserved w/ 70% isopropyl alcohol.",NA,"Dorymyrmex insanus",1,NA,NA,"not measured","ChAl","5",10
"Bell",2012-07-27,"Water in all traps from rain the prev. night and that morning; Preserved w/ 70% isopropyl alcohol.",NA,"Lepismatidae",2,NA,NA,"not measured","ChAl","5",10
"Bell",2012-07-27,"Water in all traps from rain the prev. night and that morning; Preserved w/ 70% isopropyl alcohol.",NA,"Solenopsis xyloni",1,NA,NA,"not measured","ChAl","5",10
"Bell",2012-07-27,"Water in all traps from rain the prev. night and that morning; Preserved w/ 70% isopropyl alcohol.",NA,"Unknown",1,"TRUE",NA,"less than 2 mm","ChAl","5",10
"Bell",2012-07-27,"Water in all traps from rain the prev. night and that morning; Preserved w/ 70% isopropyl alcohol.",NA,"Acari",1,NA,NA,"not measured","ChAl","6",10
"Bell",2012-07-27,"Water in all traps from rain the prev. night and that morning; Preserved w/ 70% isopropyl alcohol.",NA,"Lepismatidae",17,NA,NA,"not measured","ChAl","6",10
"Bell",2012-07-27,"Water in all traps from rain the prev. night and that morning; Preserved w/ 70% isopropyl alcohol.",NA,"Cryptoglossa",1,NA,NA,"greater than 10 mm","ChAl","7",10
"Bell",2012-07-27,"Water in all traps from rain the prev. night and that morning; Preserved w/ 70% isopropyl alcohol.",NA,"Lepismatidae",12,NA,NA,"not measured","ChAl","7",10
"Bell",2012-07-27,"Water in all traps from rain the prev. night and that morning; Preserved w/ 70% isopropyl alcohol.",NA,"Pheidole",1,NA,NA,"not measured","ChAl","7",10
"Bell",2012-07-27,"Water in all traps from rain the prev. night and that morning.Preserved w/ 70% isopropyl alcohol.",NA,"Forelius pruinosus",4,NA,NA,"not measured","ChAl","8",10
"Bell",2012-07-27,"Water in all traps from rain the prev. night and that morning.Preserved w/ 70% isopropyl alcohol.",NA,"Lepismatidae",5,NA,NA,"not measured","ChAl","8",10
"Bell",2012-07-27,"Water in all traps from rain the prev. night and that morning.Preserved w/ 70% isopropyl alcohol.",NA,"Pheidole",1,NA,NA,"not measured","ChAl","8",10
"Bell",2012-07-27,"Water in all traps from rain the prev. night and that morning; Preserved w/ 70% isopropyl alcohol.",NA,"Lepismatidae",5,NA,NA,"not measured","ChAl","9",10
"Bell",2012-07-27,"Water in all traps from rain the prev. night and that morning; Preserved w/ 70% isopropyl alcohol.",NA,"Lepismatidae",14,NA,NA,"not measured","ChAl","10",10
"Bell",2012-07-27,"Water in all traps from rain the prev. night and that morning; Preserved w/ 70% isopropyl alcohol.",NA,"Pheidole",1,NA,NA,"not measured","ChAl","10",10
"Bell",2012-11-09,NA,NA,"Eleodes armata",1,NA,NA,"greater than 10 mm","ChAl","1",10
"Bell",2012-11-09,NA,NA,"Lepismatidae",1,NA,NA,"not measured","ChAl","1",10
"Bell",2012-11-09,NA,NA,"Mutillidae",1,NA,NA,"not measured","ChAl","1",10
"Bell",2012-11-09,NA,NA,"Pheidole desertorum",1,NA,NA,"not measured","ChAl","1",10
"Bell",2012-11-09,NA,NA,"Pheidole xerophila",1,NA,NA,"not measured","ChAl","1",10
"Bell",2012-11-09,NA,NA,"Scolopendridae",1,NA,NA,"not measured","ChAl","1",10
"Bell",2012-11-09,NA,NA,"Thinoxenus",1,NA,NA,"not measured","ChAl","1",10
"Bell",2012-11-09,NA,NA,"Entomobryidae",1,NA,NA,"not measured","ChAl","2",10
"Bell",2012-11-09,NA,NA,"Forelius pruinosus",1,NA,NA,"not measured","ChAl","2",10
"Bell",2012-11-09,"NO arthropods","empty_trap",NA,NA,NA,NA,NA,NA,"3",10
"Bell",2012-11-09,NA,NA,"Mutillidae",1,NA,NA,"not measured","ChAl","4",10
"Bell",2012-11-09,NA,NA,"Entomobryidae",1,NA,NA,"not measured","ChAl","5",10
"Bell",2012-11-09,NA,NA,"Xysticus",1,NA,NA,"not measured","ChAl","5",10
"Bell",2012-11-09,NA,NA,"Entomobryidae",1,NA,NA,"not measured","ChAl","6",10
"Bell",2012-11-09,NA,NA,"Solenopsis xyloni",1,NA,NA,"not measured","ChAl","6",10
"Bell",2012-11-09,NA,NA,"Entomobryidae",1,NA,NA,"not measured","ChAl","7",10
"Bell",2012-11-09,NA,NA,"Entomobryidae",1,NA,NA,"not measured","ChAl","8",10
"Bell",2012-11-09,NA,NA,"Solifugae",1,NA,NA,"not measured","ChAl","8",10
"Bell",2012-11-09,NA,NA,"Entomobryidae",5,NA,NA,"not measured","ChAl","9",10
"Bell",2012-11-09,NA,NA,"Lepismatidae",1,NA,NA,"not measured","ChAl","9",10
"Bell",2012-11-09,NA,NA,"Solifugae",1,NA,NA,"not measured","ChAl","9",10
"Bell",2012-11-09,NA,NA,"Eucyllus",1,NA,NA,"not measured","ChAl","10",10
"Bell",2012-11-09,NA,NA,"Lepismatidae",1,NA,NA,"not measured","ChAl","10",10
"Bell",2013-03-01,NA,NA,"Aphididae",2,NA,NA,"not measured","ChAl","1",10
"Bell",2013-03-01,NA,NA,"Chrysomelidae",1,"TRUE",NA,"not measured","ChAl","1",10
"Bell",2013-03-01,NA,NA,"Sminthuridae",1,NA,NA,"not measured","ChAl","1",10
"Bell",2013-03-01,NA,NA,"Entomobryidae",1,NA,NA,"not measured","ChAl","2",10
"Bell",2013-03-01,NA,NA,"Erythraeidae",1,NA,NA,"not measured","ChAl","2",10
"Bell",2013-03-01,NA,NA,"Sminthuridae",1,NA,NA,"not measured","ChAl","2",10
"Bell",2013-03-01,NA,NA,"Termitidae",22,NA,NA,"not measured","ChAl","2",10
"Bell",2013-03-01,NA,NA,"Xysticus",1,NA,NA,"not measured","ChAl","2",10
"Bell",2013-03-01,NA,NA,"Entomobryidae",2,NA,NA,"not measured","ChAl","3",10
"Bell",2013-03-01,NA,NA,"Hemiptera",1,"TRUE",NA,"not measured","ChAl","3",10
"Bell",2013-03-01,NA,NA,"Hypogastruridae",1,NA,NA,"not measured","ChAl","3",10
"Bell",2013-03-01,NA,NA,"Oribatida",1,NA,NA,"not measured","ChAl","3",10
"Bell",2013-03-01,NA,NA,"Phyllotreta",1,NA,NA,"not measured","ChAl","3",10
"Bell",2013-03-01,NA,NA,"Ptomaphagus",1,NA,NA,"not measured","ChAl","3",10
"Bell",2013-03-01,NA,NA,"Sminthuridae",2,NA,NA,"not measured","ChAl","3",10
"Bell",2013-03-01,NA,NA,"Drassyllus",1,NA,NA,"not measured","ChAl","4",10
"Bell",2013-03-01,NA,NA,"Sminthuridae",1,NA,NA,"not measured","ChAl","4",10
"Bell",2013-03-01,NA,NA,"Sminthuridae",1,NA,NA,"not measured","ChAl","5",10
"Bell",2013-03-01,NA,NA,"Chrysomelidae",1,"TRUE",NA,"not measured","ChAl","6",10
"Bell",2013-03-01,NA,NA,"Entomobryidae",2,NA,NA,"not measured","ChAl","6",10
"Bell",2013-03-01,NA,NA,"Erythraeidae",1,NA,NA,"not measured","ChAl","6",10
"Bell",2013-03-01,NA,NA,"Sminthuridae",4,NA,NA,"not measured","ChAl","6",10
"Bell",2013-03-01,NA,NA,"Aphididae",3,NA,NA,"not measured","ChAl","7",10
"Bell",2013-03-01,NA,NA,"Entomobryidae",1,NA,NA,"not measured","ChAl","7",10
"Bell",2013-03-01,NA,NA,"Meinertellidae",1,NA,NA,"not measured","ChAl","7",10
"Bell",2013-03-01,NA,NA,"Sminthuridae",1,NA,NA,"not measured","ChAl","7",10
"Bell",2013-03-01,NA,NA,"Aphididae",1,NA,NA,"not measured","ChAl","8",10
"Bell",2013-03-01,"No arthropods","empty_trap",NA,NA,NA,NA,NA,NA,"9",10
"Bell",2013-03-01,NA,NA,"Acari",3,NA,NA,"not measured","ChAl","10",10
"Bell",2013-03-01,NA,NA,"Opiliones",1,NA,NA,"not measured","ChAl","10",10
"Bell",2013-03-01,NA,NA,"Phytocoris",1,NA,NA,"not measured","ChAl","10",10
"Bell",2013-04-19,NA,NA,"Chrysomelidae",1,"TRUE",NA,"not measured","ChAl","1",10
"Bell",2013-04-19,NA,NA,"Pheidole xerophila",1,NA,NA,"not measured","ChAl","1",10
"Bell",2013-04-19,NA,NA,"Acariformes",2,NA,NA,"not measured","ChAl","2",10
"Bell",2013-04-19,NA,NA,"Batuliodes",1,NA,NA,"between 2 and 5 mm","ChAl","2",10
"Bell",2013-04-19,NA,NA,"Ceratagallia (Aceratagallia)",1,NA,NA,"not measured","ChAl","2",10
"Bell",2013-04-19,NA,NA,"Coleoptera",4,"TRUE",NA,"not measured","ChAl","2",10
"Bell",2013-04-19,NA,NA,"Entomobryidae",1,NA,NA,"not measured","ChAl","2",10
"Bell",2013-04-19,NA,NA,"Forelius pruinosus",1,NA,NA,"not measured","ChAl","2",10
"Bell",2013-04-19,NA,NA,"Meinertellidae",4,NA,NA,"not measured","ChAl","2",10
"Bell",2013-04-19,NA,NA,"Nocibiotes",1,NA,NA,"between 2 and 5 mm","ChAl","2",10
"Bell",2013-04-19,NA,NA,"Termitidae",14,NA,NA,"not measured","ChAl","2",10
"Bell",2013-04-19,NA,NA,"Acariformes",1,NA,NA,"not measured","ChAl","3",10
"Bell",2013-04-19,NA,NA,"Chrysomelidae",1,"TRUE",NA,"not measured","ChAl","3",10
"Bell",2013-04-19,NA,NA,"Cryptoglossa",1,NA,NA,"greater than 10 mm","ChAl","3",10
"Bell",2013-04-19,NA,NA,"Entomobryidae",3,NA,NA,"not measured","ChAl","3",10
"Bell",2013-04-19,NA,NA,"Forelius pruinosus",2,NA,NA,"not measured","ChAl","3",10
"Bell",2013-04-19,NA,NA,"Nocibiotes",1,NA,NA,"between 5 and 10 mm","ChAl","3",10
"Bell",2013-04-19,NA,NA,"Termitidae",1,NA,NA,"not measured","ChAl","3",10
"Bell",2013-04-19,NA,NA,"Mutillidae",1,NA,NA,"not measured","ChAl","4",10
"Bell",2013-04-19,NA,NA,"Termitidae",6,NA,NA,"not measured","ChAl","4",10
"Bell",2013-04-19,NA,NA,"Aphididae",2,NA,NA,"not measured","ChAl","5",10
"Bell",2013-04-19,NA,NA,"Dorymyrmex insanus",1,NA,NA,"not measured","ChAl","5",10
"Bell",2013-04-19,NA,NA,"Forelius pruinosus",1,NA,NA,"not measured","ChAl","5",10
"Bell",2013-04-19,NA,NA,"Hemiptera",2,"TRUE",NA,"not measured","ChAl","5",10
"Bell",2013-04-19,NA,NA,"Pheidole",4,NA,NA,"not measured","ChAl","5",10
"Bell",2013-04-19,NA,NA,"Triorophus",1,NA,NA,"between 5 and 10 mm","ChAl","5",10
"Bell",2013-04-19,NA,NA,"Coleoptera",4,"TRUE",NA,"not measured","ChAl","6",10
"Bell",2013-04-19,NA,NA,"Forelius pruinosus",1,NA,NA,"not measured","ChAl","6",10
"Bell",2013-04-19,NA,NA,"Lepismatidae",5,NA,NA,"not measured","ChAl","6",10
"Bell",2013-04-19,NA,NA,"Coleoptera",1,"TRUE",NA,"not measured","ChAl","7",10
"Bell",2013-04-19,NA,NA,"Mantodea",1,"TRUE",NA,"not measured","ChAl","7",10
"Bell",2013-04-19,NA,NA,"Meinertellidae",4,NA,NA,"not measured","ChAl","7",10
"Bell",2013-04-19,NA,NA,"Solenopsis xyloni",1,NA,NA,"not measured","ChAl","7",10
"Bell",2013-04-19,NA,NA,"Chrysomelidae",1,"TRUE",NA,"not measured","ChAl","8",10
"Bell",2013-04-19,NA,NA,"Coleoptera",2,"TRUE",NA,"not measured","ChAl","8",10
"Bell",2013-04-19,NA,NA,"Entomobryidae",1,NA,NA,"not measured","ChAl","8",10
"Bell",2013-04-19,NA,NA,"Forelius pruinosus",1,NA,NA,"not measured","ChAl","8",10
"Bell",2013-04-19,NA,NA,"Cicadellidae",1,"TRUE",NA,"not measured","ChAl","9",10
"Bell",2013-04-19,NA,NA,"Coleoptera",1,"TRUE",NA,"not measured","ChAl","9",10
"Bell",2013-04-19,NA,NA,"Entomobryidae",2,NA,NA,"not measured","ChAl","9",10
"Bell",2013-04-19,NA,NA,"Forelius pruinosus",2,NA,NA,"not measured","ChAl","9",10
"Bell",2013-04-19,NA,NA,"Meinertellidae",1,NA,NA,"not measured","ChAl","9",10
"Bell",2013-04-19,NA,NA,"Acariformes",2,NA,NA,"not measured","ChAl","10",10
"Bell",2013-04-19,NA,NA,"Coleoptera",1,"TRUE",NA,"not measured","ChAl","10",10
"Bell",2013-04-19,NA,NA,"Formicidae",1,NA,"TRUE","not measured","ChAl","10",10
"Bell",2013-04-19,NA,NA,"Lepismatidae",1,NA,NA,"not measured","ChAl","10",10
"Bell",2013-04-19,NA,NA,"Meinertellidae",15,NA,NA,"not measured","ChAl","10",10
"Bell",2013-04-19,NA,NA,"Pheidole",1,NA,NA,"not measured","ChAl","10",10
"Bell",2013-08-13,NA,NA,"Lepismatidae",1,NA,NA,"not measured","ChAl","1",10
"Bell",2013-08-13,NA,NA,"Solenopsis xyloni",10,NA,NA,"not measured","ChAl","1",10
"Bell",2013-08-13,NA,NA,"Vaejovidae",1,NA,NA,"not measured","ChAl","1",10
"Bell",2013-08-13,NA,NA,"Caeculidae",2,NA,NA,"not measured","ChAl","2",10
"Bell",2013-08-13,NA,NA,"Lepismatidae",1,NA,NA,"not measured","ChAl","3",10
"Bell",2013-08-13,NA,NA,"Solenopsis xyloni",5,NA,NA,"not measured","ChAl","3",10
"Bell",2013-08-13,NA,NA,"Entomobryidae",3,NA,NA,"not measured","ChAl","4",10
"Bell",2013-08-13,NA,NA,"Lepismatidae",3,NA,NA,"not measured","ChAl","4",10
"Bell",2013-08-13,NA,NA,"Solenopsis xyloni",1,NA,NA,"not measured","ChAl","4",10
"Bell",2013-08-13,NA,NA,"Solenopsis xyloni",82,NA,NA,"not measured","ChAl","5",10
"Bell",2013-08-13,"No arthropods","empty_trap",NA,NA,NA,NA,NA,NA,"6",10
"Bell",2013-08-13,NA,NA,"Forelius pruinosus",39,NA,NA,"not measured","ChAl","7",10
"Bell",2013-08-13,NA,NA,"Solenopsis xyloni",56,NA,NA,"not measured","ChAl","7",10
"Bell",2013-08-13,"No arthropods","empty_trap",NA,NA,NA,NA,NA,NA,"8",10
"Bell",2013-08-13,NA,NA,"Anystidae",3,NA,NA,"not measured","ChAl","9",10
"Bell",2013-08-13,NA,NA,"Entomobryidae",2,NA,NA,"not measured","ChAl","9",10
"Bell",2013-08-13,NA,NA,"Lepismatidae",1,NA,NA,"not measured","ChAl","9",10
"Bell",2013-08-13,NA,NA,"Solenopsis xyloni",7,NA,NA,"not measured","ChAl","9",10
"Bell",2013-08-13,"No arthropods","empty_trap",NA,NA,NA,NA,NA,NA,"10",10
"Bell",2014-01-03,NA,NA,"Pyralidae",1,NA,NA,"not measured","ChAl","1",10
"Bell",2014-01-03,NA,NA,"Sminthuridae",1,NA,NA,"not measured","ChAl","1",10
"Bell",2014-01-03,NA,NA,"Solenopsis xyloni",1,NA,NA,"not measured","ChAl","1",10
"Bell",2014-01-03,NA,NA,"Pyralidae",1,"TRUE",NA,"not measured","ChAl","2",10
"Bell",2014-01-03,NA,NA,"Stenomorpha hispidula",1,NA,NA,"greater than 10 mm","ChAl","2",10
"Bell",2014-01-03,NA,NA,"Noctuidae",2,"TRUE",NA,"not measured","ChAl","3",10
"Bell",2014-01-03,NA,NA,"Opiliones",4,NA,NA,"not measured","ChAl","3",10
"Bell",2014-01-03,NA,NA,"Ptomaphagus",2,NA,NA,"not measured","ChAl","3",10
"Bell",2014-01-03,NA,NA,"Pyralidae",2,"TRUE",NA,"not measured","ChAl","3",10
"Bell",2014-01-03,NA,NA,"Siphonaptera",1,NA,NA,"not measured","ChAl","3",10
"Bell",2014-01-03,NA,NA,"Solenopsis xyloni",1,NA,NA,"not measured","ChAl","3",10
"Bell",2014-01-03,NA,NA,"Spirobolida",1,NA,NA,"not measured","ChAl","3",10
"Bell",2014-01-03,NA,NA,"Stenomorpha hispidula",1,NA,NA,"greater than 10 mm","ChAl","3",10
"Bell",2014-01-03,NA,NA,"Acari",1,NA,NA,"not measured","ChAl","4",10
"Bell",2014-01-03,NA,NA,"Coleoptera",1,"TRUE",NA,"not measured","ChAl","4",10
"Bell",2014-01-03,NA,NA,"Pyralidae",2,"TRUE",NA,"not measured","ChAl","4",10
"Bell",2014-01-03,NA,NA,"Pyralidae",1,"TRUE",NA,"not measured","ChAl","5",10
"Bell",2014-01-03,NA,NA,"Solenopsis xyloni",2,NA,NA,"not measured","ChAl","5",10
"Bell",2014-01-03,NA,NA,"Caeculidae",1,NA,NA,"not measured","ChAl","6",10
"Bell",2014-01-03,NA,NA,"Noctuidae",3,"TRUE",NA,"not measured","ChAl","6",10
"Bell",2014-01-03,NA,NA,"Oribatida",1,NA,NA,"not measured","ChAl","6",10
"Bell",2014-01-03,NA,NA,"Sminthuridae",2,NA,NA,"not measured","ChAl","6",10
"Bell",2014-01-03,NA,NA,"Coleoptera",1,"TRUE",NA,"not measured","ChAl","7",10
"Bell",2014-01-03,NA,NA,"Noctuidae",3,"TRUE",NA,"not measured","ChAl","7",10
"Bell",2014-01-03,NA,NA,"Spirobolida",1,NA,NA,"not measured","ChAl","7",10
"Bell",2014-01-03,NA,NA,"Mutillidae",1,NA,NA,"not measured","ChAl","8",10
"Bell",2014-01-03,NA,NA,"Noctuidae",2,"TRUE",NA,"not measured","ChAl","9",10
"Bell",2014-01-03,NA,NA,"Solenopsis xyloni",2,NA,NA,"not measured","ChAl","9",10
"Bell",2014-01-03,NA,NA,"Linyphiidae",1,NA,NA,"not measured","ChAl","10",10
"Bell",2014-01-03,NA,NA,"Opiliones",1,NA,NA,"not measured","ChAl","10",10
"Bell",2014-01-03,NA,NA,"Psilochorus",1,NA,NA,"not measured","ChAl","10",10
"Bell",2014-01-03,NA,NA,"Xysticus",1,NA,NA,"not measured","ChAl","10",10
"Bell",2014-02-27,NA,NA,"Cicadellidae",1,"TRUE",NA,"not measured","RoOr","1",10
"Bell",2014-02-27,"No Arthropods","empty_trap",NA,NA,NA,NA,NA,NA,"2",10
"Bell",2014-02-27,NA,NA,"Anystidae",2,NA,NA,"not measured","RoOr","3",10
"Bell",2014-02-27,NA,NA,"Entomobryidae",1,NA,NA,"not measured","RoOr","3",10
"Bell",2014-02-27,NA,NA,"Lygaeidae",1,"TRUE",NA,"not measured","RoOr","3",10
"Bell",2014-02-27,NA,NA,"Opiliones",1,NA,NA,"not measured","RoOr","3",10
"Bell",2014-02-27,NA,NA,"Thripidae",1,NA,NA,"not measured","RoOr","3",10
"Bell",2014-02-27,"No Arthropods","empty_trap",NA,NA,NA,NA,NA,NA,"4",10
"Bell",2014-02-27,NA,NA,"Acari",1,NA,NA,"not measured","RoOr","5",10
"Bell",2014-02-27,NA,NA,"Bdellidae",1,NA,NA,"not measured","RoOr","6",10
"Bell",2014-02-27,NA,NA,"Entomobryidae",2,NA,NA,"not measured","RoOr","6",10
"Bell",2014-02-27,NA,NA,"Erythraeoidea",1,NA,NA,"not measured","RoOr","6",10
"Bell",2014-02-27,NA,NA,"Hemiptera",3,"TRUE",NA,"not measured","RoOr","6",10
"Bell",2014-02-27,NA,NA,"Phytocoris",2,NA,NA,"not measured","RoOr","6",10
"Bell",2014-02-27,NA,NA,"Acari",2,NA,NA,"not measured","RoOr","7",10
"Bell",2014-02-27,"No Arthropods","empty_trap",NA,NA,NA,NA,NA,NA,"8",10
"Bell",2014-02-27,NA,NA,"Phytocoris",1,NA,NA,"not measured","RoOr","9",10
"Bell",2014-02-27,NA,NA,"Meinertellidae",1,NA,NA,"not measured","RoOr","10",10
"Bell",2014-02-27,NA,NA,"Stenomorpha parallela",1,NA,NA,"not measured","RoOr","10",10
"Bell",2014-04-18,NA,NA,"Psilochorus",1,NA,NA,"not measured","RoOr","1",10
"Bell",2014-04-18,NA,NA,"Solenopsis xyloni",2,NA,NA,"not measured","RoOr","1",10
"Bell",2014-04-18,NA,NA,"Anystoidea",1,NA,NA,"not measured","RoOr","2",10
"Bell",2014-04-18,NA,NA,"Cryptoglossa",1,NA,NA,"greater than 10 mm","RoOr","2",10
"Bell",2014-04-18,NA,NA,"Meinertellidae",8,NA,NA,"not measured","RoOr","2",10
"Bell",2014-04-18,NA,NA,"Mutillidae",1,NA,NA,"not measured","RoOr","2",10
"Bell",2014-04-18,NA,NA,"Oribatida",1,NA,NA,"not measured","RoOr","2",10
"Bell",2014-04-18,NA,NA,"Emblethis",1,NA,NA,"not measured","RoOr","3",10
"Bell",2014-04-18,NA,NA,"Entomobryidae",1,NA,NA,"not measured","RoOr","3",10
"Bell",2014-04-18,NA,NA,"Lepismatidae",1,NA,NA,"not measured","RoOr","3",10
"Bell",2014-04-18,NA,NA,"Ligyrocoris",1,NA,NA,"not measured","RoOr","3",10
"Bell",2014-04-18,NA,NA,"Meinertellidae",13,NA,NA,"not measured","RoOr","3",10
"Bell",2014-04-18,NA,NA,"Solenopsis xyloni",1,NA,NA,"not measured","RoOr","3",10
"Bell",2014-04-18,NA,NA,"Spanagonicus",1,NA,NA,"not measured","RoOr","3",10
"Bell",2014-04-18,NA,NA,"Anystoidea",2,NA,NA,"not measured","RoOr","4",10
"Bell",2014-04-18,NA,NA,"Drassyllus",1,NA,NA,"not measured","RoOr","4",10
"Bell",2014-04-18,NA,NA,"Entomobryidae",1,NA,NA,"not measured","RoOr","4",10
"Bell",2014-04-18,NA,NA,"Meinertellidae",3,NA,NA,"not measured","RoOr","4",10
"Bell",2014-04-18,NA,NA,"Metaphidippus",1,NA,NA,"not measured","RoOr","4",10
"Bell",2014-04-18,NA,NA,"Thripidae",1,NA,NA,"not measured","RoOr","4",10
"Bell",2014-04-18,NA,NA,"Solenopsis xyloni",2,NA,NA,"not measured","RoOr","5",10
"Bell",2014-04-18,NA,NA,"Anystoidea",2,NA,NA,"not measured","RoOr","6",10
"Bell",2014-04-18,NA,NA,"Coleoptera",1,"TRUE",NA,"not measured","RoOr","6",10
"Bell",2014-04-18,NA,NA,"Hadrurus arizonensis",1,NA,NA,"not measured","RoOr","6",10
"Bell",2014-04-18,NA,NA,"Lepismatidae",2,NA,NA,"not measured","RoOr","6",10
"Bell",2014-04-18,NA,NA,"Meinertellidae",6,NA,NA,"not measured","RoOr","6",10
"Bell",2014-04-18,NA,NA,"Thripidae",1,NA,NA,"not measured","RoOr","6",10
"Bell",2014-04-18,NA,NA,"Bdellidae",1,NA,NA,"not measured","RoOr","7",10
"Bell",2014-04-18,NA,NA,"Lepismatidae",1,NA,NA,"not measured","RoOr","7",10
"Bell",2014-04-18,NA,NA,"Meinertellidae",3,NA,NA,"not measured","RoOr","7",10
"Bell",2014-04-18,NA,NA,"Nocibiotes",1,NA,NA,"between 2 and 5 mm","RoOr","7",10
"Bell",2014-04-18,NA,NA,"Psilochorus",1,NA,NA,"not measured","RoOr","8",10
"Bell",2014-04-18,NA,NA,"Anystoidea",1,NA,NA,"not measured","RoOr","9",10
"Bell",2014-04-18,NA,NA,"Bdellidae",1,NA,NA,"not measured","RoOr","9",10
"Bell",2014-04-18,NA,NA,"Forelius pruinosus",1,NA,NA,"not measured","RoOr","9",10
"Bell",2014-04-18,NA,NA,"Meinertellidae",8,NA,NA,"not measured","RoOr","9",10
"Bell",2014-04-18,NA,NA,"Nocibiotes",3,NA,NA,"between 2 and 5 mm","RoOr","9",10
"Bell",2014-04-18,NA,NA,"Psilochorus",1,NA,NA,"not measured","RoOr","9",10
"Bell",2014-04-18,NA,NA,"Anystoidea",1,NA,NA,"not measured","RoOr","10",10
"Bell",2014-04-18,NA,NA,"Entomobryidae",2,NA,NA,"not measured","RoOr","10",10
"Bell",2014-04-18,NA,NA,"Erythraeoidea",1,NA,NA,"not measured","RoOr","10",10
"Bell",2014-04-18,NA,NA,"Lepismatidae",1,NA,NA,"not measured","RoOr","10",10
"Bell",2014-04-18,NA,NA,"Meinertellidae",2,NA,NA,"not measured","RoOr","10",10
"Bell",2014-08-08,NA,NA,"Sminthuridae",2,NA,NA,"not measured","RoOr","1",10
"Bell",2014-08-08,NA,NA,"Forelius pruinosus",1,NA,NA,"not measured","RoOr","2",10
"Bell",2014-08-08,NA,NA,"Sminthuridae",2,NA,NA,"not measured","RoOr","2",10
"Bell",2014-08-08,NA,NA,"Caeculidae",2,NA,NA,"not measured","RoOr","3",10
"Bell",2014-08-08,NA,NA,"Entomobryidae",1,NA,NA,"not measured","RoOr","3",10
"Bell",2014-08-08,NA,NA,"Erythraeidae",2,NA,NA,"not measured","RoOr","3",10
"Bell",2014-08-08,NA,NA,"Forelius pruinosus",1,NA,NA,"not measured","RoOr","3",10
"Bell",2014-08-08,NA,NA,"Sminthuridae",5,NA,NA,"not measured","RoOr","3",10
"Bell",2014-08-08,NA,NA,"Anystoidea",2,NA,NA,"not measured","RoOr","4",10
"Bell",2014-08-08,NA,NA,"Pheidole xerophila",1,NA,NA,"not measured","RoOr","4",10
"Bell",2014-08-08,NA,NA,"Sminthuridae",1,NA,NA,"not measured","RoOr","4",10
"Bell",2014-08-08,NA,NA,"Hypogastruridae",1,NA,NA,"not measured","RoOr","5",10
"Bell",2014-08-08,NA,NA,"Sminthuridae",2,NA,NA,"not measured","RoOr","5",10
"Bell",2014-08-08,NA,NA,"Lepismatidae",1,NA,NA,"not measured","RoOr","6",10
"Bell",2014-08-08,NA,NA,"Nocibiotes",1,NA,NA,"between 2 and 5 mm","RoOr","6",10
"Bell",2014-08-08,NA,NA,"Sminthuridae",7,NA,NA,"not measured","RoOr","6",10
"Bell",2014-08-08,NA,NA,"Trombidioidea",2,NA,NA,"not measured","RoOr","6",10
"Bell",2014-08-08,NA,NA,"Pheidole xerophila",1,NA,NA,"not measured","RoOr","7",10
"Bell",2014-08-08,NA,NA,"Sminthuridae",3,NA,NA,"not measured","RoOr","7",10
"Bell",2014-08-08,NA,NA,"Agroeca",1,NA,NA,"not measured","RoOr","8",10
"Bell",2014-08-08,NA,NA,"Forelius pruinosus",1,NA,NA,"not measured","RoOr","9",10
"Bell",2014-08-08,NA,NA,"Vaejovidae",1,NA,NA,"not measured","RoOr","9",10
"Bell",2014-08-08,NA,NA,"Forelius pruinosus",3,NA,NA,"not measured","RoOr","10",10
"Bell",2014-08-08,NA,NA,"Pheidole xerophila",1,NA,NA,"not measured","RoOr","10",10
"Bell",2014-12-22,NA,NA,"Acari",5,NA,NA,"not measured","AnDe","1",10
"Bell",2014-12-22,NA,NA,"Pheidole",1,NA,NA,"not measured","AnDe","1",10
"Bell",2014-12-22,NA,NA,"Spirobolida",1,NA,NA,"not measured","AnDe","1",10
"Bell",2014-12-22,NA,NA,"Xysticus",1,NA,NA,"not measured","AnDe","1",10
"Bell",2014-12-22,NA,NA,"Acari",40,NA,NA,"not measured","AnDe","2",10
"Bell",2014-12-22,NA,NA,"Araneidae",1,NA,NA,"not measured","AnDe","2",10
"Bell",2014-12-22,NA,NA,"Noctuidae",1,"TRUE",NA,"not measured","AnDe","2",10
"Bell",2014-12-22,NA,NA,"Psilochorus",1,NA,NA,"not measured","AnDe","2",10
"Bell",2014-12-22,NA,NA,"Psyllidae",1,NA,NA,"not measured","AnDe","2",10
"Bell",2014-12-22,NA,NA,"Ptomaphagus",1,NA,NA,"not measured","AnDe","2",10
"Bell",2014-12-22,NA,NA,"Spirobolida",1,NA,NA,"not measured","AnDe","2",10
"Bell",2014-12-22,NA,NA,"Stenomorpha",2,NA,NA,"greater than 10 mm","AnDe","2",10
"Bell",2014-12-22,NA,NA,"Acari",7,NA,NA,"not measured","AnDe","3",10
"Bell",2014-12-22,NA,NA,"Hypogastruridae",1,NA,NA,"not measured","AnDe","3",10
"Bell",2014-12-22,NA,NA,"Ptomaphagus",1,NA,NA,"not measured","AnDe","3",10
"Bell",2014-12-22,NA,NA,"Stenomorpha",1,NA,NA,"greater than 10 mm","AnDe","3",10
"Bell",2014-12-22,NA,NA,"Tennesseellum",1,NA,NA,"not measured","AnDe","3",10
"Bell",2014-12-22,NA,NA,"Thripidae",1,NA,NA,"not measured","AnDe","3",10
"Bell",2014-12-22,NA,NA,"Acari",2,NA,NA,"not measured","AnDe","4",10
"Bell",2014-12-22,NA,NA,"Dictynidae",1,NA,NA,"not measured","AnDe","4",10
"Bell",2014-12-22,NA,NA,"Steatoda",1,NA,NA,"not measured","AnDe","4",10
"Bell",2014-12-22,NA,NA,"Tennesseellum",2,NA,NA,"not measured","AnDe","4",10
"Bell",2014-12-22,NA,NA,"Acari",4,NA,NA,"not measured","AnDe","5",10
"Bell",2014-12-22,NA,NA,"Aphididae",1,NA,NA,"not measured","AnDe","5",10
"Bell",2014-12-22,NA,NA,"Araneidae",1,NA,NA,"not measured","AnDe","5",10
"Bell",2014-12-22,NA,NA,"Bdellidae",1,NA,NA,"not measured","AnDe","5",10
"Bell",2014-12-22,NA,NA,"Mymaridae",1,NA,NA,"not measured","AnDe","5",10
"Bell",2014-12-22,NA,NA,"Acari",1,NA,NA,"not measured","AnDe","6",10
"Bell",2014-12-22,NA,NA,"Anystoidea",1,NA,NA,"not measured","AnDe","6",10
"Bell",2014-12-22,NA,NA,"Araneidae",1,NA,NA,"not measured","AnDe","6",10
"Bell",2014-12-22,NA,NA,"Psilochorus",1,NA,NA,"not measured","AnDe","6",10
"Bell",2014-12-22,NA,NA,"Ptomaphagus",3,NA,NA,"not measured","AnDe","6",10
"Bell",2014-12-22,NA,NA,"Stenomorpha",2,NA,NA,"greater than 10 mm","AnDe","6",10
"Bell",2014-12-22,NA,NA,"Xysticus",1,NA,NA,"not measured","AnDe","6",10
"Bell",2014-12-22,NA,NA,"Acari",2,NA,NA,"not measured","AnDe","7",10
"Bell",2014-12-22,NA,NA,"Ptomaphagus",1,NA,NA,"not measured","AnDe","7",10
"Bell",2014-12-22,NA,NA,"Acari",1,NA,NA,"not measured","AnDe","8",10
"Bell",2014-12-22,NA,NA,"Cecidomyiidae",1,NA,NA,"not measured","AnDe","8",10
"Bell",2014-12-22,NA,NA,"Spirobolida",1,NA,NA,"not measured","AnDe","8",10
"Bell",2014-12-22,NA,NA,"Acari",5,NA,NA,"not measured","AnDe","9",10
"Bell",2014-12-22,NA,NA,"Linyphiidae",1,NA,NA,"not measured","AnDe","9",10
"Bell",2014-12-22,NA,NA,"Ptomaphagus",1,NA,NA,"not measured","AnDe","9",10
"Bell",2014-12-22,NA,NA,"Acari",1,NA,NA,"not measured","AnDe","10",10
"Bell",2014-12-22,NA,NA,"Aleyrodidae",1,NA,NA,"not measured","AnDe","10",10
"Bell",2014-12-22,NA,NA,"Stenomorpha",1,NA,NA,"greater than 10 mm","AnDe","10",10
"Bell",2015-05-10,"Empty","empty_trap",NA,NA,NA,NA,NA,NA,"1",10
"Bell",2015-05-10,NA,NA,"Acari",1,NA,NA,"less than 2 mm","DaFl","2",10
"Bell",2015-05-10,NA,NA,"Syntomus",1,NA,NA,"not measured","DaFl","2",10
"Bell",2015-05-10,NA,NA,"Pheidole",1,NA,NA,"not measured","DaFl","3",10
"Bell",2015-05-10,NA,NA,"Cicadellidae",1,NA,NA,"not measured","DaFl","4",10
"Bell",2015-05-10,NA,NA,"Acari",1,NA,NA,"not measured","DaFl","5",10
"Bell",2015-05-10,NA,NA,"Syntomus",1,NA,NA,"not measured","DaFl","5",10
"Bell",2015-05-10,NA,NA,"Acari",2,NA,NA,"not measured","DaFl","6",10
"Bell",2015-05-10,NA,NA,"Anystoidea",1,NA,NA,"not measured","DaFl","6",10
"Bell",2015-05-10,NA,NA,"Chalcidoidea",1,NA,"TRUE","less than 2 mm","DaFl","6",10
"Bell",2015-05-10,NA,NA,"Lepismatidae",1,NA,NA,"greater than 10 mm","DaFl","6",10
"Bell",2015-05-10,NA,NA,"Oribatida",1,NA,NA,"not measured","DaFl","6",10
"Bell",2015-05-10,NA,NA,"Mecinus",1,NA,NA,"not measured","DaFl","7",10
"Bell",2015-05-10,NA,NA,"Acari",1,NA,NA,"not measured","DaFl","8",10
"Bell",2015-05-10,NA,NA,"Acari",1,NA,NA,"less than 2 mm","DaFl","9",10
"Bell",2015-05-10,NA,NA,"Forelius pruinosus",1,NA,NA,"not measured","DaFl","9",10
"Bell",2015-05-10,NA,NA,"Paravaejovis spinigerus",1,NA,NA,"greater than 10 mm","DaFl","10",10
"Bell",2015-07-23,"Empty","empty_trap",NA,NA,NA,NA,NA,NA,"1",10
"Bell",2015-07-23,NA,NA,"Anystoidea",15,NA,NA,"not measured","DaFl","2",10
"Bell",2015-07-23,NA,NA,"Forelius pruinosus",3,NA,NA,"not measured","DaFl","2",10
"Bell",2015-07-23,NA,NA,"Entomobryidae",1,NA,NA,"not measured","DaFl","3",10
"Bell",2015-07-23,NA,NA,"Forelius pruinosus",3,NA,NA,"not measured","DaFl","3",10
"Bell",2015-07-23,NA,NA,"Anystoidea",1,NA,NA,"not measured","DaFl","4",10
"Bell",2015-07-23,NA,NA,"Cryptoglossa muricata",1,NA,NA,"greater than 10 mm","DaFl","4",10
"Bell",2015-07-23,NA,NA,"Entomobryidae",5,NA,NA,"not measured","DaFl","4",10
"Bell",2015-07-23,NA,NA,"Forelius pruinosus",5,NA,NA,"not measured","DaFl","4",10
"Bell",2015-07-23,NA,NA,"Solenopsis xyloni",1,NA,NA,"not measured","DaFl","4",10
"Bell",2015-07-23,NA,NA,"Triorophus",1,NA,NA,"not measured","DaFl","4",10
"Bell",2015-07-23,NA,NA,"Entomobryidae",1,NA,NA,"not measured","DaFl","5",10
"Bell",2015-07-23,NA,NA,"Salticidae",1,NA,NA,"not measured","DaFl","5",10
"Bell",2015-07-23,NA,NA,"Solifugae",1,NA,NA,"not measured","DaFl","5",10
"Bell",2015-07-23,NA,NA,"Anystoidea",4,NA,NA,"not measured","DaFl","6",10
"Bell",2015-07-23,NA,NA,"Anystoidea",4,NA,NA,"not measured","DaFl","7",10
"Bell",2015-07-23,NA,NA,"Entomobryidae",1,NA,NA,"not measured","DaFl","7",10
"Bell",2015-07-23,NA,NA,"Triorophus",1,NA,NA,"not measured","DaFl","7",10
"Bell",2015-07-23,NA,NA,"Collembola",1,NA,NA,"not measured","DaFl","8",10
"Bell",2015-07-23,NA,NA,"Forelius pruinosus",1,NA,NA,"not measured","DaFl","8",10
"Bell",2015-07-23,NA,NA,"Anystoidea",2,NA,NA,"not measured","DaFl","9",10
"Bell",2015-07-23,NA,NA,"Bdellidae",1,NA,NA,"not measured","DaFl","9",10
"Bell",2015-07-23,NA,NA,"Entomobryidae",1,NA,NA,"not measured","DaFl","9",10
"Bell",2015-07-23,"Empty","empty_trap",NA,NA,NA,NA,NA,NA,"10",10
"Bell",2015-11-02,NA,NA,"Apis",1,NA,"TRUE","not measured","DaFl","1",10
"Bell",2015-11-02,NA,NA,"Erythraeidae",1,NA,NA,"not measured","DaFl","1",10
"Bell",2015-11-02,NA,NA,"Mutillidae",1,NA,NA,"not measured","DaFl","1",10
"Bell",2015-11-02,NA,NA,"Anystoidea",1,NA,NA,"not measured","DaFl","2",10
"Bell",2015-11-02,NA,NA,"Entomobryidae",3,NA,NA,"not measured","DaFl","2",10
"Bell",2015-11-02,NA,NA,"Anystoidea",1,NA,NA,"not measured","DaFl","3",10
"Bell",2015-11-02,NA,NA,"Erythraeidae",1,NA,NA,"not measured","DaFl","4",10
"Bell",2015-11-02,NA,NA,"Scutigeridae",1,NA,NA,"not measured","DaFl","4",10
"Bell",2015-11-02,NA,NA,"Anystoidea",1,NA,NA,"not measured","DaFl","5",10
"Bell",2015-11-02,NA,NA,"Bdellidae",2,NA,NA,"not measured","DaFl","6",10
"Bell",2015-11-02,NA,NA,"Centruroides sculpturatus",1,NA,NA,"between 5 and 10 mm","DaFl","7",10
"Bell",2015-11-02,NA,NA,"Anystoidea",1,NA,NA,"not measured","DaFl","8",10
"Bell",2015-11-02,NA,NA,"Mutillidae",1,NA,NA,"not measured","DaFl","8",10
"Bell",2015-11-02,NA,NA,"Centruroides sculpturatus",1,NA,NA,"greater than 10 mm","DaFl","9",10
"Bell",2015-11-02,"Empty","empty_trap",NA,NA,NA,NA,NA,NA,"10",10
"Bell",2016-01-22,NA,NA,"Staphylinidae",1,NA,NA,"not measured","DaFl","1",10
"Bell",2016-01-22,NA,NA,"Stenomorpha hispidula",2,NA,NA,"not measured","DaFl","1",10
"Bell",2016-01-22,NA,NA,"Gnaphosidae",1,NA,NA,"not measured","DaFl","2",10
"Bell",2016-01-22,NA,NA,"Opiliones",1,NA,NA,"not measured","DaFl","2",10
"Bell",2016-01-22,NA,NA,"Ptomaphagus",1,NA,NA,"not measured","DaFl","2",10
"Bell",2016-01-22,NA,NA,"Spirobolida",1,NA,NA,"not measured","DaFl","2",10
"Bell",2016-01-22,NA,NA,"Stenomorpha hispidula",1,NA,NA,"not measured","DaFl","2",10
"Bell",2016-01-22,NA,NA,"Stenomorpha hispidula",3,NA,NA,"not measured","DaFl","3",10
"Bell",2016-01-22,NA,NA,"Ptomaphagus",1,NA,NA,"not measured","DaFl","4",10
"Bell",2016-01-22,NA,NA,"Opiliones",1,NA,NA,"not measured","DaFl","5",10
"Bell",2016-01-22,NA,NA,"Ptomaphagus",1,NA,NA,"not measured","DaFl","5",10
"Bell",2016-01-22,NA,NA,"Stenomorpha hispidula",1,NA,NA,"not measured","DaFl","6",10
"Bell",2016-01-22,NA,NA,"Ptomaphagus",1,NA,NA,"not measured","DaFl","7",10
"Bell",2016-01-22,NA,NA,"Stenomorpha wickhami",1,NA,NA,"not measured","DaFl","7",10
"Bell",2016-01-22,NA,NA,"Tenebrionidae",1,NA,NA,"not measured","DaFl","7",10
"Bell",2016-01-22,"Empty","empty_trap",NA,NA,NA,NA,NA,NA,"8",10
"Bell",2016-01-22,NA,NA,"Gnaphosidae",1,NA,NA,"not measured","DaFl","9",10
"Bell",2016-01-22,NA,NA,"Ptomaphagus",1,NA,NA,"not measured","DaFl","9",10
"Bell",2016-01-22,NA,NA,"Lepismatidae",1,NA,NA,"not measured","DaFl","10",10
"Bell",2016-01-22,NA,NA,"Opiliones",1,NA,NA,"not measured","DaFl","10",10
"Bell",2016-01-22,NA,NA,"Ptomaphagus",2,NA,NA,"not measured","DaFl","10",10
"Bell",2016-04-22,NA,NA,"Coleoptera",1,"TRUE",NA,"not measured","DaFl","1",8
"Bell",2016-04-22,NA,NA,"Meinertellidae",2,NA,NA,"not measured","DaFl","1",8
"Bell",2016-04-22,NA,NA,"Triorophus",3,NA,NA,"not measured","DaFl","1",8
"Bell",2016-04-22,NA,NA,"Cryptoglossa",2,NA,NA,"not measured","DaFl","2",8
"Bell",2016-04-22,NA,NA,"Cryptoglossa",1,NA,NA,"not measured","DaFl","3",8
"Bell",2016-04-22,NA,NA,"Cryptoglossa",1,NA,NA,"not measured","DaFl","4",8
"Bell",2016-04-22,"Trap not collected","trap_not_collected",NA,NA,NA,NA,NA,NA,"5",8
"Bell",2016-04-22,NA,NA,"Cryptoglossa",1,NA,NA,"not measured","DaFl","6",8
"Bell",2016-04-22,NA,NA,"Mutillidae",1,NA,NA,"not measured","DaFl","6",8
"Bell",2016-04-22,NA,NA,"Paravaejovis spinigerus",1,NA,NA,"not measured","DaFl","6",8
"Bell",2016-04-22,"Trap not collected","trap_not_collected",NA,NA,NA,NA,NA,NA,"7",8
"Bell",2016-04-22,NA,NA,"Acari",1,NA,NA,"not measured","DaFl","8",8
"Bell",2016-04-22,NA,NA,"Cryptoglossa",2,NA,NA,"not measured","DaFl","8",8
"Bell",2016-04-22,NA,NA,"Forelius",1,NA,NA,"not measured","DaFl","8",8
"Bell",2016-04-22,NA,NA,"Lepismatidae",2,NA,NA,"not measured","DaFl","8",8
"Bell",2016-04-22,NA,NA,"Meinertellidae",18,NA,NA,"not measured","DaFl","8",8
"Bell",2016-04-22,NA,NA,"Acari",2,NA,NA,"not measured","DaFl","9",8
"Bell",2016-04-22,NA,NA,"Anystoidea",3,NA,NA,"not measured","DaFl","9",8
"Bell",2016-04-22,NA,NA,"Lepismatidae",1,NA,NA,"not measured","DaFl","9",8
"Bell",2016-04-22,NA,NA,"Meinertellidae",17,NA,NA,"not measured","DaFl","9",8
"Bell",2016-04-22,NA,NA,"Nocibiotes",1,NA,NA,"between 2 and 5 mm","DaFl","9",8
"Bell",2016-04-22,NA,NA,"Anystoidea",1,NA,NA,"not measured","DaFl","10",8
"Bell",2016-04-22,NA,NA,"Cryptoglossa",1,NA,NA,"not measured","DaFl","10",8
"Bell",2016-07-21,"Empty","empty_trap",NA,NA,NA,NA,NA,NA,"1",10
"Bell",2016-07-21,NA,NA,"Acari",1,NA,NA,"not measured","DaFl","2",10
"Bell",2016-07-21,NA,NA,"Anystoidea",1,NA,NA,"not measured","DaFl","2",10
"Bell",2016-07-21,"Empty","empty_trap",NA,NA,NA,NA,NA,NA,"3",10
"Bell",2016-07-21,NA,NA,"Forelius pruinosus",2,NA,NA,"not measured","DaFl","4",10
"Bell",2016-07-21,NA,NA,"Termitidae",6,NA,NA,"not measured","DaFl","4",10
"Bell",2016-07-21,NA,NA,"Ammotrechidae",1,NA,NA,"greater than 10 mm","DaFl","5",10
"Bell",2016-07-21,NA,NA,"Crematogaster",1,NA,NA,"not measured","DaFl","5",10
"Bell",2016-07-21,NA,NA,"Forelius pruinosus",1,NA,NA,"not measured","DaFl","5",10
"Bell",2016-07-21,NA,NA,"Acari",2,NA,NA,"not measured","DaFl","6",10
"Bell",2016-07-21,NA,NA,"Forelius pruinosus",2,NA,NA,"not measured","DaFl","6",10
"Bell",2016-07-21,NA,NA,"Lepismatidae",1,NA,NA,"not measured","DaFl","6",10
"Bell",2016-07-21,NA,NA,"Acari",2,NA,NA,"not measured","DaFl","7",10
"Bell",2016-07-21,NA,NA,"Forelius pruinosus",1,NA,NA,"not measured","DaFl","7",10
"Bell",2016-07-21,NA,NA,"Lepismatidae",2,NA,NA,"not measured","DaFl","7",10
"Bell",2016-07-21,NA,NA,"Pheidole",3,NA,NA,"not measured","DaFl","7",10
"Bell",2016-07-21,NA,NA,"Entomobryidae",1,NA,NA,"not measured","DaFl","8",10
"Bell",2016-07-21,NA,NA,"Acari",2,NA,NA,"not measured","DaFl","9",10
"Bell",2016-07-21,NA,NA,"Isopoda",1,NA,NA,"not measured","DaFl","9",10
"Bell",2016-07-21,NA,NA,"Lepismatidae",2,NA,NA,"not measured","DaFl","9",10
"Bell",2016-07-21,NA,NA,"Solenopsis xyloni",2,NA,NA,"not measured","DaFl","9",10
"Bell",2016-07-21,NA,NA,"Forelius pruinosus",1,NA,NA,"not measured","DaFl","10",10
"Bell",2016-07-21,NA,NA,"Mutillidae",1,NA,NA,"not measured","DaFl","10",10
"Bell",2016-10-27,"Empty","empty_trap",NA,NA,NA,NA,NA,NA,"1",10
"Bell",2016-10-27,NA,NA,"Dasymutilla",1,NA,NA,"not measured","DaFl","2",10
"Bell",2016-10-27,NA,NA,"Eleodes armata",1,NA,NA,"not measured","DaFl","2",10
"Bell",2016-10-27,NA,NA,"Paravaejovis spinigerus",1,NA,NA,"not measured","DaFl","2",10
"Bell",2016-10-27,NA,NA,"Solifugae",1,NA,NA,"not measured","DaFl","3",10
"Bell",2016-10-27,NA,NA,"Paravaejovis spinigerus",1,NA,NA,"not measured","DaFl","4",10
"Bell",2016-10-27,NA,NA,"Ammotrechidae",1,NA,NA,"not measured","DaFl","5",10
"Bell",2016-10-27,NA,NA,"Cryptoglossa muricata",1,NA,NA,"greater than 10 mm","DaFl","6",10
"Bell",2016-10-27,NA,NA,"Ammotrechidae",1,NA,NA,"not measured","DaFl","7",10
"Bell",2016-10-27,NA,NA,"Chyphotes",1,NA,NA,"not measured","DaFl","7",10
"Bell",2016-10-27,NA,NA,"Agroeca",1,NA,NA,"not measured","DaFl","8",10
"Bell",2016-10-27,NA,NA,"Chyphotes",1,NA,NA,"not measured","DaFl","8",10
"Bell",2016-10-27,NA,NA,"Dorymyrmex",1,NA,NA,"not measured","DaFl","8",10
"Bell",2016-10-27,NA,NA,"Lepismatidae",1,NA,NA,"not measured","DaFl","8",10
"Bell",2016-10-27,NA,NA,"Paravaejovis spinigerus",1,NA,NA,"not measured","DaFl","9",10
"Bell",2016-10-27,NA,NA,"Ammotrechidae",1,NA,NA,"not measured","DaFl","10",10
"Bell",2016-10-27,NA,NA,"Forelius",1,NA,NA,"not measured","DaFl","10",10
"Bell",2017-01-20,NA,NA,"Termitidae",2,NA,NA,"not measured","DaFl","1",10
"Bell",2017-01-20,NA,NA,"Sminthuridae",1,NA,NA,"not measured","DaFl","2",10
"Bell",2017-01-20,NA,NA,"Sminthuridae",2,NA,NA,"not measured","DaFl","3",10
"Bell",2017-01-20,"Empty","empty_trap",NA,NA,NA,NA,NA,NA,"4",10
"Bell",2017-01-20,"Empty","empty_trap",NA,NA,NA,NA,NA,NA,"5",10
"Bell",2017-01-20,"Empty","empty_trap",NA,NA,NA,NA,NA,NA,"6",10
"Bell",2017-01-20,NA,NA,"Sminthuridae",1,NA,NA,"not measured","DaFl","7",10
"Bell",2017-01-20,NA,NA,"Erythraeoidea",1,NA,NA,"not measured","DaFl","8",10
"Bell",2017-01-20,NA,NA,"Ptomaphagus",1,NA,NA,"not measured","DaFl","8",10
"Bell",2017-01-20,NA,NA,"Sminthuridae",1,NA,NA,"not measured","DaFl","9",10
"Bell",2017-01-20,NA,NA,"Solenopsis xyloni",1,NA,NA,"not measured","DaFl","9",10
"Bell",2017-01-20,NA,NA,"Linyphiidae",1,NA,NA,"not measured","DaFl","10",10
"Bell",2017-04-21,"one pinned",NA,"Crematogaster",1,NA,NA,"not measured","DaFl","1",10
"Bell",2017-04-21,"one pinned",NA,"Forelius",1,NA,NA,"not measured","DaFl","1",10
"Bell",2017-04-21,"one pinned",NA,"Mutillidae",1,NA,NA,"not measured","DaFl","1",10
"Bell",2017-04-21,"one pinned",NA,"Solifugae",1,NA,NA,"not measured","DaFl","1",10
"Bell",2017-04-21,NA,NA,"Chyphotes",1,NA,NA,"not measured","DaFl","2",10
"Bell",2017-04-21,NA,NA,"Gnaphosidae",1,NA,NA,"not measured","DaFl","2",10
"Bell",2017-04-21,NA,NA,"Meinertellidae",4,NA,NA,"not measured","DaFl","2",10
"Bell",2017-04-21,NA,NA,"Nocibiotes",1,NA,NA,"not measured","DaFl","2",10
"Bell",2017-04-21,NA,NA,"Steriphanus",1,NA,NA,"not measured","DaFl","2",10
"Bell",2017-04-21,"Weevil damaged",NA,"Curculionidae",1,NA,NA,"not measured","DaFl","3",10
"Bell",2017-04-21,NA,NA,"Anystoidea",1,NA,NA,"not measured","DaFl","4",10
"Bell",2017-04-21,NA,NA,"Coleoptera",1,"TRUE",NA,"not measured","DaFl","4",10
"Bell",2017-04-21,NA,NA,"Lepismatidae",1,NA,NA,"not measured","DaFl","4",10
"Bell",2017-04-21,NA,NA,"Myrmeleontidae",1,"TRUE",NA,"not measured","DaFl","4",10
"Bell",2017-04-21,"Empty","empty_trap",NA,NA,NA,NA,NA,NA,"5",10
"Bell",2017-04-21,NA,NA,"Lepismatidae",2,NA,NA,"not measured","DaFl","6",10
"Bell",2017-04-21,NA,NA,"Meinertellidae",1,NA,NA,"not measured","DaFl","6",10
"Bell",2017-04-21,NA,NA,"Mutillidae",1,NA,NA,"not measured","DaFl","6",10
"Bell",2017-04-21,NA,NA,"Nocibiotes",1,NA,NA,"not measured","DaFl","6",10
"Bell",2017-04-21,NA,NA,"Vaejovidae",1,NA,NA,"not measured","DaFl","6",10
"Bell",2017-04-21,NA,NA,"Lepismatidae",1,NA,NA,"not measured","DaFl","7",10
"Bell",2017-04-21,NA,NA,"Nocibiotes",1,NA,NA,"not measured","DaFl","7",10
"Bell",2017-04-21,NA,NA,"Anystoidea",1,NA,NA,"not measured","DaFl","8",10
"Bell",2017-04-21,NA,NA,"Lepismatidae",1,NA,NA,"not measured","DaFl","8",10
"Bell",2017-04-21,NA,NA,"Meinertellidae",5,NA,NA,"not measured","DaFl","8",10
"Bell",2017-04-21,"one pinned",NA,"Anystoidea",1,NA,NA,"not measured","DaFl","9",10
"Bell",2017-04-21,"one pinned",NA,"Centruroides sculpturatus",1,NA,NA,"not measured","DaFl","9",10
"Bell",2017-04-21,"one pinned",NA,"Chyphotes",1,NA,NA,"not measured","DaFl","9",10
"Bell",2017-04-21,"one pinned",NA,"Forelius",1,NA,NA,"not measured","DaFl","9",10
"Bell",2017-04-21,"one pinned",NA,"Solenopsis xyloni",1,NA,NA,"not measured","DaFl","9",10
"Bell",2017-04-21,"Empty","empty_trap",NA,NA,NA,NA,NA,NA,"10",10
"Bell",2017-10-21,NA,NA,"Lepismatidae",1,NA,NA,"not measured","DaFl","1",10
"Bell",2017-10-21,NA,NA,"Forelius pruinosus",3,NA,NA,"not measured","DaFl","2",10
"Bell",2017-10-21,NA,NA,"Psilochorus",1,NA,NA,"not measured","DaFl","2",10
"Bell",2017-10-21,NA,NA,"Solenopsis xyloni",11,NA,NA,"not measured","DaFl","2",10
"Bell",2017-10-21,NA,NA,"Lepismatidae",3,NA,NA,"not measured","DaFl","3",10
"Bell",2017-10-21,NA,NA,"Thinoxenus",1,NA,NA,"not measured","DaFl","3",10
"Bell",2017-10-21,"Empty","empty_trap",NA,NA,NA,NA,NA,NA,"4",10
"Bell",2017-10-21,"Empty","empty_trap",NA,NA,NA,NA,NA,NA,"5",10
"Bell",2017-10-21,NA,NA,"Nocibiotes",1,NA,NA,"not measured","DaFl","6",10
"Bell",2017-10-21,NA,NA,"Psilochorus",1,NA,NA,"not measured","DaFl","6",10
"Bell",2017-10-21,NA,NA,"Lepismatidae",2,NA,NA,"not measured","DaFl","7",10
"Bell",2017-10-21,NA,NA,"Solenopsis xyloni",1,NA,NA,"not measured","DaFl","8",10
"Bell",2017-10-21,NA,NA,"Lepismatidae",3,NA,NA,"not measured","DaFl","9",10
"Bell",2017-10-21,NA,NA,"Lepismatidae",3,NA,NA,"not measured","DaFl","10",10
"Bell",2018-01-26,NA,NA,"Dasymutilla",1,NA,NA,"not measured","DaFl","1",10
"Bell",2018-01-26,NA,NA,"Stenomorpha hispidula",1,NA,NA,"not measured","DaFl","1",10
"Bell",2018-01-26,NA,NA,"Lepidoptera",1,"TRUE",NA,"not measured","DaFl","2",10
"Bell",2018-01-26,NA,NA,"Opiliones",1,NA,NA,"not measured","DaFl","2",10
"Bell",2018-01-26,NA,NA,"Ptomaphagus",1,NA,NA,"not measured","DaFl","2",10
"Bell",2018-01-26,NA,NA,"Stenomorpha hispidula",1,NA,NA,"not measured","DaFl","2",10
"Bell",2018-01-26,NA,NA,"Sminthuridae",2,NA,NA,"not measured","DaFl","3",10
"Bell",2018-01-26,NA,NA,"Tarsonops systematicus",1,NA,NA,"not measured","DaFl","3",10
"Bell",2018-01-26,"Empty","empty_trap",NA,NA,NA,NA,NA,NA,"4",10
"Bell",2018-01-26,NA,NA,"Bdellidae",1,NA,NA,"not measured","DaFl","5",10
"Bell",2018-01-26,NA,NA,"Pholcidae",1,NA,NA,"not measured","DaFl","6",10
"Bell",2018-01-26,NA,NA,"Sminthuridae",1,NA,NA,"not measured","DaFl","6",10
"Bell",2018-01-26,NA,NA,"Lepismatidae",1,NA,NA,"not measured","DaFl","7",10
"Bell",2018-01-26,NA,NA,"Vaejovidae",1,NA,NA,"not measured","DaFl","7",10
"Bell",2018-01-26,NA,NA,"Crematogaster",1,NA,NA,"not measured","DaFl","8",10
"Bell",2018-01-26,NA,NA,"Bombyliidae",1,NA,NA,"not measured","DaFl","9",10
"Bell",2018-01-26,"Empty","empty_trap",NA,NA,NA,NA,NA,NA,"10",10
"Bell",2018-04-20,NA,NA,"Ammotrechidae",1,NA,NA,"not measured","DaFl","1",10
"Bell",2018-04-20,NA,NA,"Anepsius",1,NA,NA,"not measured","DaFl","1",10
"Bell",2018-04-20,NA,NA,"Nocibiotes",1,NA,NA,"not measured","DaFl","1",10
"Bell",2018-04-20,NA,NA,"Erythraeidae",1,NA,NA,"not measured","DaFl","2",10
"Bell",2018-04-20,NA,NA,"Lepismatidae",1,NA,NA,"not measured","DaFl","2",10
"Bell",2018-04-20,NA,NA,"Psilochorus",1,NA,NA,"not measured","DaFl","3",10
"Bell",2018-04-20,NA,NA,"Cryptoglossa muricata",1,NA,NA,"greater than 10 mm","DaFl","4",10
"Bell",2018-04-20,NA,NA,"Paravaejovis spinigerus",1,NA,NA,"not measured","DaFl","5",10
"Bell",2018-04-20,NA,NA,"Aphididae",1,NA,NA,"not measured","DaFl","6",10
"Bell",2018-04-20,NA,NA,"Meinertellidae",1,NA,NA,"not measured","DaFl","6",10
"Bell",2018-04-20,NA,NA,"Psilochorus",1,NA,NA,"not measured","DaFl","7",10
"Bell",2018-04-20,"Empty","empty_trap",NA,NA,NA,NA,NA,NA,"8",10
"Bell",2018-04-20,NA,NA,"Triorophus",1,NA,NA,"not measured","DaFl","9",10
"Bell",2018-04-20,"Empty","empty_trap",NA,NA,NA,NA,NA,NA,"10",10
"Bell",2018-10-26,NA,NA,"Chrysomelidae",2,"TRUE",NA,"not measured","DaFl","1",10
"Bell",2018-10-26,NA,NA,"Caeculidae",3,NA,NA,"not measured","DaFl","2",10
"Bell",2018-10-26,NA,NA,"Carabidae",1,"TRUE",NA,"not measured","DaFl","2",10
"Bell",2018-10-26,NA,NA,"Isopoda",1,NA,NA,"not measured","DaFl","2",10
"Bell",2018-10-26,NA,NA,"Oribatida",1,NA,NA,"less than 2 mm","DaFl","2",10
"Bell",2018-10-26,NA,NA,"Pheidole",1,NA,NA,"not measured","DaFl","2",10
"Bell",2018-10-26,NA,NA,"Caeculidae",1,NA,NA,"not measured","DaFl","3",10
"Bell",2018-10-26,NA,NA,"Entomobryidae",2,NA,NA,"not measured","DaFl","4",10
"Bell",2018-10-26,NA,NA,"Erythraeidae",1,NA,NA,"not measured","DaFl","4",10
"Bell",2018-10-26,NA,NA,"Forelius",1,NA,NA,"not measured","DaFl","4",10
"Bell",2018-10-26,NA,NA,"Pheidole",2,NA,NA,"not measured","DaFl","4",10
"Bell",2018-10-26,NA,NA,"Caeculidae",1,NA,NA,"not measured","DaFl","5",10
"Bell",2018-10-26,NA,NA,"Lygaeidae",1,NA,NA,"not measured","DaFl","5",10
"Bell",2018-10-26,NA,NA,"Aphididae",1,"TRUE",NA,"not measured","DaFl","6",10
"Bell",2018-10-26,NA,NA,"Caeculidae",1,NA,NA,"not measured","DaFl","6",10
"Bell",2018-10-26,NA,NA,"Chrysomelidae",1,"TRUE",NA,"not measured","DaFl","6",10
"Bell",2018-10-26,NA,NA,"Lepismatidae",1,NA,NA,"not measured","DaFl","6",10
"Bell",2018-10-26,NA,NA,"Lepismatidae",1,NA,NA,"not measured","DaFl","6",10
"Bell",2018-10-26,NA,NA,"Pheidole",4,NA,NA,"not measured","DaFl","6",10
"Bell",2018-10-26,NA,NA,"Linyphiidae",1,NA,NA,"not measured","DaFl","7",10
"Bell",2018-10-26,NA,NA,"Linyphiidae",1,NA,NA,"not measured","DaFl","8",10
"Bell",2018-10-26,NA,NA,"Oribatida",1,NA,NA,"less than 2 mm","DaFl","8",10
"Bell",2018-10-26,NA,NA,"Anystoidea",1,NA,NA,"not measured","DaFl","9",10
"Bell",2018-10-26,NA,NA,"Isotomidae",1,NA,NA,"not measured","DaFl","9",10
"Bell",2018-10-26,NA,NA,"Lepidoptera",1,"TRUE",NA,"not measured","DaFl","9",10
"Bell",2018-10-26,NA,NA,"Sciaridae",1,NA,NA,"not measured","DaFl","9",10
"Bell",2018-10-26,NA,NA,"Anystoidea",1,NA,NA,"not measured","DaFl","10",10
"Bell",2018-10-26,NA,NA,"Bdellidae",1,NA,NA,"not measured","DaFl","10",10
"Bell",2018-10-26,NA,NA,"Lepidoptera",1,"TRUE",NA,"not measured","DaFl","10",10
"Bell",2018-10-26,NA,NA,"Psocodea",1,"TRUE",NA,"not measured","DaFl","10",10
"Bell",2019-01-25,NA,NA,"Entomobryidae",6,NA,NA,"less than 2 mm","GaRi","1",10
"Bell",2019-01-25,NA,NA,"Lycosidae",1,NA,NA,"not measured","DaFl","1",10
"Bell",2019-01-25,NA,NA,"Stenomorpha hispidula",1,NA,NA,"not measured","DaFl","1",10
"Bell",2019-01-25,NA,NA,"Aphididae",1,NA,NA,"not measured","DaFl","2",10
"Bell",2019-01-25,NA,NA,"Cicadellidae",1,NA,NA,"not measured","DaFl","2",10
"Bell",2019-01-25,NA,NA,"Zelotes",1,NA,NA,"not measured","DaFl","2",10
"Bell",2019-01-25,NA,NA,"Anystidae",1,NA,NA,"less than 2 mm","GaRi","3",10
"Bell",2019-01-25,NA,NA,"Emblethis",1,NA,NA,"not measured","DaFl","3",10
"Bell",2019-01-25,NA,NA,"Entomobryidae",5,NA,NA,"less than 2 mm","GaRi","3",10
"Bell",2019-01-25,NA,NA,"Linyphiidae",2,NA,NA,"not measured","DaFl","3",10
"Bell",2019-01-25,NA,NA,"Stenomorpha hispidula",5,NA,NA,"not measured","DaFl","3",10
"Bell",2019-01-25,NA,NA,"Entomobryidae",3,NA,NA,"less than 2 mm","GaRi","4",10
"Bell",2019-01-25,NA,NA,"Entomobryidae",3,NA,NA,"less than 2 mm","GaRi","5",10
"Bell",2019-01-25,NA,NA,"Isotomidae",1,NA,NA,"less than 2 mm","GaRi","5",10
"Bell",2019-01-25,NA,NA,"Stenomorpha hispidula",1,NA,NA,"not measured","DaFl","5",10
"Bell",2019-01-25,NA,NA,"Entomobryidae",2,NA,NA,"less than 2 mm","GaRi","6",10
"Bell",2019-01-25,NA,NA,"Erythraeidae",1,NA,NA,"not measured","DaFl","6",10
"Bell",2019-01-25,NA,NA,"Crematogaster",1,NA,NA,"not measured","DaFl","7",10
"Bell",2019-01-25,NA,NA,"Entomobryidae",1,NA,NA,"less than 2 mm","GaRi","7",10
"Bell",2019-01-25,NA,NA,"Staphylinidae",1,NA,NA,"not measured","DaFl","7",10
"Bell",2019-01-25,NA,NA,"Entomobryidae",6,NA,NA,"less than 2 mm","GaRi","8",10
"Bell",2019-01-25,NA,NA,"Glyptina",1,NA,NA,"not measured","DaFl","8",10
"Bell",2019-01-25,NA,NA,"Isotomidae",1,NA,NA,"less than 2 mm","GaRi","8",10
"Bell",2019-01-25,NA,NA,"Staphylinidae",1,NA,NA,"not measured","DaFl","8",10
"Bell",2019-01-25,NA,NA,"Anystidae",1,NA,NA,"not measured","DaFl","9",10
"Bell",2019-01-25,NA,NA,"Bethylidae",1,NA,NA,"not measured","DaFl","9",10
"Bell",2019-01-25,NA,NA,"Entomobryidae",1,NA,NA,"less than 2 mm","GaRi","9",10
"Bell",2019-01-25,NA,NA,"Erythraeidae",1,NA,NA,"not measured","DaFl","9",10
"Bell",2019-01-25,NA,NA,"Lepidoptera",1,"TRUE",NA,"not measured","DaFl","9",10
"Bell",2019-01-25,NA,NA,"Ptomaphagus",1,NA,NA,"not measured","DaFl","9",10
"Bell",2019-01-25,NA,NA,"Termitidae",1,NA,NA,"not measured","DaFl","9",10
"Bell",2019-01-25,NA,NA,"Theridiidae",2,NA,NA,"not measured","DaFl","9",10
"Bell",2019-01-25,NA,NA,"Stenomorpha hispidula",1,NA,NA,"not measured","DaFl","10",10
"Bell",2019-04-19,NA,NA,"Anystoidea",1,NA,NA,"not measured","DaFl","1",10
"Bell",2019-04-19,NA,NA,"Entomobryidae",1,NA,NA,"not measured","DaFl","1",10
"Bell",2019-04-19,NA,NA,"Nocibiotes",1,NA,NA,"not measured","DaFl","1",10
"Bell",2019-04-19,NA,NA,"Staphylinidae",1,"TRUE",NA,"not measured","DaFl","1",10
"Bell",2019-04-19,NA,NA,"Anystoidea",2,NA,NA,"not measured","DaFl","2",10
"Bell",2019-04-19,NA,NA,"Entomobryidae",1,NA,NA,"not measured","DaFl","2",10
"Bell",2019-04-19,NA,NA,"Myrmosidae",1,NA,NA,"not measured","DaFl","2",10
"Bell",2019-04-19,NA,NA,"Staphylinidae",1,"TRUE",NA,"not measured","DaFl","2",10
"Bell",2019-04-19,NA,NA,"Anystoidea",7,NA,NA,"not measured","DaFl","3",10
"Bell",2019-04-19,NA,NA,"Caeculidae",1,NA,NA,"not measured","DaFl","3",10
"Bell",2019-04-19,NA,NA,"Entomobryidae",104,NA,NA,"not measured","DaFl","3",10
"Bell",2019-04-19,NA,NA,"Nocibiotes",3,NA,NA,"not measured","DaFl","3",10
"Bell",2019-04-19,NA,NA,"Solenopsis xyloni",2,NA,NA,"not measured","DaFl","3",10
"Bell",2019-04-19,NA,NA,"Steatoda",1,NA,NA,"not measured","DaFl","3",10
"Bell",2019-04-19,NA,NA,"Entomobryidae",1,NA,NA,"not measured","DaFl","4",10
"Bell",2019-04-19,NA,NA,"Erythraeidae",1,NA,NA,"not measured","DaFl","4",10
"Bell",2019-04-19,NA,NA,"Mecinus",1,NA,NA,"not measured","DaFl","4",10
"Bell",2019-04-19,NA,NA,"Solenopsis xyloni",1,NA,NA,"not measured","DaFl","4",10
"Bell",2019-04-19,NA,NA,"Mecinus",2,NA,NA,"not measured","DaFl","5",10
"Bell",2019-04-19,NA,NA,"Melanaethus",1,NA,NA,"not measured","DaFl","6",10
"Bell",2019-04-19,NA,NA,"Anystoidea",8,NA,NA,"not measured","DaFl","7",10
"Bell",2019-04-19,NA,NA,"Cryptoglossa muricata",1,NA,NA,"not measured","DaFl","7",10
"Bell",2019-04-19,NA,NA,"Entomobryidae",59,NA,NA,"not measured","DaFl","7",10
"Bell",2019-04-19,NA,NA,"Erythraeidae",2,NA,NA,"not measured","DaFl","7",10
"Bell",2019-04-19,NA,NA,"Lepismatidae",2,NA,NA,"not measured","DaFl","7",10
"Bell",2019-04-19,NA,NA,"Myrmosidae",2,NA,NA,"not measured","DaFl","7",10
"Bell",2019-04-19,NA,NA,"Staphylinidae",5,"TRUE",NA,"not measured","DaFl","7",10
"Bell",2019-04-19,NA,NA,"Staphylinidae",1,NA,NA,"not measured","DaFl","7",10
"Bell",2019-04-19,NA,NA,"Termitidae",1,NA,NA,"not measured","DaFl","8",10
"Bell",2019-04-19,NA,NA,"Anystoidea",4,NA,NA,"not measured","DaFl","9",10
"Bell",2019-04-19,NA,NA,"Crematogaster",1,NA,NA,"not measured","DaFl","9",10
"Bell",2019-04-19,NA,NA,"Hemiptera",1,"TRUE",NA,"not measured","DaFl","9",10
"Bell",2019-04-19,NA,NA,"Lepismatidae",9,NA,NA,"not measured","DaFl","9",10
"Bell",2019-04-19,NA,NA,"Mecinus",2,NA,NA,"not measured","DaFl","9",10
"Bell",2019-04-19,NA,NA,"Meinertellidae",1,NA,NA,"not measured","DaFl","9",10
"Bell",2019-04-19,NA,NA,"Solenopsis xyloni",1,NA,NA,"not measured","DaFl","9",10
"Bell",2019-04-19,NA,NA,"Theridiidae",1,NA,NA,"not measured","DaFl","9",10
"Bell",2019-04-19,NA,NA,"Anystoidea",5,NA,NA,"not measured","DaFl","10",10
"Bell",2019-04-19,NA,NA,"Entomobryidae",15,NA,NA,"not measured","DaFl","10",10
"Bell",2019-04-19,NA,NA,"Mecinus",9,NA,NA,"not measured","DaFl","10",10
"Bell",2019-04-19,NA,NA,"Staphylinidae",1,"TRUE",NA,"not measured","DaFl","10",10
"Bell",2019-04-19,NA,NA,"Syntomus",1,NA,NA,"not measured","DaFl","10",10
"Bell",2019-10-25,NA,NA,"Ammotrechidae",1,NA,NA,"not measured","DaFl","1",10
"Bell",2019-10-25,NA,NA,"Batuliodes",1,NA,NA,"not measured","DaFl","1",10
"Bell",2019-10-25,NA,NA,"Forelius",1,NA,NA,"not measured","DaFl","1",10
"Bell",2019-10-25,NA,NA,"Pheidole",1,NA,NA,"not measured","DaFl","1",10
"Bell",2019-10-25,NA,NA,"Sphaeropthalma",1,NA,NA,"not measured","DaFl","1",10
"Bell",2019-10-25,"Empty","empty_trap",NA,NA,NA,NA,NA,NA,"2",10
"Bell",2019-10-25,NA,NA,"Anystoidea",1,NA,NA,"not measured","DaFl","3",10
"Bell",2019-10-25,NA,NA,"Lepismatidae",2,NA,NA,"not measured","DaFl","3",10
"Bell",2019-10-25,NA,NA,"Pheidole",2,NA,NA,"not measured","DaFl","3",10
"Bell",2019-10-25,NA,NA,"Solenopsis xyloni",27,NA,NA,"not measured","DaFl","3",10
"Bell",2019-10-25,NA,NA,"Solenopsis xyloni",26,NA,NA,"not measured","DaFl","4",10
"Bell",2019-10-25,NA,NA,"Anystoidea",2,NA,NA,"not measured","DaFl","5",10
"Bell",2019-10-25,NA,NA,"Lepismatidae",1,NA,NA,"not measured","DaFl","5",10
"Bell",2019-10-25,NA,NA,"Psilochorus",1,NA,NA,"not measured","DaFl","5",10
"Bell",2019-10-25,NA,NA,"Crematogaster",1,NA,NA,"not measured","DaFl","6",10
"Bell",2019-10-25,NA,NA,"Entomobryidae",1,NA,NA,"not measured","DaFl","7",10
"Bell",2019-10-25,NA,NA,"Anystoidea",1,NA,NA,"not measured","DaFl","8",10
"Bell",2019-10-25,NA,NA,"Dorymyrmex bicolor",1,NA,NA,"not measured","DaFl","8",10
"Bell",2019-10-25,NA,NA,"Pheidole desertorum",1,NA,NA,"not measured","DaFl","8",10
"Bell",2019-10-25,NA,NA,"Solenopsis xyloni",8,NA,NA,"not measured","DaFl","8",10
"Bell",2019-10-25,NA,NA,"Anystoidea",2,NA,NA,"not measured","DaFl","9",10
"Bell",2019-10-25,NA,NA,"Bdellidae",1,NA,NA,"not measured","DaFl","9",10
"Bell",2019-10-25,NA,NA,"Chyphotes",1,NA,NA,"not measured","DaFl","9",10
"Bell",2019-10-25,NA,NA,"Cononotus",1,NA,NA,"not measured","DaFl","9",10
"Bell",2019-10-25,NA,NA,"Forelius",1,NA,NA,"not measured","DaFl","9",10
"Bell",2019-10-25,NA,NA,"Trombidioidea",1,NA,NA,"not measured","DaFl","9",10
"Bell",2019-10-25,NA,NA,"Chyphotes",1,NA,NA,"not measured","DaFl","10",10
"Bell",2020-01-24,NA,NA,"Acari",140,NA,NA,"not measured","DaFl","1",10
"Bell",2020-01-24,NA,NA,"Chrysomelidae",1,"TRUE",NA,"not measured","DaFl","1",10
"Bell",2020-01-24,NA,NA,"Sminthuridae",1,NA,NA,"not measured","DaFl","1",10
"Bell",2020-01-24,NA,NA,"Tennesseellum",2,NA,NA,"not measured","DaFl","1",10
"Bell",2020-01-24,NA,NA,"Acari",404,NA,NA,"not measured","DaFl","2",10
"Bell",2020-01-24,NA,NA,"Anystoidea",1,NA,NA,"not measured","DaFl","2",10
"Bell",2020-01-24,NA,NA,"Chrysomelidae",11,"TRUE",NA,"not measured","DaFl","2",10
"Bell",2020-01-24,NA,NA,"Stenomorpha hispidula",1,NA,NA,"greater than 10 mm","DaFl","2",10
"Bell",2020-01-24,NA,NA,"Acari",652,NA,NA,"not measured","DaFl","3",10
"Bell",2020-01-24,NA,NA,"Chrysomelidae",7,"TRUE",NA,"not measured","DaFl","3",10
"Bell",2020-01-24,NA,NA,"Lepidoptera",1,"TRUE",NA,"not measured","DaFl","3",10
"Bell",2020-01-24,NA,NA,"Pheidole",2,NA,NA,"not measured","DaFl","3",10
"Bell",2020-01-24,NA,NA,"Sminthuridae",5,NA,NA,"not measured","DaFl","3",10
"Bell",2020-01-24,NA,NA,"Tennesseellum",2,NA,NA,"not measured","DaFl","3",10
"Bell",2020-01-24,NA,NA,"Thripidae",3,NA,NA,"not measured","DaFl","3",10
"Bell",2020-01-24,NA,NA,"Thripidae",1,NA,NA,"not measured","DaFl","3",10
"Bell",2020-01-24,"Empty","empty_trap",NA,NA,NA,NA,NA,NA,"4",10
"Bell",2020-01-24,NA,NA,"Acari",151,NA,NA,"not measured","DaFl","5",10
"Bell",2020-01-24,NA,NA,"Chrysomelidae",2,"TRUE",NA,"not measured","DaFl","5",10
"Bell",2020-01-24,NA,NA,"Solenopsis xyloni",1,NA,NA,"not measured","DaFl","5",10
"Bell",2020-01-24,NA,NA,"Stenomorpha hispidula",1,NA,NA,"not measured","DaFl","5",10
"Bell",2020-01-24,NA,NA,"Tennesseellum",2,NA,NA,"not measured","DaFl","5",10
"Bell",2020-01-24,NA,NA,"Chrysomelidae",1,"TRUE",NA,"not measured","DaFl","6",10
"Bell",2020-01-24,NA,NA,"Ptomaphagus",1,NA,NA,"not measured","DaFl","6",10
"Bell",2020-01-24,NA,NA,"Sminthuridae",8,NA,NA,"not measured","DaFl","6",10
"Bell",2020-01-24,NA,NA,"Solenopsis xyloni",1,NA,NA,"not measured","DaFl","6",10
"Bell",2020-01-24,NA,NA,"Acari",136,NA,NA,"not measured","DaFl","7",10
"Bell",2020-01-24,NA,NA,"Ceraticelus",1,NA,NA,"not measured","DaFl","7",10
"Bell",2020-01-24,NA,NA,"Chrysomelidae",8,"TRUE",NA,"not measured","DaFl","7",10
"Bell",2020-01-24,NA,NA,"Paravaejovis spinigerus",1,NA,NA,"not measured","DaFl","7",10
"Bell",2020-01-24,NA,NA,"Acari",164,NA,NA,"not measured","DaFl","8",10
"Bell",2020-01-24,NA,NA,"Chrysomelidae",1,"TRUE",NA,"not measured","DaFl","8",10
"Bell",2020-01-24,NA,NA,"Chrysomelidae",2,"TRUE",NA,"not measured","DaFl","8",10
"Bell",2020-01-24,NA,NA,"Phalangiidae",1,NA,NA,"not measured","DaFl","8",10
"Bell",2020-01-24,NA,NA,"Tennesseellum",2,NA,NA,"not measured","DaFl","8",10
"Bell",2020-01-24,NA,NA,"Acari",99,NA,NA,"not measured","DaFl","9",10
"Bell",2020-01-24,NA,NA,"Chrysomelidae",2,"TRUE",NA,"not measured","DaFl","9",10
"Bell",2020-01-24,NA,NA,"Sminthuridae",9,NA,NA,"not measured","DaFl","9",10
"Bell",2020-01-24,NA,NA,"Thripidae",2,NA,NA,"not measured","DaFl","9",10
"Bell",2020-01-24,"Empty","empty_trap",NA,NA,NA,NA,NA,NA,"10",10
"Bell",2020-04-24,NA,NA,"Mecinus",1,NA,NA,"not measured","DaFl","1",10
"Bell",2020-04-24,NA,NA,"Anystoidea",2,NA,NA,"not measured","DaFl","2",10
"Bell",2020-04-24,NA,NA,"Curculionidae",3,NA,NA,"not measured","DaFl","2",10
"Bell",2020-04-24,NA,NA,"Lepismatidae",2,NA,NA,"not measured","DaFl","2",10
"Bell",2020-04-24,NA,NA,"Rhyparochromidae",1,NA,NA,"not measured","DaFl","2",10
"Bell",2020-04-24,NA,NA,"Anystoidea",3,NA,NA,"not measured","DaFl","3",10
"Bell",2020-04-24,NA,NA,"Carabidae",2,"TRUE",NA,"not measured","DaFl","3",10
"Bell",2020-04-24,NA,NA,"Mecinus",1,NA,NA,"not measured","DaFl","3",10
"Bell",2020-04-24,NA,NA,"Nocibiotes",1,NA,NA,"not measured","DaFl","3",10
"Bell",2020-04-24,NA,NA,"Sminthuridae",1,NA,NA,"not measured","DaFl","3",10
"Bell",2020-04-24,NA,NA,"Solenopsis xyloni",2,NA,NA,"not measured","DaFl","3",10
"Bell",2020-04-24,NA,NA,"Caeculidae",1,NA,NA,"not measured","DaFl","4",10
"Bell",2020-04-24,NA,NA,"Cryptoglossa",1,NA,NA,"not measured","DaFl","4",10
"Bell",2020-04-24,NA,NA,"Emblethis",1,NA,NA,"not measured","DaFl","4",10
"Bell",2020-04-24,NA,NA,"Hemiptera",1,"TRUE",NA,"not measured","DaFl","4",10
"Bell",2020-04-24,NA,NA,"Mecinus",3,NA,NA,"not measured","DaFl","4",10
"Bell",2020-04-24,NA,NA,"Syntomus americanus",1,NA,NA,"not measured","DaFl","4",10
"Bell",2020-04-24,NA,NA,"Anystoidea",6,NA,NA,"not measured","DaFl","5",10
"Bell",2020-04-24,NA,NA,"Blattidae",1,"TRUE",NA,"not measured","DaFl","5",10
"Bell",2020-04-24,NA,NA,"Lepismatidae",2,NA,NA,"not measured","DaFl","5",10
"Bell",2020-04-24,NA,NA,"Myrmosidae",1,NA,NA,"not measured","DaFl","5",10
"Bell",2020-04-24,NA,NA,"Anystoidea",2,NA,NA,"not measured","DaFl","6",10
"Bell",2020-04-24,NA,NA,"Entomobryidae",2,NA,NA,"not measured","DaFl","6",10
"Bell",2020-04-24,NA,NA,"Lepismatidae",4,NA,NA,"not measured","DaFl","6",10
"Bell",2020-04-24,NA,NA,"Nocibiotes",1,NA,NA,"not measured","DaFl","6",10
"Bell",2020-04-24,NA,NA,"Steatoda",1,NA,NA,"not measured","DaFl","6",10
"Bell",2020-04-24,NA,NA,"Xysticus",1,NA,NA,"not measured","DaFl","6",10
"Bell",2020-04-24,NA,NA,"Zelotes",1,NA,NA,"not measured","DaFl","6",10
"Bell",2020-04-24,NA,NA,"Bdellidae",1,NA,NA,"not measured","DaFl","7",10
"Bell",2020-04-24,NA,NA,"Chrysomelidae",1,"TRUE",NA,"not measured","DaFl","7",10
"Bell",2020-04-24,NA,NA,"Crematogaster",2,NA,NA,"not measured","DaFl","7",10
"Bell",2020-04-24,NA,NA,"Curculionidae",3,NA,NA,"not measured","DaFl","7",10
"Bell",2020-04-24,NA,NA,"Entomobryidae",2,NA,NA,"not measured","DaFl","7",10
"Bell",2020-04-24,NA,NA,"Nocibiotes",1,NA,NA,"not measured","DaFl","7",10
"Bell",2020-04-24,NA,NA,"Anystoidea",1,NA,NA,"not measured","DaFl","8",10
"Bell",2020-04-24,NA,NA,"Lepismatidae",4,NA,NA,"not measured","DaFl","8",10
"Bell",2020-04-24,NA,NA,"Nocibiotes",1,NA,NA,"not measured","DaFl","8",10
"Bell",2020-04-24,NA,NA,"Anystoidea",4,NA,NA,"not measured","DaFl","9",10
"Bell",2020-04-24,NA,NA,"Arenivaga",1,NA,NA,"not measured","DaFl","9",10
"Bell",2020-04-24,NA,NA,"Cicadellidae",1,"TRUE",NA,"not measured","DaFl","9",10
"Bell",2020-04-24,NA,NA,"Hemiptera",2,"TRUE",NA,"not measured","DaFl","9",10
"Bell",2020-04-24,NA,NA,"Lepismatidae",2,NA,NA,"not measured","DaFl","9",10
"Bell",2020-04-24,NA,NA,"Mecinus",4,NA,NA,"not measured","DaFl","9",10
"Bell",2020-04-24,NA,NA,"Meinertellidae",1,NA,NA,"not measured","DaFl","9",10
"Bell",2020-04-24,NA,NA,"Sminthuridae",1,NA,NA,"not measured","DaFl","9",10
"Bell",2020-04-24,NA,NA,"Anystoidea",1,NA,NA,"not measured","DaFl","10",10
"Bell",2020-04-24,NA,NA,"Curculionidae",3,NA,NA,"not measured","DaFl","10",10
"Bell",2020-04-24,NA,NA,"Lepismatidae",1,NA,NA,"not measured","DaFl","10",10
"Bell",2020-04-24,NA,NA,"Solenopsis xyloni",1,NA,NA,"not measured","DaFl","10",10
"Bell",2020-10-22,"jar broken in transit","trap_not_collected",NA,NA,NA,NA,NA,NA,"1",8
"Bell",2020-10-22,NA,NA,"Anystoidea",1,NA,NA,"not measured","DaFl","2",8
"Bell",2020-10-22,NA,NA,"Solenopsis xyloni",1,NA,NA,"not measured","DaFl","2",8
"Bell",2020-10-22,NA,NA,"Caeculidae",1,NA,NA,"not measured","DaFl","3",8
"Bell",2020-10-22,NA,NA,"Nocibiotes",1,NA,NA,"not measured","DaFl","3",8
"Bell",2020-10-22,NA,NA,"Paravaejovis spinigerus",1,NA,NA,"between 5 and 10 mm","DaFl","3",8
"Bell",2020-10-22,NA,NA,"Solenopsis xyloni",27,NA,NA,"not measured","DaFl","3",8
"Bell",2020-10-22,NA,NA,"Anystoidea",1,NA,NA,"not measured","DaFl","4",8
"Bell",2020-10-22,NA,NA,"Lepismatidae",3,NA,NA,"not measured","DaFl","4",8
"Bell",2020-10-22,NA,NA,"Solenopsis xyloni",11,NA,NA,"not measured","DaFl","4",8
"Bell",2020-10-22,NA,NA,"Anystoidea",1,NA,NA,"not measured","DaFl","5",8
"Bell",2020-10-22,NA,NA,"Lepismatidae",3,NA,NA,"not measured","DaFl","5",8
"Bell",2020-10-22,NA,NA,"Solenopsis xyloni",2,NA,NA,"not measured","DaFl","5",8
"Bell",2020-10-22,"jar broken in transit","trap_not_collected",NA,NA,NA,NA,NA,NA,"6",8
"Bell",2020-10-22,NA,NA,"Anystoidea",1,NA,NA,"not measured","DaFl","7",8
"Bell",2020-10-22,NA,NA,"Lepismatidae",7,NA,NA,"not measured","DaFl","7",8
"Bell",2020-10-22,NA,NA,"Nocibiotes",1,NA,NA,"not measured","DaFl","7",8
"Bell",2020-10-22,NA,NA,"Solenopsis xyloni",1,NA,NA,"not measured","DaFl","7",8
"Bell",2020-10-22,NA,NA,"Anystoidea",1,NA,NA,"not measured","DaFl","8",8
"Bell",2020-10-22,NA,NA,"Cryptoglossa muricata",1,NA,NA,"greater than 10 mm","DaFl","8",8
"Bell",2020-10-22,NA,NA,"Lepismatidae",7,NA,NA,"not measured","DaFl","8",8
"Bell",2020-10-22,NA,NA,"Pheidole",2,NA,NA,"not measured","DaFl","8",8
"Bell",2020-10-22,NA,NA,"Solenopsis xyloni",2,NA,NA,"not measured","DaFl","8",8
"Bell",2020-10-22,NA,NA,"Anystoidea",1,NA,NA,"not measured","DaFl","9",8
"Bell",2020-10-22,NA,NA,"Lepismatidae",5,NA,NA,"not measured","DaFl","9",8
"Bell",2020-10-22,NA,NA,"Solenopsis xyloni",8,NA,NA,"not measured","DaFl","9",8
"Bell",2020-10-22,NA,NA,"Anystoidea",1,NA,NA,"not measured","DaFl","10",8
"Bell",2020-10-22,NA,NA,"Lepismatidae",3,NA,NA,"not measured","DaFl","10",8
"Bell",2021-01-21,NA,NA,"Erythraeoidea",2,NA,NA,"not measured","DaFl","1",10
"Bell",2021-01-21,NA,NA,"Paravaejovis spinigerus",1,NA,NA,"not measured","DaFl","1",10
"Bell",2021-01-21,NA,NA,"Solenopsis xyloni",1,NA,NA,"not measured","DaFl","1",10
"Bell",2021-01-21,"live lizard released",NA,"Erythraeoidea",1,NA,NA,"not measured","DaFl","2",10
"Bell",2021-01-21,"live lizard released",NA,"Geomysaprinus (Priscosaprinus)",1,NA,NA,"not measured","DaFl","2",10
"Bell",2021-01-21,"live lizard released",NA,"Solenopsis xyloni",1,NA,NA,"not measured","DaFl","2",10
"Bell",2021-01-21,NA,NA,"Erythraeoidea",1,NA,NA,"not measured","DaFl","3",10
"Bell",2021-01-21,NA,NA,"Solenopsis xyloni",15,NA,NA,"not measured","DaFl","3",10
"Bell",2021-01-21,NA,NA,"Tenebrionidae",1,NA,NA,"not measured","DaFl","3",10
"Bell",2021-01-21,NA,NA,"Erythraeoidea",3,NA,NA,"not measured","DaFl","4",10
"Bell",2021-01-21,NA,NA,"Solenopsis xyloni",1,NA,NA,"not measured","DaFl","4",10
"Bell",2021-01-21,NA,NA,"Erythraeoidea",2,NA,NA,"not measured","DaFl","5",10
"Bell",2021-01-21,NA,NA,"Solenopsis xyloni",2,NA,NA,"not measured","DaFl","5",10
"Bell",2021-01-21,NA,NA,"Erythraeoidea",2,NA,NA,"not measured","DaFl","6",10
"Bell",2021-01-21,NA,NA,"Phalangiidae",1,NA,NA,"not measured","DaFl","6",10
"Bell",2021-01-21,NA,NA,"Xysticus",1,NA,NA,"not measured","DaFl","6",10
"Bell",2021-01-21,NA,NA,"Erythraeoidea",2,NA,NA,"not measured","DaFl","7",10
"Bell",2021-01-21,NA,NA,"Solenopsis xyloni",1,NA,NA,"not measured","DaFl","7",10
"Bell",2021-01-21,NA,NA,"Xysticus",2,NA,NA,"not measured","DaFl","7",10
"Bell",2021-01-21,NA,NA,"Erythraeoidea",4,NA,NA,"not measured","DaFl","8",10
"Bell",2021-01-21,NA,NA,"Psocodea",1,"TRUE",NA,"not measured","DaFl","8",10
"Bell",2021-01-21,NA,NA,"Solenopsis xyloni",1,NA,NA,"not measured","DaFl","8",10
"Bell",2021-01-21,"live lizard released",NA,"Erythraeoidea",11,NA,NA,"not measured","DaFl","9",10
"Bell",2021-01-21,"live lizard released",NA,"Solenopsis xyloni",1,NA,NA,"not measured","DaFl","9",10
"Bell",2021-01-21,"live lizard released",NA,"Tenebrionidae",1,NA,NA,"not measured","DaFl","9",10
"Bell",2021-01-21,"live lizard released",NA,"Xysticus",1,NA,NA,"not measured","DaFl","9",10
"Bell",2021-01-21,NA,NA,"Erythraeoidea",2,NA,NA,"not measured","DaFl","10",10
"Bell",2021-04-23,"empty","empty_trap",NA,NA,NA,NA,NA,NA,"1",10
"Bell",2021-04-23,"empty","empty_trap",NA,NA,NA,NA,NA,NA,"2",10
"Bell",2021-04-23,NA,NA,"Anystoidea",1,NA,NA,"not measured","DaFl","3",10
"Bell",2021-04-23,NA,NA,"Psilochorus",1,NA,NA,"not measured","DaFl","3",10
"Bell",2021-04-23,NA,NA,"Eleodes armata",1,NA,NA,"not measured","DaFl","4",10
"Bell",2021-04-23,NA,NA,"Lepismatidae",4,NA,NA,"not measured","DaFl","4",10
"Bell",2021-04-23,NA,NA,"Mantidae",1,NA,NA,"not measured","DaFl","4",10
"Bell",2021-04-23,NA,NA,"Meinertellidae",1,NA,NA,"not measured","DaFl","4",10
"Bell",2021-04-23,NA,NA,"Solenopsis xyloni",1,NA,NA,"not measured","DaFl","4",10
"Bell",2021-04-23,NA,NA,"Mantidae",1,NA,NA,"not measured","DaFl","5",10
"Bell",2021-04-23,NA,NA,"Meinertellidae",1,NA,NA,"not measured","DaFl","5",10
"Bell",2021-04-23,NA,NA,"Lepismatidae",1,NA,NA,"not measured","DaFl","6",10
"Bell",2021-04-23,NA,NA,"Meinertellidae",1,NA,NA,"not measured","DaFl","6",10
"Bell",2021-04-23,NA,NA,"Solenopsis xyloni",1,NA,NA,"not measured","DaFl","6",10
"Bell",2021-04-23,NA,NA,"Lepismatidae",2,NA,NA,"not measured","DaFl","7",10
"Bell",2021-04-23,NA,NA,"Solenopsis xyloni",12,NA,NA,"not measured","DaFl","7",10
"Bell",2021-04-23,NA,NA,"Lepismatidae",3,NA,NA,"not measured","DaFl","8",10
"Bell",2021-04-23,NA,NA,"Tenebrionidae",1,NA,NA,"not measured","DaFl","8",10
"Bell",2021-04-23,NA,NA,"Emblethis",1,NA,NA,"not measured","DaFl","9",10
"Bell",2021-04-23,NA,NA,"Pholcidae",1,NA,NA,"not measured","DaFl","9",10
"Bell",2021-04-23,NA,NA,"Solenopsis xyloni",1,NA,NA,"not measured","DaFl","9",10
"Bell",2021-04-23,NA,NA,"Triorophus",1,NA,NA,"not measured","DaFl","9",10
"Bell",2021-04-23,NA,NA,"Bdellidae",1,NA,NA,"not measured","DaFl","10",10
"Bell",2021-04-23,NA,NA,"Lepismatidae",3,NA,NA,"not measured","DaFl","10",10
"Bell",2021-04-23,NA,NA,"Meinertellidae",3,NA,NA,"not measured","DaFl","10",10
"Bell",2021-10-20,"Traps had dried out",NA,"Hemiptera",3,"TRUE","FALSE","not measured","DaFl","1",8
"Bell",2021-10-20,"Traps had dried out",NA,"Melanaethus",12,"FALSE","FALSE","not measured","DaFl","1",8
"Bell",2021-10-20,NA,NA,"Melanaethus",3,"FALSE","FALSE","not measured","DaFl","2",8
"Bell",2021-10-20,NA,NA,"Hemiptera",1,"TRUE","FALSE","not measured","DaFl","3",8
"Bell",2021-10-20,NA,NA,"Melanaethus",7,"FALSE","FALSE","not measured","DaFl","3",8
"Bell",2021-10-20,NA,NA,"Melanaethus",5,"FALSE","FALSE","not measured","DaFl","4",8
"Bell",2021-10-20,NA,NA,"Solenopsis xyloni",1,"FALSE","FALSE","not measured","DaFl","4",8
"Bell",2021-10-20,NA,NA,"Syntomus americanus",2,"FALSE","FALSE","not measured","DaFl","4",8
"Bell",2021-10-20,NA,NA,"Hemiptera",4,"FALSE","FALSE","not measured","DaFl","5",8
"Bell",2021-10-20,NA,NA,"Melanaethus",8,"FALSE","FALSE","not measured","DaFl","5",8
"Bell",2021-10-20,NA,NA,"Solenopsis xyloni",1,"FALSE","FALSE","not measured","DaFl","5",8
"Bell",2021-10-20,NA,"trap_not_collected",NA,NA,NA,NA,NA,NA,"6",8
"Bell",2021-10-20,NA,"trap_not_collected",NA,NA,NA,NA,NA,NA,"7",8
"Bell",2021-10-20,NA,NA,"Anystoidea",1,"FALSE","FALSE","not measured","DaFl","8",8
"Bell",2021-10-20,NA,NA,"Hemiptera",13,"TRUE","FALSE","not measured","DaFl","8",8
"Bell",2021-10-20,NA,NA,"Hemiptera",1,"TRUE","FALSE","not measured","DaFl","9",8
"Bell",2021-10-20,NA,NA,"Selenophorus",5,"FALSE","FALSE","not measured","DaFl","9",8
"Bell",2021-10-20,NA,NA,"Tetragonoderus pallidus",1,"FALSE","FALSE","not measured","DaFl","10",8
"Bell",2022-01-22,NA,NA,"Cydnidae",1,"FALSE","FALSE","not measured","DaFl","1",10
"Bell",2022-01-22,NA,NA,"Solenopsis xyloni",1,"FALSE","FALSE","not measured","DaFl","1",10
"Bell",2022-01-22,NA,NA,"Entomobryidae",1,"FALSE","FALSE","not measured","DaFl","2",10
"Bell",2022-01-22,NA,NA,"Ptomaphagus",1,"FALSE","FALSE","not measured","DaFl","2",10
"Bell",2022-01-22,NA,NA,"Ptomaphagus",1,"FALSE","FALSE","not measured","DaFl","3",10
"Bell",2022-01-22,NA,"empty_trap",NA,NA,NA,NA,NA,NA,"4",10
"Bell",2022-01-22,NA,NA,"Entomobryidae",7,"FALSE","FALSE","not measured","DaFl","5",10
"Bell",2022-01-22,NA,NA,"Erythraeoidea",1,"FALSE","FALSE","not measured","DaFl","5",10
"Bell",2022-01-22,NA,NA,"Hemiptera",1,"TRUE","FALSE","not measured","DaFl","5",10
"Bell",2022-01-22,NA,NA,"Ptomaphagus",1,"FALSE","FALSE","not measured","DaFl","5",10
"Bell",2022-01-22,NA,NA,"Solenopsis xyloni",3,"FALSE","FALSE","not measured","DaFl","5",10
"Bell",2022-01-22,NA,NA,"Tidarren",1,"FALSE","FALSE","not measured","DaFl","5",10
"Bell",2022-01-22,NA,NA,"Hemiptera",1,"TRUE","FALSE","not measured","DaFl","6",10
"Bell",2022-01-22,NA,NA,"Tidarren",1,"FALSE","FALSE","not measured","DaFl","6",10
"Bell",2022-01-22,NA,NA,"Entomobryidae",2,"FALSE","FALSE","not measured","DaFl","7",10
"Bell",2022-01-22,NA,NA,"Hemiptera",2,"TRUE","FALSE","not measured","DaFl","7",10
"Bell",2022-01-22,NA,NA,"Solenopsis xyloni",2,"FALSE","FALSE","not measured","DaFl","7",10
"Bell",2022-01-22,NA,NA,"Tidarren",1,"FALSE","FALSE","not measured","DaFl","7",10
"Bell",2022-01-22,NA,NA,"Entomobryidae",2,"FALSE","FALSE","not measured","DaFl","8",10
"Bell",2022-01-22,NA,NA,"Ptomaphagus",2,"FALSE","FALSE","not measured","DaFl","9",10
"Bell",2022-01-22,NA,NA,"Coleoptera",2,"TRUE","FALSE","not measured","DaFl","10",10
"Bell",2022-01-22,NA,NA,"Entomobryidae",2,"FALSE","FALSE","not measured","DaFl","10",10
"Bell",2022-01-22,NA,NA,"Solenopsis xyloni",1,"FALSE","FALSE","not measured","DaFl","10",10
"Bell",2022-04-21,NA,NA,"Solenopsis xyloni",1,"FALSE","FALSE","not measured","DaFl","1",10
"Bell",2022-04-21,NA,NA,"Curculionidae",1,"FALSE","FALSE","not measured","DaFl","2",10
"Bell",2022-04-21,NA,NA,"Entomobryidae",32,"FALSE","FALSE","not measured","DaFl","2",10
"Bell",2022-04-21,NA,NA,"Forelius",4,"FALSE","FALSE","not measured","DaFl","2",10
"Bell",2022-04-21,NA,NA,"Isopoda",2,"FALSE","FALSE","not measured","DaFl","2",10
"Bell",2022-04-21,NA,NA,"Nocibiotes",1,"FALSE","FALSE","not measured","DaFl","2",10
"Bell",2022-04-21,NA,NA,"Pheidole",1,"FALSE","FALSE","not measured","DaFl","2",10
"Bell",2022-04-21,NA,NA,"Solenopsis xyloni",1,"FALSE","FALSE","not measured","DaFl","2",10
"Bell",2022-04-21,NA,NA,"Sphaeropthalma",1,"FALSE","FALSE","not measured","DaFl","2",10
"Bell",2022-04-21,NA,NA,"Cryptoglossa muricata",1,"FALSE","FALSE","not measured","DaFl","3",10
"Bell",2022-04-21,NA,NA,"Paravaejovis spinigerus",1,"FALSE","FALSE","not measured","DaFl","3",10
"Bell",2022-04-21,NA,NA,"Pheidole",1,"FALSE","FALSE","not measured","DaFl","3",10
"Bell",2022-04-21,NA,NA,"Crematogaster",1,"FALSE","FALSE","not measured","DaFl","4",10
"Bell",2022-04-21,NA,NA,"Cryptoglossa muricata",1,"FALSE","FALSE","not measured","DaFl","4",10
"Bell",2022-04-21,NA,NA,"Entomobryidae",1,"FALSE","FALSE","not measured","DaFl","4",10
"Bell",2022-04-21,NA,NA,"Forelius",3,"FALSE","FALSE","not measured","DaFl","4",10
"Bell",2022-04-21,NA,NA,"Sphaeropthalma",1,"FALSE","FALSE","not measured","DaFl","4",10
"Bell",2022-04-21,NA,NA,"Syntomus americanus",2,"FALSE","FALSE","not measured","DaFl","4",10
"Bell",2022-04-21,NA,NA,"Bdellidae",2,"FALSE","FALSE","not measured","DaFl","5",10
"Bell",2022-04-21,NA,NA,"Cryptoglossa muricata",1,"FALSE","FALSE","not measured","DaFl","5",10
"Bell",2022-04-21,NA,NA,"Entomobryidae",1,"FALSE","FALSE","not measured","DaFl","5",10
"Bell",2022-04-21,NA,NA,"Lasius",3,"FALSE","FALSE","not measured","DaFl","5",10
"Bell",2022-04-21,NA,NA,"Mecinus",3,"FALSE","FALSE","not measured","DaFl","5",10
"Bell",2022-04-21,NA,NA,"Solenopsis xyloni",1,"FALSE","FALSE","not measured","DaFl","5",10
"Bell",2022-04-21,NA,NA,"Syntomus americanus",1,"FALSE","FALSE","not measured","DaFl","5",10
"Bell",2022-04-21,NA,NA,"Tenebrionidae",1,"FALSE","FALSE","not measured","DaFl","5",10
"Bell",2022-04-21,NA,NA,"Carabidae",5,"FALSE","FALSE","not measured","DaFl","6",10
"Bell",2022-04-21,NA,NA,"Chyphotes",1,"FALSE","FALSE","not measured","DaFl","6",10
"Bell",2022-04-21,NA,NA,"Melanaethus",1,"FALSE","FALSE","not measured","DaFl","6",10
"Bell",2022-04-21,NA,NA,"Crematogaster",1,"FALSE","FALSE","not measured","DaFl","7",10
"Bell",2022-04-21,NA,NA,"Termitidae",1,"FALSE","FALSE","not measured","DaFl","7",10
"Bell",2022-04-21,NA,NA,"Carabidae",2,"FALSE","FALSE","not measured","DaFl","8",10
"Bell",2022-04-21,NA,NA,"Solenopsis xyloni",3,"FALSE","FALSE","not measured","DaFl","8",10
"Bell",2022-04-21,NA,NA,"Steatoda",1,"FALSE","FALSE","not measured","DaFl","8",10
"Bell",2022-04-21,NA,NA,"Crematogaster",2,"FALSE","FALSE","not measured","DaFl","9",10
"Bell",2022-04-21,NA,NA,"Lasius",1,"FALSE","FALSE","not measured","DaFl","9",10
"Bell",2022-04-21,NA,NA,"Lepismatidae",1,"FALSE","FALSE","not measured","DaFl","9",10
"Bell",2022-04-21,NA,NA,"Mantidae",1,"FALSE","FALSE","not measured","DaFl","9",10
"Bell",2022-04-21,NA,NA,"Syntomus americanus",2,"FALSE","FALSE","not measured","DaFl","9",10
"Bell",2022-04-21,NA,NA,"Cryptoglossa muricata",1,"FALSE","FALSE","not measured","DaFl","10",10
"Bell",2022-04-21,NA,NA,"Diptera",2,"TRUE","FALSE","not measured","DaFl","10",10
"Bell",2022-04-21,NA,NA,"Melyridae",1,"FALSE","FALSE","not measured","DaFl","10",10
"Bell",2022-04-21,NA,NA,"Paravaejovis spinigerus",1,"FALSE","FALSE","not measured","DaFl","10",10
"Bell",2022-04-21,NA,NA,"Solenopsis xyloni",2,"FALSE","FALSE","not measured","DaFl","10",10
"Bell",2022-04-21,NA,NA,"Syntomus americanus",1,"FALSE","FALSE","not measured","DaFl","10",10
"Bell",2022-10-19,NA,NA,"Isopoda",1,"FALSE","FALSE","not measured","DaFl","1",10
"Bell",2022-10-19,NA,NA,"Pheidole",1,"FALSE","FALSE","not measured","DaFl","1",10
"Bell",2022-10-19,NA,NA,"Tetragonoderus",2,"FALSE","FALSE","not measured","DaFl","1",10
"Bell",2022-10-19,NA,NA,"Isopoda",1,"FALSE","FALSE","not measured","DaFl","2",10
"Bell",2022-10-19,NA,NA,"Tetragonoderus",2,"FALSE","FALSE","not measured","DaFl","2",10
"Bell",2022-10-19,NA,NA,"Entomobryidae",3,"FALSE","FALSE","not measured","DaFl","3",10
"Bell",2022-10-19,NA,NA,"Hypogastruridae",2,"FALSE","FALSE","not measured","DaFl","3",10
"Bell",2022-10-19,NA,NA,"Paravaejovis spinigerus",1,"FALSE","FALSE","not measured","DaFl","3",10
"Bell",2022-10-19,NA,NA,"Sminthuridae",2,"FALSE","FALSE","not measured","DaFl","3",10
"Bell",2022-10-19,NA,NA,"Tenebrionidae",1,"FALSE","FALSE","not measured","DaFl","3",10
"Bell",2022-10-19,NA,NA,"Entomobryidae",1,"FALSE","FALSE","not measured","DaFl","4",10
"Bell",2022-10-19,NA,NA,"Hypogastruridae",5,"FALSE","FALSE","not measured","DaFl","4",10
"Bell",2022-10-19,NA,NA,"Lepismatidae",1,"FALSE","FALSE","not measured","DaFl","4",10
"Bell",2022-10-19,NA,NA,"Sminthuridae",15,"FALSE","FALSE","not measured","DaFl","4",10
"Bell",2022-10-19,NA,NA,"Hypogastruridae",3,"FALSE","FALSE","not measured","DaFl","5",10
"Bell",2022-10-19,NA,NA,"Sminthuridae",11,"FALSE","FALSE","not measured","DaFl","5",10
"Bell",2022-10-19,NA,NA,"Isopoda",3,"FALSE","FALSE","not measured","DaFl","6",10
"Bell",2022-10-19,NA,NA,"Discoderus",1,"FALSE","FALSE","not measured","DaFl","7",10
"Bell",2022-10-19,NA,NA,"Forelius",1,"FALSE","FALSE","not measured","DaFl","7",10
"Bell",2022-10-19,NA,NA,"Hypogastruridae",5,"FALSE","FALSE","not measured","DaFl","7",10
"Bell",2022-10-19,NA,NA,"Isopoda",1,"FALSE","FALSE","not measured","DaFl","7",10
"Bell",2022-10-19,NA,NA,"Sminthuridae",125,"FALSE","FALSE","not measured","DaFl","7",10
"Bell",2022-10-19,NA,NA,"Caeculidae",2,"FALSE","FALSE","not measured","DaFl","8",10
"Bell",2022-10-19,NA,NA,"Hypogastruridae",3,"FALSE","FALSE","not measured","DaFl","8",10
"Bell",2022-10-19,NA,NA,"Isopoda",2,"FALSE","FALSE","not measured","DaFl","8",10
"Bell",2022-10-19,NA,NA,"Lepismatidae",1,"FALSE","FALSE","not measured","DaFl","8",10
"Bell",2022-10-19,NA,NA,"Linyphiidae",1,"FALSE","FALSE","not measured","DaFl","8",10
"Bell",2022-10-19,NA,NA,"Syntomus americanus",1,"FALSE","FALSE","not measured","DaFl","8",10
"Bell",2022-10-19,NA,NA,"Hypogastruridae",7,"FALSE","FALSE","not measured","DaFl","9",10
"Bell",2022-10-19,NA,NA,"Sminthuridae",151,"FALSE","FALSE","not measured","DaFl","9",10
"Bell",2022-10-19,NA,NA,"Hypogastruridae",10,"FALSE","FALSE","not measured","DaFl","10",10
"Bell",2022-10-19,NA,NA,"Sminthuridae",42,"FALSE","FALSE","not measured","DaFl","10",10
"Bell",2023-01-20,NA,NA,"Oribatida",60,"FALSE","FALSE","not measured","DaFl","1",9
"Bell",2023-01-20,NA,NA,"Oribatida",204,"FALSE","FALSE","not measured","DaFl","2",9
"Bell",2023-01-20,NA,NA,"Hemiptera",1,"TRUE","FALSE","not measured","DaFl","3",9
"Bell",2023-01-20,NA,NA,"Oribatida",14,"FALSE","FALSE","not measured","DaFl","3",9
"Bell",2023-01-20,NA,NA,"Oribatida",57,"FALSE","FALSE","not measured","DaFl","4",9
"Bell",2023-01-20,NA,NA,"Ptomaphagus",1,"FALSE","FALSE","not measured","DaFl","4",9
"Bell",2023-01-20,NA,NA,"Cicadellidae",1,"TRUE","FALSE","not measured","DaFl","5",9
"Bell",2023-01-20,NA,NA,"Oribatida",73,"FALSE","FALSE","not measured","DaFl","5",9
"Bell",2023-01-20,NA,NA,"Cicadellidae",1,"TRUE","FALSE","not measured","DaFl","6",9
"Bell",2023-01-20,NA,NA,"Cicadellidae",1,"FALSE","FALSE","not measured","DaFl","6",9
"Bell",2023-01-20,NA,NA,"Oribatida",19,"FALSE","FALSE","not measured","DaFl","6",9
"Bell",2023-01-20,NA,NA,"Sminthuridae",1,"FALSE","FALSE","not measured","DaFl","6",9
"Bell",2023-01-20,NA,NA,"Stenomorpha",1,"FALSE","FALSE","not measured","DaFl","6",9
"Bell",2023-01-20,NA,NA,"Syntomus americanus",1,"FALSE","FALSE","not measured","DaFl","6",9
"Bell",2023-01-20,NA,NA,"Cicadellidae",1,"TRUE","FALSE","not measured","DaFl","7",9
"Bell",2023-01-20,NA,NA,"Linyphiidae",1,"FALSE","FALSE","not measured","DaFl","7",9
"Bell",2023-01-20,NA,NA,"Oribatida",56,"FALSE","FALSE","not measured","DaFl","7",9
"Bell",2023-01-20,NA,NA,"Phalangiidae",1,"FALSE","FALSE","not measured","DaFl","7",9
"Bell",2023-01-20,NA,NA,"Cicadellidae",1,"TRUE","FALSE","not measured","DaFl","8",9
"Bell",2023-01-20,NA,NA,"Oribatida",34,"FALSE","FALSE","not measured","DaFl","8",9
"Bell",2023-01-20,NA,NA,"Solenopsis xyloni",1,"FALSE","FALSE","not measured","DaFl","8",9
"Bell",2023-01-20,NA,"trap_not_collected",NA,NA,NA,NA,NA,NA,"9",9
"Bell",2023-01-20,NA,NA,"Cicadellidae",5,"TRUE","FALSE","not measured","DaFl","10",9
"Bell",2023-01-20,NA,NA,"Coleoptera",1,"TRUE","FALSE","not measured","DaFl","10",9
"Bell",2023-01-20,NA,NA,"Oribatida",7,"FALSE","FALSE","not measured","DaFl","10",9
"Bell",2023-04-21,NA,NA,"Ammotrechidae",1,"FALSE","FALSE","not measured","DaFl","1",10
"Bell",2023-04-21,NA,NA,"Chyphotes",1,"FALSE","FALSE","not measured","DaFl","1",10
"Bell",2023-04-21,NA,NA,"Isopoda",1,"FALSE","FALSE","not measured","DaFl","1",10
"Bell",2023-04-21,NA,NA,"Entomobryidae",3,"FALSE","FALSE","not measured","DaFl","2",10
"Bell",2023-04-21,NA,NA,"Meinertellidae",1,"FALSE","FALSE","not measured","DaFl","2",10
"Bell",2023-04-21,NA,NA,"Nocibiotes",2,"FALSE","FALSE","not measured","DaFl","2",10
"Bell",2023-04-21,NA,NA,"Pheidole",1,"FALSE","FALSE","not measured","DaFl","2",10
"Bell",2023-04-21,NA,NA,"Anystoidea",1,"FALSE","FALSE","not measured","DaFl","3",10
"Bell",2023-04-21,NA,NA,"Entomobryidae",4,"FALSE","FALSE","not measured","DaFl","3",10
"Bell",2023-04-21,NA,NA,"Lepismatidae",1,"FALSE","FALSE","not measured","DaFl","3",10
"Bell",2023-04-21,NA,NA,"Theridiidae",1,"FALSE","FALSE","not measured","DaFl","3",10
"Bell",2023-04-21,NA,NA,"Ammotrechidae",1,"FALSE","FALSE","not measured","DaFl","4",10
"Bell",2023-04-21,NA,NA,"Entomobryidae",2,"FALSE","FALSE","not measured","DaFl","4",10
"Bell",2023-04-21,NA,NA,"Scolopendridae",1,"FALSE","FALSE","not measured","DaFl","4",10
"Bell",2023-04-21,NA,NA,"Ammotrechidae",1,"FALSE","FALSE","not measured","DaFl","5",10
"Bell",2023-04-21,NA,NA,"Entomobryidae",14,"FALSE","FALSE","not measured","DaFl","5",10
"Bell",2023-04-21,NA,NA,"Lasius",1,"FALSE","FALSE","not measured","DaFl","5",10
"Bell",2023-04-21,NA,NA,"Ammotrechidae",1,"FALSE","FALSE","not measured","DaFl","6",10
"Bell",2023-04-21,NA,NA,"Aphididae",1,"FALSE","FALSE","not measured","DaFl","6",10
"Bell",2023-04-21,NA,NA,"Entomobryidae",1,"FALSE","FALSE","not measured","DaFl","6",10
"Bell",2023-04-21,NA,NA,"Ammotrechidae",1,"FALSE","FALSE","not measured","DaFl","7",10
"Bell",2023-04-21,NA,NA,"Crematogaster",2,"FALSE","FALSE","not measured","DaFl","7",10
"Bell",2023-04-21,NA,NA,"Entomobryidae",39,"FALSE","FALSE","not measured","DaFl","7",10
"Bell",2023-04-21,NA,NA,"Entomobryidae",29,"FALSE","FALSE","not measured","DaFl","8",10
"Bell",2023-04-21,NA,NA,"Hemiptera",1,"TRUE","FALSE","not measured","DaFl","8",10
"Bell",2023-04-21,NA,NA,"Entomobryidae",2,"FALSE","FALSE","not measured","DaFl","9",10
"Bell",2023-04-21,NA,NA,"Lasius",1,"FALSE","FALSE","not measured","DaFl","9",10
"Bell",2023-04-21,NA,NA,"Lepismatidae",1,"FALSE","FALSE","not measured","DaFl","9",10
"Bell",2023-04-21,NA,NA,"Myrmeleontidae",1,"FALSE","FALSE","not measured","DaFl","9",10
"Bell",2023-04-21,NA,NA,"Nocibiotes",1,"FALSE","FALSE","not measured","DaFl","9",10
"Bell",2023-04-21,NA,NA,"Psilochorus",1,"FALSE","FALSE","not measured","DaFl","9",10
"Bell",2023-04-21,NA,NA,"Sphaeropthalma",1,"FALSE","FALSE","not measured","DaFl","9",10
"Bell",2023-04-21,NA,NA,"Erythraeoidea",1,"FALSE","FALSE","not measured","DaFl","10",10
"Bell",2023-04-21,NA,NA,"Meinertellidae",5,"FALSE","FALSE","not measured","DaFl","10",10
"Bell",2023-07-29,NA,NA,"Blapstinus",1,"FALSE","FALSE","not measured","DaFl","1",10
"Bell",2023-07-29,NA,NA,"Lepismatidae",3,"FALSE","FALSE","not measured","DaFl","1",10
"Bell",2023-07-29,NA,NA,"Nocibiotes",1,"FALSE","FALSE","not measured","DaFl","1",10
"Bell",2023-07-29,NA,NA,"Solenopsis xyloni",9,"FALSE","FALSE","not measured","DaFl","1",10
"Bell",2023-07-29,NA,NA,"Chyphotes",1,"FALSE","FALSE","not measured","DaFl","2",10
"Bell",2023-07-29,NA,NA,"Cryptoglossa muricata",1,"FALSE","FALSE","not measured","DaFl","2",10
"Bell",2023-07-29,NA,NA,"Lepismatidae",2,"FALSE","FALSE","not measured","DaFl","2",10
"Bell",2023-07-29,NA,NA,"Solenopsis xyloni",140,"FALSE","FALSE","not measured","DaFl","2",10
"Bell",2023-07-29,NA,NA,"Hadrurus arizonensis",1,"FALSE","FALSE","not measured","DaFl","3",10
"Bell",2023-07-29,NA,NA,"Lepismatidae",2,"FALSE","FALSE","not measured","DaFl","3",10
"Bell",2023-07-29,NA,NA,"Mantidae",1,"FALSE","FALSE","not measured","DaFl","3",10
"Bell",2023-07-29,NA,NA,"Solenopsis xyloni",42,"FALSE","FALSE","not measured","DaFl","3",10
"Bell",2023-07-29,NA,NA,"Entomobryidae",2,"FALSE","FALSE","not measured","DaFl","4",10
"Bell",2023-07-29,NA,NA,"Lepismatidae",1,"FALSE","FALSE","not measured","DaFl","4",10
"Bell",2023-07-29,NA,NA,"Solenopsis xyloni",3,"FALSE","FALSE","not measured","DaFl","4",10
"Bell",2023-07-29,NA,NA,"Lepismatidae",1,"FALSE","FALSE","not measured","DaFl","5",10
"Bell",2023-07-29,NA,NA,"Anystoidea",1,"FALSE","FALSE","not measured","DaFl","6",10
"Bell",2023-07-29,NA,NA,"Crematogaster",1,"FALSE","FALSE","not measured","DaFl","6",10
"Bell",2023-07-29,NA,NA,"Entomobryidae",28,"FALSE","FALSE","not measured","DaFl","6",10
"Bell",2023-07-29,NA,NA,"Lepismatidae",11,"FALSE","FALSE","not measured","DaFl","6",10
"Bell",2023-07-29,NA,NA,"Nocibiotes",1,"FALSE","FALSE","not measured","DaFl","6",10
"Bell",2023-07-29,NA,NA,"Scolopendridae",2,"FALSE","FALSE","not measured","DaFl","6",10
"Bell",2023-07-29,NA,NA,"Solenopsis xyloni",20,"FALSE","FALSE","not measured","DaFl","6",10
"Bell",2023-07-29,NA,NA,"Lepismatidae",1,"FALSE","FALSE","not measured","DaFl","7",10
"Bell",2023-07-29,NA,NA,"Nocibiotes",1,"FALSE","FALSE","not measured","DaFl","7",10
"Bell",2023-07-29,NA,NA,"Solenopsis xyloni",9,"FALSE","FALSE","not measured","DaFl","7",10
"Bell",2023-07-29,NA,NA,"Chyphotes",1,"FALSE","FALSE","not measured","DaFl","8",10
"Bell",2023-07-29,NA,NA,"Entomobryidae",1,"FALSE","FALSE","not measured","DaFl","8",10
"Bell",2023-07-29,NA,NA,"Solenopsis xyloni",6,"FALSE","FALSE","not measured","DaFl","8",10
"Bell",2023-07-29,NA,NA,"Tenebrionidae",1,"FALSE","FALSE","not measured","DaFl","8",10
"Bell",2023-07-29,NA,NA,"Formicidae",1,"FALSE","TRUE","not measured","DaFl","9",10
"Bell",2023-07-29,NA,NA,"Lepismatidae",1,"FALSE","FALSE","not measured","DaFl","9",10
"Bell",2023-07-29,NA,NA,"Solenopsis xyloni",3,"FALSE","FALSE","not measured","DaFl","9",10
"Bell",2023-07-29,NA,NA,"Syntomus americanus",1,"FALSE","FALSE","not measured","DaFl","9",10
"Bell",2023-07-29,NA,NA,"Lepismatidae",1,"FALSE","FALSE","not measured","DaFl","10",10
"Bell",2023-07-29,NA,NA,"Paravaejovis spinigerus",1,"FALSE","FALSE","not measured","DaFl","10",10
"Bell",2023-07-29,NA,NA,"Salticidae",1,"FALSE","FALSE","not measured","DaFl","10",10
"Bell",2023-07-29,NA,NA,"Solenopsis xyloni",2,"FALSE","FALSE","not measured","DaFl","10",10
"Bell",2023-10-24,"Labels were written in pen along with another site; couldn't differentiate between the two sites","trap_not_collected",NA,NA,NA,NA,NA,NA,"1",NA
"Bell",2023-10-24,NA,"trap_not_collected",NA,NA,NA,NA,NA,NA,"2",NA
"Bell",2023-10-24,NA,"trap_not_collected",NA,NA,NA,NA,NA,NA,"3",NA
"Bell",2023-10-24,NA,"trap_not_collected",NA,NA,NA,NA,NA,NA,"4",NA
"Bell",2023-10-24,NA,"trap_not_collected",NA,NA,NA,NA,NA,NA,"5",NA
"Bell",2023-10-24,NA,"trap_not_collected",NA,NA,NA,NA,NA,NA,"6",NA
"Bell",2023-10-24,NA,"trap_not_collected",NA,NA,NA,NA,NA,NA,"7",NA
"Bell",2023-10-24,NA,"trap_not_collected",NA,NA,NA,NA,NA,NA,"8",NA
"Bell",2023-10-24,NA,"trap_not_collected",NA,NA,NA,NA,NA,NA,"9",NA
"Bell",2023-10-24,NA,"trap_not_collected",NA,NA,NA,NA,NA,NA,"10",NA
"Bell",2024-01-27,NA,NA,"Drassyllus",1,"FALSE","FALSE","not measured","DaFl","1",10
"Bell",2024-01-27,NA,NA,"Erythraeidae",5,"FALSE","FALSE","not measured","DaFl","2",10
"Bell",2024-01-27,NA,NA,"Phalangiidae",1,"FALSE","FALSE","not measured","DaFl","2",10
"Bell",2024-01-27,NA,NA,"Psilochorus",1,"FALSE","FALSE","not measured","DaFl","2",10
"Bell",2024-01-27,NA,NA,"Erythraeoidea",4,"FALSE","FALSE","not measured","DaFl","3",10
"Bell",2024-01-27,NA,NA,"Erythraeoidea",4,"FALSE","FALSE","not measured","DaFl","4",10
"Bell",2024-01-27,NA,NA,"Hypogastruridae",1,"FALSE","FALSE","not measured","DaFl","4",10
"Bell",2024-01-27,NA,NA,"Solenopsis xyloni",1,"FALSE","FALSE","not measured","DaFl","5",10
"Bell",2024-01-27,NA,NA,"Dorymyrmex",1,"FALSE","FALSE","not measured","DaFl","6",10
"Bell",2024-01-27,NA,NA,"Erythraeidae",6,"FALSE","FALSE","not measured","DaFl","6",10
"Bell",2024-01-27,NA,NA,"Phalangiidae",1,"FALSE","FALSE","not measured","DaFl","6",10
"Bell",2024-01-27,NA,NA,"Thripidae",1,"FALSE","FALSE","not measured","DaFl","6",10
"Bell",2024-01-27,NA,NA,"Ceraticelus",1,"FALSE","FALSE","not measured","DaFl","7",10
"Bell",2024-01-27,NA,NA,"Drassyllus",1,"FALSE","FALSE","not measured","DaFl","7",10
"Bell",2024-01-27,NA,NA,"Erythraeidae",2,"FALSE","FALSE","not measured","DaFl","7",10
"Bell",2024-01-27,NA,NA,"Hypogastruridae",1,"FALSE","FALSE","not measured","DaFl","7",10
"Bell",2024-01-27,NA,NA,"Solenopsis xyloni",1,"FALSE","FALSE","not measured","DaFl","7",10
"Bell",2024-01-27,NA,NA,"Erythraeoidea",1,"FALSE","FALSE","not measured","DaFl","8",10
"Bell",2024-01-27,NA,NA,"Hydroptilidae",1,"FALSE","FALSE","not measured","DaFl","8",10
"Bell",2024-01-27,NA,NA,"Erythraeoidea",3,"FALSE","FALSE","not measured","DaFl","9",10
"Bell",2024-01-27,NA,NA,"Cecidomyiidae",1,"FALSE","FALSE","not measured","DaFl","10",10
"Bell",2024-01-27,NA,NA,"Erythraeoidea",9,"FALSE","FALSE","not measured","DaFl","10",10
"Bell",2024-01-27,NA,NA,"Phalangiidae",1,"FALSE","FALSE","not measured","DaFl","10",10
"Bell",2024-04-17,NA,NA,"Anystoidea",1,"FALSE","FALSE","not measured","DaFl","1",10
"Bell",2024-04-17,NA,NA,"Hemiptera",1,"TRUE","FALSE","not measured","DaFl","1",10
"Bell",2024-04-17,NA,NA,"Lepismatidae",3,"FALSE","FALSE","not measured","DaFl","1",10
"Bell",2024-04-17,NA,NA,"Lepismatidae",1,"FALSE","FALSE","not measured","DaFl","2",10
"Bell",2024-04-17,NA,NA,"Mecinus",1,"FALSE","FALSE","not measured","DaFl","2",10
"Bell",2024-04-17,NA,NA,"Anystoidea",3,"FALSE","FALSE","not measured","DaFl","3",10
"Bell",2024-04-17,NA,NA,"Chyphotes",1,"FALSE","FALSE","not measured","DaFl","3",10
"Bell",2024-04-17,NA,NA,"Lepismatidae",1,"FALSE","FALSE","not measured","DaFl","3",10
"Bell",2024-04-17,NA,NA,"Nocibiotes",1,"FALSE","FALSE","not measured","DaFl","3",10
"Bell",2024-04-17,NA,NA,"Aphididae",1,"FALSE","FALSE","not measured","DaFl","4",10
"Bell",2024-04-17,NA,NA,"Hemiptera",1,"TRUE","FALSE","not measured","DaFl","4",10
"Bell",2024-04-17,NA,NA,"Lepismatidae",1,"FALSE","FALSE","not measured","DaFl","4",10
"Bell",2024-04-17,NA,NA,"Mecinus",3,"FALSE","FALSE","not measured","DaFl","4",10
"Bell",2024-04-17,NA,NA,"Meinertellidae",2,"FALSE","FALSE","not measured","DaFl","4",10
"Bell",2024-04-17,NA,NA,"Nocibiotes",1,"FALSE","FALSE","not measured","DaFl","4",10
"Bell",2024-04-17,NA,NA,"Anystoidea",2,"FALSE","FALSE","not measured","DaFl","5",10
"Bell",2024-04-17,NA,NA,"Aphididae",1,"FALSE","FALSE","not measured","DaFl","5",10
"Bell",2024-04-17,NA,NA,"Entomobryidae",1,"FALSE","FALSE","not measured","DaFl","5",10
"Bell",2024-04-17,NA,NA,"Lepismatidae",1,"FALSE","FALSE","not measured","DaFl","5",10
"Bell",2024-04-17,NA,NA,"Mecinus",3,"FALSE","FALSE","not measured","DaFl","5",10
"Bell",2024-04-17,NA,NA,"Mutillidae",1,"FALSE","FALSE","not measured","DaFl","5",10
"Bell",2024-04-17,NA,NA,"Sminthuridae",1,"FALSE","FALSE","not measured","DaFl","5",10
"Bell",2024-04-17,NA,NA,"Anystoidea",1,"FALSE","FALSE","not measured","DaFl","6",10
"Bell",2024-04-17,NA,NA,"Aphididae",2,"FALSE","FALSE","not measured","DaFl","6",10
"Bell",2024-04-17,NA,NA,"Carabidae",1,"TRUE","FALSE","not measured","DaFl","6",10
"Bell",2024-04-17,NA,NA,"Entomobryidae",1,"FALSE","FALSE","not measured","DaFl","6",10
"Bell",2024-04-17,NA,NA,"Lepismatidae",1,"FALSE","FALSE","not measured","DaFl","6",10
"Bell",2024-04-17,NA,NA,"Mecinus",1,"FALSE","FALSE","not measured","DaFl","6",10
"Bell",2024-04-17,NA,NA,"Meinertellidae",2,"FALSE","FALSE","not measured","DaFl","6",10
"Bell",2024-04-17,NA,NA,"Triorophus",1,"FALSE","FALSE","not measured","DaFl","6",10
"Bell",2024-04-17,NA,NA,"Anystoidea",1,"FALSE","FALSE","not measured","DaFl","7",10
"Bell",2024-04-17,NA,NA,"Erythraeoidea",1,"FALSE","FALSE","not measured","DaFl","7",10
"Bell",2024-04-17,NA,NA,"Hemiptera",1,"TRUE","FALSE","not measured","DaFl","7",10
"Bell",2024-04-17,NA,NA,"Meinertellidae",2,"FALSE","FALSE","not measured","DaFl","7",10
"Bell",2024-04-17,NA,NA,"Ammotrechidae",1,"FALSE","FALSE","not measured","DaFl","8",10
"Bell",2024-04-17,NA,NA,"Anystoidea",2,"FALSE","FALSE","not measured","DaFl","8",10
"Bell",2024-04-17,NA,NA,"Entomobryidae",11,"FALSE","FALSE","not measured","DaFl","8",10
"Bell",2024-04-17,NA,NA,"Sminthuridae",1,"FALSE","FALSE","not measured","DaFl","8",10
"Bell",2024-04-17,NA,NA,"Cryptoglossa muricata",1,"FALSE","FALSE","not measured","DaFl","9",10
"Bell",2024-04-17,NA,NA,"Meinertellidae",2,"FALSE","FALSE","not measured","DaFl","9",10
"Bell",2024-04-17,NA,NA,"Sminthuridae",2,"FALSE","FALSE","not measured","DaFl","10",10
"Bell",2024-07-22,NA,NA,"Anystoidea",1,"FALSE","FALSE","not measured","DaFl","1",10
"Bell",2024-07-22,NA,NA,"Chaetocnema",1,"FALSE","FALSE","not measured","DaFl","1",10
"Bell",2024-07-22,NA,NA,"Entomobryidae",1,"FALSE","FALSE","not measured","DaFl","1",10
"Bell",2024-07-22,NA,NA,"Lepismatidae",1,"FALSE","FALSE","not measured","DaFl","1",10
"Bell",2024-07-22,NA,NA,"Solenopsis xyloni",3,"FALSE","FALSE","not measured","DaFl","1",10
"Bell",2024-07-22,NA,NA,"Lepismatidae",7,"FALSE","FALSE","not measured","DaFl","2",10
"Bell",2024-07-22,NA,NA,"Anystoidea",1,"FALSE","FALSE","not measured","DaFl","3",10
"Bell",2024-07-22,NA,NA,"Lepismatidae",6,"FALSE","FALSE","not measured","DaFl","3",10
"Bell",2024-07-22,NA,NA,"Solenopsis xyloni",1,"FALSE","FALSE","not measured","DaFl","3",10
"Bell",2024-07-22,NA,NA,"Solenopsis xyloni",1,"FALSE","TRUE","not measured","DaFl","3",10
"Bell",2024-07-22,NA,NA,"Lepismatidae",2,"FALSE","FALSE","not measured","DaFl","4",10
"Bell",2024-07-22,NA,NA,"Paravaejovis spinigerus",1,"FALSE","FALSE","not measured","DaFl","4",10
"Bell",2024-07-22,NA,NA,"Solenopsis xyloni",72,"FALSE","FALSE","not measured","DaFl","4",10
"Bell",2024-07-22,NA,NA,"Entomobryidae",3,"FALSE","FALSE","not measured","DaFl","5",10
"Bell",2024-07-22,NA,NA,"Lepismatidae",33,"FALSE","FALSE","not measured","DaFl","5",10
"Bell",2024-07-22,NA,NA,"Solenopsis xyloni",3,"FALSE","FALSE","not measured","DaFl","5",10
"Bell",2024-07-22,NA,NA,"Anystoidea",1,"FALSE","FALSE","not measured","DaFl","6",10
"Bell",2024-07-22,NA,NA,"Lepismatidae",34,"FALSE","FALSE","not measured","DaFl","6",10
"Bell",2024-07-22,NA,NA,"Nocibiotes",1,"FALSE","FALSE","not measured","DaFl","6",10
"Bell",2024-07-22,NA,NA,"Ammotrechidae",1,"FALSE","FALSE","not measured","DaFl","7",10
"Bell",2024-07-22,NA,NA,"Entomobryidae",2,"FALSE","FALSE","not measured","DaFl","7",10
"Bell",2024-07-22,NA,NA,"Lepismatidae",1,"FALSE","FALSE","not measured","DaFl","7",10
"Bell",2024-07-22,NA,NA,"Pheidole",1,"FALSE","FALSE","not measured","DaFl","7",10
"Bell",2024-07-22,NA,NA,"Solenopsis xyloni",5,"FALSE","FALSE","not measured","DaFl","7",10
"Bell",2024-07-22,NA,NA,"Lepismatidae",2,"FALSE","FALSE","not measured","DaFl","8",10
"Bell",2024-07-22,NA,NA,"Solenopsis xyloni",11,"FALSE","FALSE","not measured","DaFl","8",10
"Bell",2024-07-22,NA,NA,"Anystoidea",1,"FALSE","FALSE","not measured","DaFl","9",10
"Bell",2024-07-22,NA,NA,"Forelius",1,"FALSE","FALSE","not measured","DaFl","9",10
"Bell",2024-07-22,NA,NA,"Lepismatidae",10,"FALSE","FALSE","not measured","DaFl","9",10
"Bell",2024-07-22,NA,NA,"Solenopsis xyloni",9,"FALSE","FALSE","not measured","DaFl","9",10
"Bell",2024-07-22,NA,NA,"Anystoidea",1,"FALSE","FALSE","not measured","DaFl","10",10
"Bell",2024-07-22,NA,NA,"Lepismatidae",16,"FALSE","FALSE","not measured","DaFl","10",10
"Bell",2024-07-22,NA,NA,"Solenopsis xyloni",3,"FALSE","FALSE","not measured","DaFl","10",10
"Bell",2024-10-18,NA,"empty_trap",NA,NA,NA,NA,NA,NA,"1",9
"Bell",2024-10-18,NA,NA,"Entomobryidae",1,"FALSE","FALSE","not measured","DaFl","2",9
"Bell",2024-10-18,NA,NA,"Forelius",2,"FALSE","FALSE","not measured","DaFl","2",9
"Bell",2024-10-18,NA,NA,"Lepismatidae",1,"FALSE","FALSE","not measured","DaFl","2",9
"Bell",2024-10-18,NA,NA,"Solenopsis xyloni",7,"FALSE","FALSE","not measured","DaFl","2",9
"Bell",2024-10-18,NA,NA,"Lepismatidae",8,"FALSE","FALSE","not measured","DaFl","3",9
"Bell",2024-10-18,"lizard in trap",NA,"Lepismatidae",5,"FALSE","FALSE","not measured","DaFl","4",9
"Bell",2024-10-18,"lizard in trap",NA,"Sminthuridae",1,"FALSE","FALSE","not measured","DaFl","4",9
"Bell",2024-10-18,"lizard in trap",NA,"Solenopsis xyloni",1,"FALSE","FALSE","not measured","DaFl","4",9
"Bell",2024-10-18,"lizard in trap",NA,"Tetramorium",1,"FALSE","FALSE","not measured","DaFl","4",9
"Bell",2024-10-18,NA,NA,"Chyphotes",1,"FALSE","FALSE","not measured","DaFl","5",9
"Bell",2024-10-18,NA,NA,"Lepismatidae",1,"FALSE","FALSE","not measured","DaFl","5",9
"Bell",2024-10-18,NA,NA,"Solenopsis xyloni",1,"FALSE","FALSE","not measured","DaFl","5",9
"Bell",2024-10-18,NA,NA,"Anystoidea",1,"FALSE","FALSE","not measured","DaFl","6",9
"Bell",2024-10-18,NA,NA,"Lepismatidae",13,"FALSE","FALSE","not measured","DaFl","6",9
"Bell",2024-10-18,NA,NA,"Sminthuridae",1,"FALSE","FALSE","not measured","DaFl","6",9
"Bell",2024-10-18,NA,NA,"Solenopsis xyloni",1,"FALSE","FALSE","not measured","DaFl","6",9
"Bell",2024-10-18,NA,NA,"Aphis",1,"FALSE","FALSE","not measured","DaFl","7",9
"Bell",2024-10-18,NA,NA,"Entomobryidae",2,"FALSE","FALSE","not measured","DaFl","7",9
"Bell",2024-10-18,NA,NA,"Paravaejovis spinigerus",1,"FALSE","FALSE","not measured","DaFl","7",9
"Bell",2024-10-18,NA,NA,"Solenopsis xyloni",1,"FALSE","FALSE","not measured","DaFl","7",9
"Bell",2024-10-18,NA,"trap_not_collected",NA,NA,NA,NA,NA,NA,"8",9
"Bell",2024-10-18,"Lizard in trap",NA,"Cryptoglossa muricata",2,"FALSE","FALSE","not measured","DaFl","9",9
"Bell",2024-10-18,"Lizard in trap",NA,"Entomobryidae",1,"FALSE","FALSE","not measured","DaFl","9",9
"Bell",2024-10-18,"Lizard in trap",NA,"Lepismatidae",3,"FALSE","FALSE","not measured","DaFl","9",9
"Bell",2024-10-18,"Lizard in trap",NA,"Solenopsis xyloni",10,"FALSE","FALSE","not measured","DaFl","9",9
"Bell",2024-10-18,NA,NA,"Anystoidea",5,"FALSE","FALSE","not measured","DaFl","10",9
"Bell",2024-10-18,NA,NA,"Lepismatidae",1,"FALSE","FALSE","not measured","DaFl","10",9
"Bell",2024-10-18,NA,NA,"Pheidole",2,"FALSE","FALSE","not measured","DaFl","10",9
"Bell",2024-10-18,NA,NA,"Solenopsis xyloni",72,"FALSE","FALSE","not measured","DaFl","10",9
"Bell",2025-01-19,NA,"empty_trap",NA,NA,NA,NA,NA,NA,"1",10
"Bell",2025-01-19,NA,"empty_trap",NA,NA,NA,NA,NA,NA,"2",10
"Bell",2025-01-19,NA,NA,"Paravaejovis spinigerus",1,"FALSE","FALSE","not measured","DaFl","3",10
"Bell",2025-01-19,NA,NA,"Pheidole",5,"FALSE","FALSE","not measured","DaFl","3",10
"Bell",2025-01-19,NA,"empty_trap",NA,NA,NA,NA,NA,NA,"4",10
"Bell",2025-01-19,NA,"empty_trap",NA,NA,NA,NA,NA,NA,"5",10
"Bell",2025-01-19,NA,NA,"Eucyllus",1,"FALSE","FALSE","not measured","DaFl","6",10
"Bell",2025-01-19,NA,NA,"Xysticus",1,"FALSE","FALSE","not measured","DaFl","7",10
"Bell",2025-01-19,NA,"empty_trap",NA,NA,NA,NA,NA,NA,"8",10
"Bell",2025-01-19,NA,NA,"Neuroptera",1,"TRUE","FALSE","not measured","DaFl","9",10
"Bell",2025-01-19,NA,"empty_trap",NA,NA,NA,NA,NA,NA,"10",10
"Dixileta",2012-02-23,NA,NA,"Empididae",1,NA,NA,"not measured","ChAl","1",10
"Dixileta",2012-02-23,NA,NA,"Lepidoptera",1,"TRUE",NA,"not measured","ChAl","1",10
"Dixileta",2012-02-23,NA,NA,"Rhaphidophorinae",2,NA,NA,"not measured","ChAl","1",10
"Dixileta",2012-02-23,NA,NA,"Acari",16,NA,NA,"not measured","ChAl","2",10
"Dixileta",2012-02-23,NA,NA,"Chloropidae",1,NA,NA,"not measured","ChAl","2",10
"Dixileta",2012-02-23,NA,NA,"Coccoidea",1,NA,NA,"not measured","ChAl","2",10
"Dixileta",2012-02-23,NA,NA,"Opiliones",1,NA,NA,"not measured","ChAl","2",10
"Dixileta",2012-02-23,NA,NA,"Phytocoris",1,NA,NA,"not measured","ChAl","2",10
"Dixileta",2012-02-23,NA,NA,"Ptomaphagus",1,NA,NA,"not measured","ChAl","2",10
"Dixileta",2012-02-23,NA,NA,"Sminthuridae",7,NA,NA,"not measured","ChAl","2",10
"Dixileta",2012-02-23,NA,NA,"Solenopsis xyloni",1,NA,NA,"not measured","ChAl","2",10
"Dixileta",2012-02-23,NA,NA,"Acari",23,NA,NA,"not measured","ChAl","3",10
"Dixileta",2012-02-23,NA,NA,"Anepsius",1,NA,NA,"not measured","ChAl","3",10
"Dixileta",2012-02-23,NA,NA,"Aphididae",1,NA,NA,"not measured","ChAl","3",10
"Dixileta",2012-02-23,NA,NA,"Cicadellidae",6,"TRUE",NA,"not measured","ChAl","3",10
"Dixileta",2012-02-23,NA,NA,"Coccoidea",1,NA,NA,"not measured","ChAl","3",10
"Dixileta",2012-02-23,NA,NA,"Forelius pruinosus",14,NA,NA,"not measured","ChAl","3",10
"Dixileta",2012-02-23,NA,NA,"Rhaphidophorinae",2,NA,NA,"not measured","ChAl","3",10
"Dixileta",2012-02-23,NA,NA,"Sminthuridae",26,NA,NA,"not measured","ChAl","3",10
"Dixileta",2012-02-23,NA,NA,"Acari",16,NA,NA,"not measured","ChAl","4",10
"Dixileta",2012-02-23,NA,NA,"Aleyrodidae",1,NA,NA,"not measured","ChAl","4",10
"Dixileta",2012-02-23,NA,NA,"Camponotus",1,NA,NA,"not measured","ChAl","4",10
"Dixileta",2012-02-23,NA,NA,"Cicadellidae",8,"TRUE",NA,"not measured","ChAl","4",10
"Dixileta",2012-02-23,NA,NA,"Coccoidea",2,NA,NA,"not measured","ChAl","4",10
"Dixileta",2012-02-23,NA,NA,"Collops",1,NA,NA,"not measured","ChAl","4",10
"Dixileta",2012-02-23,NA,NA,"Empididae",1,NA,NA,"not measured","ChAl","4",10
"Dixileta",2012-02-23,NA,NA,"Encyrtidae",1,NA,NA,"not measured","ChAl","4",10
"Dixileta",2012-02-23,NA,NA,"Entomobryidae",1,NA,NA,"not measured","ChAl","4",10
"Dixileta",2012-02-23,NA,NA,"Figitinae",1,NA,NA,"not measured","ChAl","4",10
"Dixileta",2012-02-23,NA,NA,"Psilochorus",1,NA,NA,"not measured","ChAl","4",10
"Dixileta",2012-02-23,NA,NA,"Ptomaphagus",1,NA,NA,"not measured","ChAl","4",10
"Dixileta",2012-02-23,NA,NA,"Sminthuridae",39,NA,NA,"not measured","ChAl","4",10
"Dixileta",2012-02-23,NA,NA,"Solenopsis xyloni",334,NA,NA,"not measured","ChAl","4",10
"Dixileta",2012-02-23,NA,NA,"Xysticus",1,NA,NA,"not measured","ChAl","4",10
"Dixileta",2012-02-23,NA,NA,"Acari",18,NA,NA,"not measured","ChAl","5",10
"Dixileta",2012-02-23,NA,NA,"Cicadellidae",1,"TRUE",NA,"not measured","ChAl","5",10
"Dixileta",2012-02-23,NA,NA,"Coccoidea",1,NA,NA,"not measured","ChAl","5",10
"Dixileta",2012-02-23,NA,NA,"Euryopis",1,NA,NA,"not measured","ChAl","5",10
"Dixileta",2012-02-23,NA,NA,"Figitinae",1,NA,NA,"not measured","ChAl","5",10
"Dixileta",2012-02-23,NA,NA,"Rhaphidophorinae",1,NA,NA,"not measured","ChAl","5",10
"Dixileta",2012-02-23,NA,NA,"Sminthuridae",1,NA,NA,"not measured","ChAl","5",10
"Dixileta",2012-02-23,NA,NA,"Solenopsis xyloni",1,NA,NA,"not measured","ChAl","5",10
"Dixileta",2012-02-23,NA,NA,"Solifugae",1,NA,NA,"not measured","ChAl","5",10
"Dixileta",2012-02-23,NA,NA,"Acari",4,NA,NA,"not measured","ChAl","6",10
"Dixileta",2012-02-23,NA,NA,"Eremosaprinus",1,NA,NA,"not measured","ChAl","6",10
"Dixileta",2012-02-23,NA,NA,"Acari",4,NA,NA,"not measured","ChAl","7",10
"Dixileta",2012-02-23,NA,NA,"Aphididae",1,NA,NA,"not measured","ChAl","7",10
"Dixileta",2012-02-23,NA,NA,"Sminthuridae",1,NA,NA,"not measured","ChAl","7",10
"Dixileta",2012-02-23,NA,NA,"Rhaphidophorinae",1,NA,NA,"not measured","ChAl","8",10
"Dixileta",2012-02-23,NA,NA,"Sminthuridae",1,NA,NA,"not measured","ChAl","8",10
"Dixileta",2012-02-23,NA,NA,"Acari",3,NA,NA,"not measured","ChAl","9",10
"Dixileta",2012-02-23,NA,NA,"Cicadellidae",1,"TRUE",NA,"not measured","ChAl","9",10
"Dixileta",2012-02-23,NA,NA,"Haplodrassus",1,NA,NA,"not measured","ChAl","9",10
"Dixileta",2012-02-23,NA,NA,"Solenopsis xyloni",1,NA,NA,"not measured","ChAl","9",10
"Dixileta",2012-02-23,NA,NA,"Acari",2,NA,NA,"not measured","ChAl","10",10
"Dixileta",2012-02-23,NA,NA,"Xysticus",1,NA,NA,"not measured","ChAl","10",10
"Dixileta",2012-04-26,"Water in all traps from rain previous night and that morning; Preserved with 99% isopropyl alcohol and water.",NA,"Acari",2,NA,NA,"not measured","ChAl","1",10
"Dixileta",2012-04-26,"Water in all traps from rain previous night and that morning; Preserved with 99% isopropyl alcohol and water.",NA,"Cecidomyiidae",1,NA,NA,"not measured","ChAl","1",10
"Dixileta",2012-04-26,"Water in all traps from rain previous night and that morning; Preserved with 99% isopropyl alcohol and water.",NA,"Entomobryidae",2,NA,NA,"not measured","ChAl","1",10
"Dixileta",2012-04-26,"Water in all traps from rain previous night and that morning; Preserved with 99% isopropyl alcohol and water.",NA,"Meinertellidae",1,NA,NA,"not measured","ChAl","1",10
"Dixileta",2012-04-26,"Water in all traps from rain previous night and that morning; Preserved with 99% isopropyl alcohol and water.",NA,"Pheidole xerophila",1,NA,NA,"not measured","ChAl","1",10
"Dixileta",2012-04-26,"Water in all traps from rain previous night and that morning; Preserved with 99% isopropyl alcohol and water.",NA,"Entomobryidae",2,NA,NA,"not measured","ChAl","2",10
"Dixileta",2012-04-26,"Water in all traps from rain previous night and that morning; Preserved with 99% isopropyl alcohol and water.",NA,"Myrmeleontidae",1,"TRUE",NA,"not measured","ChAl","2",10
"Dixileta",2012-04-26,"Water in all traps from rain previous night and that morning; Preserved with 99% isopropyl alcohol and water.",NA,"Novomessor cockerelli",1,NA,NA,"not measured","ChAl","2",10
"Dixileta",2012-04-26,"Water in all traps from rain previous night and that morning; Preserved with 99% isopropyl alcohol and water.",NA,"Agroeca",1,NA,NA,"not measured","ChAl","3",10
"Dixileta",2012-04-26,"Water in all traps from rain previous night and that morning.Preserved with 99% isopropyl alcohol and water.",NA,"Camponotus",1,NA,NA,"not measured","ChAl","4",10
"Dixileta",2012-04-26,"Water in all traps from rain previous night and that morning.Preserved with 99% isopropyl alcohol and water.",NA,"Forelius pruinosus",2,NA,NA,"not measured","ChAl","4",10
"Dixileta",2012-04-26,"Water in all traps from rain previous night and that morning.Preserved with 99% isopropyl alcohol and water.",NA,"Meinertellidae",2,NA,NA,"not measured","ChAl","4",10
"Dixileta",2012-04-26,"Water in all traps from rain previous night and that morning.Preserved with 99% isopropyl alcohol and water.",NA,"Novomessor cockerelli",9,NA,NA,"not measured","ChAl","4",10
"Dixileta",2012-04-26,"Water in all traps from rain previous night and that morning.Preserved with 99% isopropyl alcohol and water.",NA,"Rhaphidophorinae",1,NA,NA,"not measured","ChAl","4",10
"Dixileta",2012-04-26,"Water in all traps from rain previous night and that morning.Preserved with 99% isopropyl alcohol and water.",NA,"Solenopsis xyloni",17,NA,NA,"not measured","ChAl","4",10
"Dixileta",2012-04-26,"Water in all traps from rain previous night and that morning; Preserved with 99% isopropyl alcohol and water.",NA,"Pogonomyrmex",1,NA,NA,"not measured","ChAl","5",10
"Dixileta",2012-04-26,"Water in all traps from rain previous night and that morning; Preserved with 99% isopropyl alcohol and water.",NA,"Entomobryidae",1,NA,NA,"not measured","ChAl","6",10
"Dixileta",2012-04-26,"Water in all traps from rain previous night and that morning; Preserved with 99% isopropyl alcohol and water.",NA,"Acari",12,NA,NA,"not measured","ChAl","7",10
"Dixileta",2012-04-26,"Water in all traps from rain previous night and that morning; Preserved with 99% isopropyl alcohol and water.",NA,"Entomobryidae",1,NA,NA,"not measured","ChAl","7",10
"Dixileta",2012-04-26,"Water in all traps from rain previous night and that morning; Preserved with 99% isopropyl alcohol and water.",NA,"Myrmeleontidae",1,"TRUE",NA,"not measured","ChAl","7",10
"Dixileta",2012-04-26,"Water in all traps from rain previous night and that morning; Preserved with 99% isopropyl alcohol and water.",NA,"Psilochorus",1,NA,NA,"not measured","ChAl","7",10
"Dixileta",2012-04-26,"Water in all traps from rain previous night and that morning; Preserved with 99% isopropyl alcohol and water.",NA,"Acari",1,NA,NA,"not measured","ChAl","8",10
"Dixileta",2012-04-26,"Water in all traps from rain previous night and that morning; Preserved with 99% isopropyl alcohol and water.",NA,"Cicadellidae",1,"TRUE",NA,"not measured","ChAl","9",10
"Dixileta",2012-04-26,"Water in all traps from rain previous night and that morning; Preserved with 99% isopropyl alcohol and water.",NA,"Entomobryidae",2,NA,NA,"not measured","ChAl","9",10
"Dixileta",2012-04-26,"Water in all traps from rain previous night and that morning; Preserved with 99% isopropyl alcohol and water.",NA,"Meinertellidae",1,NA,NA,"not measured","ChAl","9",10
"Dixileta",2012-04-26,"Water in all traps from rain previous night and that morning; Preserved with 99% isopropyl alcohol and water.",NA,"Oxyopes",1,NA,NA,"not measured","ChAl","9",10
"Dixileta",2012-04-26,"Water in all traps from rain previous night and that morning; Preserved with 99% isopropyl alcohol and water.",NA,"Psilochorus",1,NA,NA,"not measured","ChAl","9",10
"Dixileta",2012-04-26,"Water in all traps from rain previous night and that morning; Preserved with 99% isopropyl alcohol and water.",NA,"Solenopsis xyloni",6,NA,NA,"not measured","ChAl","9",10
"Dixileta",2012-04-26,"Water in all traps from rain previous night and that morning; Preserved with 99% isopropyl alcohol and water.",NA,"Thripidae",1,NA,NA,"not measured","ChAl","9",10
"Dixileta",2012-04-26,"Water in all traps from rain previous night and that morning; Preserved with 99% isopropyl alcohol and water.",NA,"Acari",2,NA,NA,"not measured","ChAl","10",10
"Dixileta",2012-04-26,"Water in all traps from rain previous night and that morning; Preserved with 99% isopropyl alcohol and water.",NA,"Meinertellidae",1,NA,NA,"not measured","ChAl","10",10
"Dixileta",2012-07-27,"Water in all traps from rain the prev. night and that morning; Preserved w/ 70% isopropyl alcohol.",NA,"Cryptoglossa",1,NA,NA,"greater than 10 mm","ChAl","1",10
"Dixileta",2012-07-27,"Water in all traps from rain the prev. night and that morning; Preserved w/ 70% isopropyl alcohol.",NA,"Forelius",1,NA,NA,"not measured","ChAl","1",10
"Dixileta",2012-07-27,"Water in all traps from rain the prev. night and that morning; Preserved w/ 70% isopropyl alcohol.",NA,"Pogonomyrmex rugosus",3,NA,NA,"not measured","ChAl","1",10
"Dixileta",2012-07-27,"Water in all traps from rain the prev. night and that morning; Preserved w/ 70% isopropyl alcohol.",NA,"Solenopsis",1,NA,NA,"not measured","ChAl","1",10
"Dixileta",2012-07-27,NA,NA,"Agroeca",2,NA,NA,"not measured","ChAl","2",10
"Dixileta",2012-07-27,NA,NA,"Entomobryidae",1,NA,NA,"not measured","ChAl","2",10
"Dixileta",2012-07-27,NA,NA,"Hypogastruridae",2,NA,NA,"not measured","ChAl","2",10
"Dixileta",2012-07-27,NA,NA,"Oxyopes",1,NA,NA,"not measured","ChAl","2",10
"Dixileta",2012-07-27,NA,NA,"Pogonomyrmex",1,NA,NA,"not measured","ChAl","2",10
"Dixileta",2012-07-27,NA,NA,"Pogonomyrmex rugosus",2,NA,NA,"not measured","ChAl","2",10
"Dixileta",2012-07-27,NA,NA,"Sminthuridae",1,NA,NA,"not measured","ChAl","2",10
"Dixileta",2012-07-27,NA,NA,"Novomessor cockerelli",1,NA,NA,"not measured","ChAl","3",10
"Dixileta",2012-07-27,NA,NA,"Pogonomyrmex rugosus",9,NA,NA,"not measured","ChAl","3",10
"Dixileta",2012-07-27,NA,NA,"Cryptoglossa",2,NA,NA,"greater than 10 mm","ChAl","4",10
"Dixileta",2012-07-27,NA,NA,"Forelius pruinosus",2,NA,NA,"not measured","ChAl","4",10
"Dixileta",2012-07-27,NA,NA,"Meinertellidae",1,NA,NA,"not measured","ChAl","4",10
"Dixileta",2012-07-27,NA,NA,"Novomessor cockerelli",3,NA,NA,"not measured","ChAl","4",10
"Dixileta",2012-07-27,NA,NA,"Pogonomyrmex",1,NA,NA,"not measured","ChAl","4",10
"Dixileta",2012-07-27,NA,NA,"Pogonomyrmex rugosus",5,NA,NA,"not measured","ChAl","4",10
"Dixileta",2012-07-27,NA,NA,"Acari",1,NA,NA,"not measured","ChAl","5",10
"Dixileta",2012-07-27,NA,NA,"Pogonomyrmex rugosus",8,NA,NA,"not measured","ChAl","5",10
"Dixileta",2012-07-27,NA,NA,"Acari",1,NA,NA,"not measured","ChAl","6",10
"Dixileta",2012-07-27,NA,NA,"Agroeca",1,NA,NA,"not measured","ChAl","6",10
"Dixileta",2012-07-27,NA,NA,"Formicidae",1,NA,"TRUE","not measured","ChAl","6",10
"Dixileta",2012-07-27,NA,NA,"Novomessor cockerelli",1,NA,NA,"not measured","ChAl","6",10
"Dixileta",2012-07-27,NA,NA,"Oxyopes",2,NA,NA,"not measured","ChAl","6",10
"Dixileta",2012-07-27,NA,NA,"Pogonomyrmex rugosus",12,NA,NA,"not measured","ChAl","6",10
"Dixileta",2012-07-27,NA,NA,"Habronattus",1,NA,NA,"not measured","ChAl","7",10
"Dixileta",2012-07-27,NA,NA,"Oxyopes",1,NA,NA,"not measured","ChAl","7",10
"Dixileta",2012-07-27,NA,NA,"Pogonomyrmex rugosus",1,NA,NA,"not measured","ChAl","7",10
"Dixileta",2012-07-27,NA,NA,"Habronattus",1,NA,NA,"not measured","ChAl","8",10
"Dixileta",2012-07-27,NA,NA,"Mymaridae",1,NA,NA,"not measured","ChAl","8",10
"Dixileta",2012-07-27,NA,NA,"Pogonomyrmex rugosus",3,NA,NA,"not measured","ChAl","8",10
"Dixileta",2012-07-27,NA,NA,"Acari",1,NA,NA,"not measured","ChAl","9",10
"Dixileta",2012-07-27,NA,NA,"Pogonomyrmex rugosus",1,NA,NA,"not measured","ChAl","9",10
"Dixileta",2012-07-27,NA,NA,"Agroeca",1,NA,NA,"not measured","ChAl","10",10
"Dixileta",2012-07-27,NA,NA,"Cryptoglossa",1,NA,NA,"greater than 10 mm","ChAl","10",10
"Dixileta",2012-07-27,NA,NA,"Meinertellidae",2,NA,NA,"not measured","ChAl","10",10
"Dixileta",2012-07-27,NA,NA,"Synaphosus",1,NA,NA,"not measured","ChAl","10",10
"Dixileta",2013-08-15,NA,NA,"Anystidae",1,NA,NA,"not measured","ChAl","1",10
"Dixileta",2013-08-15,NA,NA,"Anystidae",1,NA,NA,"not measured","ChAl","2",10
"Dixileta",2013-08-15,NA,NA,"Brachymyrmex depilis",1,NA,NA,"not measured","ChAl","2",10
"Dixileta",2013-08-15,NA,NA,"Novomessor cockerelli",1,NA,NA,"not measured","ChAl","2",10
"Dixileta",2013-08-15,NA,NA,"Forelius pruinosus",2,NA,NA,"not measured","ChAl","3",10
"Dixileta",2013-08-15,NA,NA,"Neivamyrmex",1,NA,NA,"not measured","ChAl","3",10
"Dixileta",2013-08-15,NA,NA,"Psilochorus",1,NA,NA,"not measured","ChAl","3",10
"Dixileta",2013-08-15,NA,NA,"Vaejovidae",1,NA,NA,"not measured","ChAl","3",10
"Dixileta",2013-08-15,NA,NA,"Bdellidae",1,NA,NA,"not measured","ChAl","4",10
"Dixileta",2013-08-15,NA,NA,"Erythraeidae",1,NA,NA,"not measured","ChAl","4",10
"Dixileta",2013-08-15,NA,NA,"Forelius pruinosus",1,NA,NA,"not measured","ChAl","4",10
"Dixileta",2013-08-15,NA,NA,"Novomessor cockerelli",2,NA,NA,"not measured","ChAl","4",10
"Dixileta",2013-08-15,NA,NA,"Pogonomyrmex",1,NA,NA,"not measured","ChAl","4",10
"Dixileta",2013-08-15,NA,NA,"Agroeca",1,NA,NA,"not measured","ChAl","5",10
"Dixileta",2013-08-15,NA,NA,"Anystidae",2,NA,NA,"not measured","ChAl","5",10
"Dixileta",2013-08-15,NA,NA,"Bdellidae",1,NA,NA,"not measured","ChAl","5",10
"Dixileta",2013-08-15,NA,NA,"Erythraeidae",4,NA,NA,"not measured","ChAl","5",10
"Dixileta",2013-08-15,NA,NA,"Nocibiotes",1,NA,NA,"between 2 and 5 mm","ChAl","5",10
"Dixileta",2013-08-15,NA,NA,"Novomessor cockerelli",1,NA,NA,"not measured","ChAl","5",10
"Dixileta",2013-08-15,NA,NA,"Pardosa",1,NA,NA,"not measured","ChAl","5",10
"Dixileta",2013-08-15,NA,NA,"Pheidole xerophila",1,NA,NA,"not measured","ChAl","5",10
"Dixileta",2013-08-15,NA,NA,"Agroeca",1,NA,NA,"not measured","ChAl","6",10
"Dixileta",2013-08-15,NA,NA,"Caeculidae",1,NA,NA,"not measured","ChAl","6",10
"Dixileta",2013-08-15,NA,NA,"Ceraticelus",1,NA,NA,"not measured","ChAl","6",10
"Dixileta",2013-08-15,NA,NA,"Erythraeidae",3,NA,NA,"not measured","ChAl","6",10
"Dixileta",2013-08-15,NA,NA,"Forelius pruinosus",1,NA,NA,"not measured","ChAl","6",10
"Dixileta",2013-08-15,NA,NA,"Novomessor cockerelli",3,NA,NA,"not measured","ChAl","6",10
"Dixileta",2013-08-15,"no arthropods","empty_trap",NA,NA,NA,NA,NA,NA,"7",10
"Dixileta",2013-08-15,NA,NA,"Anystidae",1,NA,NA,"not measured","ChAl","8",10
"Dixileta",2013-08-15,NA,NA,"Forelius pruinosus",142,NA,NA,"not measured","ChAl","8",10
"Dixileta",2013-08-15,NA,NA,"Solenopsis xyloni",3,NA,NA,"not measured","ChAl","8",10
"Dixileta",2013-08-15,NA,NA,"Erythraeidae",3,NA,NA,"not measured","ChAl","9",10
"Dixileta",2013-08-15,NA,NA,"Forelius pruinosus",1,NA,NA,"not measured","ChAl","9",10
"Dixileta",2013-08-15,NA,NA,"Isopoda",1,NA,NA,"not measured","ChAl","9",10
"Dixileta",2013-08-15,NA,NA,"Solenopsis xyloni",2,NA,NA,"not measured","ChAl","9",10
"Dixileta",2013-08-15,NA,NA,"Anystidae",1,NA,NA,"not measured","ChAl","10",10
"Dixileta",2013-08-15,NA,NA,"Cryptoglossa",1,NA,NA,"greater than 10 mm","ChAl","10",10
"Dixileta",2013-08-15,NA,NA,"Entomobryidae",3,NA,NA,"not measured","ChAl","10",10
"Dixileta",2013-08-15,NA,NA,"Forelius pruinosus",2,NA,NA,"not measured","ChAl","10",10
"Dixileta",2013-08-15,NA,NA,"Formicidae",1,NA,"TRUE","not measured","ChAl","10",10
"Dixileta",2013-08-15,NA,NA,"Isopoda",1,NA,NA,"not measured","ChAl","10",10
"Dixileta",2013-08-15,NA,NA,"Pardosa",1,NA,NA,"not measured","ChAl","10",10
"Dixileta",2013-10-21,NA,NA,"Solenopsis xyloni",5,NA,NA,"not measured","ChAl","1",10
"Dixileta",2013-10-21,"No arthropods","empty_trap",NA,NA,NA,NA,NA,NA,"2",10
"Dixileta",2013-10-21,"No arthropods","empty_trap",NA,NA,NA,NA,NA,NA,"3",10
"Dixileta",2013-10-21,NA,NA,"Erythraeidae",1,NA,NA,"not measured","ChAl","4",10
"Dixileta",2013-10-21,NA,NA,"Thripidae",1,NA,NA,"not measured","ChAl","4",10
"Dixileta",2013-10-21,NA,NA,"Erythraeidae",5,NA,NA,"not measured","ChAl","5",10
"Dixileta",2013-10-21,NA,NA,"Eulophidae",1,NA,NA,"not measured","ChAl","5",10
"Dixileta",2013-10-21,NA,NA,"Novomessor cockerelli",1,NA,NA,"not measured","ChAl","6",10
"Dixileta",2013-10-21,NA,NA,"Coccoidea",1,NA,NA,"not measured","ChAl","7",10
"Dixileta",2013-10-21,NA,NA,"Scelionidae",1,NA,NA,"not measured","ChAl","7",10
"Dixileta",2013-10-21,NA,NA,"Liorhyssus",1,NA,NA,"not measured","ChAl","8",10
"Dixileta",2013-10-21,NA,NA,"Xysticus",1,NA,NA,"not measured","ChAl","8",10
"Dixileta",2013-10-21,NA,NA,"Coccoidea",1,NA,NA,"not measured","ChAl","9",10
"Dixileta",2013-10-21,"No arthropods","empty_trap",NA,NA,NA,NA,NA,NA,"10",10
"Dixileta",2014-02-27,NA,NA,"Acari",2,NA,NA,"not measured","MaTs","1",10
"Dixileta",2014-02-27,NA,NA,"Chrysomelidae",1,"TRUE",NA,"not measured","MaTs","1",10
"Dixileta",2014-02-27,NA,NA,"Entomobryidae",3,NA,NA,"not measured","MaTs","1",10
"Dixileta",2014-02-27,NA,NA,"Hemiptera",1,"TRUE",NA,"not measured","MaTs","1",10
"Dixileta",2014-02-27,NA,NA,"Chrysomelidae",1,"TRUE",NA,"not measured","MaTs","2",10
"Dixileta",2014-02-27,NA,NA,"Coccoidea",3,NA,NA,"not measured","MaTs","2",10
"Dixileta",2014-02-27,NA,NA,"Sminthuridae",1,NA,NA,"not measured","MaTs","2",10
"Dixileta",2014-02-27,NA,NA,"Solenopsis xyloni",1,NA,NA,"not measured","MaTs","2",10
"Dixileta",2014-02-27,NA,NA,"Thripidae",1,NA,NA,"not measured","MaTs","2",10
"Dixileta",2014-02-27,NA,NA,"Acari",1,NA,NA,"not measured","MaTs","3",10
"Dixileta",2014-02-27,NA,NA,"Coccoidea",2,NA,NA,"not measured","MaTs","3",10
"Dixileta",2014-02-27,NA,NA,"Exitianus",2,NA,NA,"not measured","MaTs","3",10
"Dixileta",2014-02-27,NA,NA,"Sminthuridae",8,NA,NA,"not measured","MaTs","3",10
"Dixileta",2014-02-27,NA,NA,"Thripidae",1,NA,NA,"not measured","MaTs","3",10
"Dixileta",2014-02-27,NA,NA,"Cicadellidae",2,"TRUE",NA,"not measured","MaTs","4",10
"Dixileta",2014-02-27,NA,NA,"Coccoidea",2,NA,NA,"not measured","MaTs","4",10
"Dixileta",2014-02-27,NA,NA,"Linyphiidae",1,NA,NA,"not measured","MaTs","4",10
"Dixileta",2014-02-27,NA,NA,"Pyralidae",1,"TRUE",NA,"not measured","MaTs","4",10
"Dixileta",2014-02-27,NA,NA,"Cicadellidae",1,"TRUE",NA,"not measured","MaTs","5",10
"Dixileta",2014-02-27,NA,NA,"Ptomaphagus",1,NA,NA,"not measured","MaTs","5",10
"Dixileta",2014-02-27,NA,NA,"Solenopsis xyloni",1,NA,NA,"not measured","MaTs","5",10
"Dixileta",2014-02-27,NA,NA,"Thripidae",2,NA,NA,"not measured","MaTs","5",10
"Dixileta",2014-02-27,NA,NA,"Entomobryidae",2,NA,NA,"not measured","MaTs","6",10
"Dixileta",2014-02-27,NA,NA,"Thripidae",1,NA,NA,"not measured","MaTs","6",10
"Dixileta",2014-02-27,NA,NA,"Xysticus",1,NA,NA,"not measured","MaTs","6",10
"Dixileta",2014-02-27,NA,NA,"Coccoidea",2,NA,NA,"not measured","MaTs","7",10
"Dixileta",2014-02-27,NA,NA,"Caeculidae",1,NA,NA,"not measured","MaTs","8",10
"Dixileta",2014-02-27,NA,NA,"Coccoidea",10,NA,NA,"not measured","MaTs","8",10
"Dixileta",2014-02-27,NA,NA,"Entomobryidae",28,NA,NA,"not measured","MaTs","8",10
"Dixileta",2014-02-27,NA,NA,"Entomobryidae",3,NA,NA,"not measured","MaTs","9",10
"Dixileta",2014-02-27,NA,NA,"Thripidae",1,NA,NA,"not measured","MaTs","10",10
"Dixileta",2014-04-18,NA,NA,"Aleochara",4,NA,NA,"not measured","RoOr","1",10
"Dixileta",2014-04-18,NA,NA,"Entomobryidae",1,NA,NA,"not measured","RoOr","1",10
"Dixileta",2014-04-18,NA,NA,"Solenopsis xyloni",1,NA,NA,"not measured","RoOr","1",10
"Dixileta",2014-04-18,NA,NA,"Aleochara",1,NA,NA,"not measured","RoOr","2",10
"Dixileta",2014-04-18,NA,NA,"Erythraeoidea",2,NA,NA,"not measured","RoOr","2",10
"Dixileta",2014-04-18,NA,NA,"Meinertellidae",1,NA,NA,"not measured","RoOr","2",10
"Dixileta",2014-04-18,NA,NA,"Psocodea",1,"TRUE",NA,"not measured","RoOr","2",10
"Dixileta",2014-04-18,NA,NA,"Erythraeoidea",2,NA,NA,"not measured","RoOr","3",10
"Dixileta",2014-04-18,NA,NA,"Geocoris",1,NA,NA,"not measured","RoOr","3",10
"Dixileta",2014-04-18,NA,NA,"Oeclidius",1,NA,NA,"not measured","RoOr","3",10
"Dixileta",2014-04-18,NA,NA,"Anystoidea",1,NA,NA,"not measured","RoOr","4",10
"Dixileta",2014-04-18,NA,NA,"Drassyllus",1,NA,NA,"not measured","RoOr","4",10
"Dixileta",2014-04-18,NA,NA,"Erythraeoidea",3,NA,NA,"not measured","RoOr","4",10
"Dixileta",2014-04-18,NA,NA,"Forelius pruinosus",1,NA,NA,"not measured","RoOr","4",10
"Dixileta",2014-04-18,NA,NA,"Novomessor cockerelli",1,NA,NA,"not measured","RoOr","4",10
"Dixileta",2014-04-18,NA,NA,"Erythraeoidea",1,NA,NA,"not measured","RoOr","5",10
"Dixileta",2014-04-18,NA,NA,"Habronattus",1,NA,NA,"not measured","RoOr","5",10
"Dixileta",2014-04-18,NA,NA,"Lygaeidae",1,"TRUE",NA,"not measured","RoOr","5",10
"Dixileta",2014-04-18,NA,NA,"Nocibiotes",1,NA,NA,"between 2 and 5 mm","RoOr","5",10
"Dixileta",2014-04-18,NA,NA,"Ptomaphagus",1,NA,NA,"not measured","RoOr","5",10
"Dixileta",2014-04-18,NA,NA,"Anystoidea",2,NA,NA,"not measured","RoOr","6",10
"Dixileta",2014-04-18,NA,NA,"Novomessor cockerelli",1,NA,NA,"not measured","RoOr","6",10
"Dixileta",2014-04-18,NA,NA,"Forelius pruinosus",1,NA,NA,"not measured","RoOr","7",10
"Dixileta",2014-04-18,NA,NA,"Caeculidae",1,NA,NA,"not measured","RoOr","8",10
"Dixileta",2014-04-18,NA,NA,"Erythraeoidea",1,NA,NA,"not measured","RoOr","9",10
"Dixileta",2014-04-18,NA,NA,"Pogonomyrmex rugosus",1,NA,NA,"not measured","RoOr","9",10
"Dixileta",2014-04-18,NA,NA,"Anystoidea",1,NA,NA,"not measured","RoOr","10",10
"Dixileta",2014-04-18,NA,NA,"Coccoidea",1,NA,NA,"not measured","RoOr","10",10
"Dixileta",2014-04-18,NA,NA,"Erythraeoidea",1,NA,NA,"not measured","RoOr","10",10
"Dixileta",2014-08-17,NA,NA,"Cryptoglossa",1,NA,NA,"greater than 10 mm","RoOr","1",9
"Dixileta",2014-08-17,NA,NA,"Solenopsis xyloni",2,NA,NA,"not measured","RoOr","1",9
"Dixileta",2014-08-17,"Not collected, lizard","trap_not_collected",NA,NA,NA,NA,NA,NA,"2",9
"Dixileta",2014-08-17,NA,NA,"Anystoidea",1,NA,NA,"not measured","RoOr","3",9
"Dixileta",2014-08-17,NA,NA,"Caeculidae",1,NA,NA,"not measured","RoOr","3",9
"Dixileta",2014-08-17,NA,NA,"Chloropidae",1,NA,NA,"not measured","RoOr","3",9
"Dixileta",2014-08-17,NA,NA,"Coleoptera",1,"TRUE",NA,"not measured","RoOr","3",9
"Dixileta",2014-08-17,NA,NA,"Entomobryidae",3,NA,NA,"not measured","RoOr","3",9
"Dixileta",2014-08-17,NA,NA,"Erythraeoidea",14,NA,NA,"not measured","RoOr","3",9
"Dixileta",2014-08-17,NA,NA,"Forelius pruinosus",5,NA,NA,"not measured","RoOr","3",9
"Dixileta",2014-08-17,NA,NA,"Hadrurus arizonensis",1,NA,NA,"not measured","RoOr","3",9
"Dixileta",2014-08-17,NA,NA,"Isopoda",1,NA,NA,"not measured","RoOr","3",9
"Dixileta",2014-08-17,NA,NA,"Novomessor cockerelli",1,NA,NA,"not measured","RoOr","3",9
"Dixileta",2014-08-17,NA,NA,"Pogonomyrmex rugosus",2,NA,NA,"not measured","RoOr","3",9
"Dixileta",2014-08-17,NA,NA,"Scaphiella",1,NA,NA,"not measured","RoOr","3",9
"Dixileta",2014-08-17,NA,NA,"Sminthuridae",3,NA,NA,"not measured","RoOr","3",9
"Dixileta",2014-08-17,NA,NA,"Tetramorium",1,NA,NA,"not measured","RoOr","3",9
"Dixileta",2014-08-17,NA,NA,"Chloropidae",1,NA,NA,"not measured","RoOr","4",9
"Dixileta",2014-08-17,NA,NA,"Iuridae",1,NA,NA,"not measured","RoOr","4",9
"Dixileta",2014-08-17,NA,NA,"Mantidae",1,NA,NA,"not measured","RoOr","4",9
"Dixileta",2014-08-17,NA,NA,"Meinertellidae",1,NA,NA,"not measured","RoOr","4",9
"Dixileta",2014-08-17,NA,NA,"Novomessor cockerelli",3,NA,NA,"not measured","RoOr","4",9
"Dixileta",2014-08-17,NA,NA,"Sminthuridae",1,NA,NA,"not measured","RoOr","4",9
"Dixileta",2014-08-17,NA,NA,"Anystoidea",1,NA,NA,"not measured","RoOr","5",9
"Dixileta",2014-08-17,NA,NA,"Pogonomyrmex",1,NA,NA,"not measured","RoOr","5",9
"Dixileta",2014-08-17,NA,NA,"Solenopsis xyloni",2,NA,NA,"not measured","RoOr","5",9
"Dixileta",2014-08-17,NA,NA,"Caeculidae",1,NA,NA,"not measured","RoOr","6",9
"Dixileta",2014-08-17,NA,NA,"Novomessor cockerelli",2,NA,NA,"not measured","RoOr","6",9
"Dixileta",2014-08-17,NA,NA,"Pheidole",35,NA,NA,"not measured","RoOr","6",9
"Dixileta",2014-08-17,NA,NA,"Pogonomyrmex",2,NA,NA,"not measured","RoOr","6",9
"Dixileta",2014-08-17,NA,NA,"Pogonomyrmex rugosus",1,NA,NA,"not measured","RoOr","6",9
"Dixileta",2014-08-17,NA,NA,"Termitidae",2,NA,NA,"not measured","RoOr","6",9
"Dixileta",2014-08-17,NA,NA,"Forelius pruinosus",2,NA,NA,"not measured","RoOr","7",9
"Dixileta",2014-08-17,NA,NA,"Solenopsis xyloni",1,NA,NA,"not measured","RoOr","7",9
"Dixileta",2014-08-17,NA,NA,"Chironomidae",1,NA,NA,"not measured","RoOr","8",9
"Dixileta",2014-08-17,NA,NA,"Erythraeoidea",1,NA,NA,"not measured","RoOr","8",9
"Dixileta",2014-08-17,NA,NA,"Oribatida",3,NA,NA,"not measured","RoOr","8",9
"Dixileta",2014-08-17,NA,NA,"Caeculidae",1,NA,NA,"not measured","RoOr","9",9
"Dixileta",2014-08-17,NA,NA,"Forelius pruinosus",3,NA,NA,"not measured","RoOr","9",9
"Dixileta",2014-08-17,NA,NA,"Solenopsis xyloni",2,NA,NA,"not measured","RoOr","9",9
"Dixileta",2014-08-17,NA,NA,"Anystoidea",1,NA,NA,"not measured","RoOr","10",9
"Dixileta",2014-08-17,NA,NA,"Isopoda",1,NA,NA,"not measured","RoOr","10",9
"Dixileta",2014-12-11,NA,NA,"Cicadellidae",1,"TRUE",NA,"not measured","AnDe","1",10
"Dixileta",2014-12-11,NA,NA,"Coccoidea",1,"TRUE",NA,"not measured","AnDe","1",10
"Dixileta",2014-12-11,NA,NA,"Coleoptera",1,"TRUE",NA,"not measured","AnDe","1",10
"Dixileta",2014-12-11,NA,NA,"Erythraeoidea",1,NA,NA,"not measured","AnDe","1",10
"Dixileta",2014-12-11,NA,NA,"Hypogastruridae",1,NA,NA,"not measured","AnDe","1",10
"Dixileta",2014-12-11,NA,NA,"Acari",1,NA,NA,"not measured","AnDe","2",10
"Dixileta",2014-12-11,NA,NA,"Leiodidae",1,NA,NA,"not measured","AnDe","2",10
"Dixileta",2014-12-11,NA,NA,"Sminthuridae",1,NA,NA,"not measured","AnDe","2",10
"Dixileta",2014-12-11,"lizard",NA,"Acari",2,NA,NA,"not measured","AnDe","3",10
"Dixileta",2014-12-11,"lizard",NA,"Caeculidae",1,NA,NA,"not measured","AnDe","3",10
"Dixileta",2014-12-11,"lizard",NA,"Coniopterygidae",1,NA,NA,"not measured","AnDe","3",10
"Dixileta",2014-12-11,"lizard",NA,"Entomobryidae",2,NA,NA,"not measured","AnDe","3",10
"Dixileta",2014-12-11,"lizard",NA,"Hypogastruridae",1,NA,NA,"not measured","AnDe","3",10
"Dixileta",2014-12-11,"lizard",NA,"Leiodidae",1,NA,NA,"not measured","AnDe","3",10
"Dixileta",2014-12-11,"lizard",NA,"Tetramorium",1,NA,NA,"not measured","AnDe","3",10
"Dixileta",2014-12-11,NA,NA,"Anystoidea",1,NA,NA,"not measured","AnDe","4",10
"Dixileta",2014-12-11,NA,NA,"Entomobryidae",1,NA,NA,"not measured","AnDe","4",10
"Dixileta",2014-12-11,NA,NA,"Erythraeoidea",2,NA,NA,"not measured","AnDe","4",10
"Dixileta",2014-12-11,NA,NA,"Formicidae",1,NA,NA,"not measured","AnDe","4",10
"Dixileta",2014-12-11,NA,NA,"Salticidae",1,NA,NA,"not measured","AnDe","4",10
"Dixileta",2014-12-11,NA,NA,"Hypogastruridae",2,NA,NA,"not measured","AnDe","5",10
"Dixileta",2014-12-11,NA,NA,"Leiodidae",1,NA,NA,"not measured","AnDe","5",10
"Dixileta",2014-12-11,NA,NA,"Bdellidae",1,NA,NA,"not measured","AnDe","6",10
"Dixileta",2014-12-11,NA,NA,"Entomobryidae",2,NA,NA,"not measured","AnDe","6",10
"Dixileta",2014-12-11,NA,NA,"Erythraeoidea",1,NA,NA,"not measured","AnDe","6",10
"Dixileta",2014-12-11,NA,NA,"Onthophagus gazella",1,NA,NA,"not measured","AnDe","6",10
"Dixileta",2014-12-11,NA,NA,"Psocodea",1,NA,NA,"not measured","AnDe","6",10
"Dixileta",2014-12-11,NA,NA,"Entomobryidae",1,NA,NA,"not measured","AnDe","7",10
"Dixileta",2014-12-11,NA,NA,"Formicidae",1,NA,NA,"not measured","AnDe","7",10
"Dixileta",2014-12-11,NA,NA,"Hypogastruridae",2,NA,NA,"not measured","AnDe","7",10
"Dixileta",2014-12-11,NA,NA,"Onthophagus gazella",1,NA,NA,"not measured","AnDe","7",10
"Dixileta",2014-12-11,NA,NA,"Alopecosa",1,NA,NA,"not measured","AnDe","8",10
"Dixileta",2014-12-11,NA,NA,"Formicidae",1,NA,NA,"not measured","AnDe","8",10
"Dixileta",2014-12-11,NA,NA,"Hypogastruridae",3,NA,NA,"not measured","AnDe","8",10
"Dixileta",2014-12-11,NA,NA,"Sminthuridae",1,NA,NA,"not measured","AnDe","8",10
"Dixileta",2014-12-11,NA,NA,"Thripidae",1,NA,NA,"not measured","AnDe","8",10
"Dixileta",2014-12-11,NA,NA,"Erythraeoidea",1,NA,NA,"not measured","AnDe","9",10
"Dixileta",2014-12-11,NA,NA,"Hypogastruridae",2,NA,NA,"not measured","AnDe","9",10
"Dixileta",2014-12-11,NA,NA,"Sminthuridae",1,NA,NA,"not measured","AnDe","9",10
"Dixileta",2014-12-11,NA,NA,"Thripidae",1,NA,NA,"not measured","AnDe","9",10
"Dixileta",2014-12-11,NA,NA,"Acari",1,NA,NA,"not measured","AnDe","10",10
"Dixileta",2014-12-11,NA,NA,"Hypogastruridae",1,NA,NA,"not measured","AnDe","10",10
"Dixileta",2015-02-06,NA,NA,"Isotomidae",3,NA,NA,"not measured","AnDe","1",10
"Dixileta",2015-02-06,NA,NA,"Psocodea",1,NA,NA,"not measured","AnDe","1",10
"Dixileta",2015-02-06,NA,NA,"Sminthuridae",1,NA,NA,"not measured","AnDe","1",10
"Dixileta",2015-02-06,NA,NA,"Acari",2,NA,NA,"not measured","AnDe","2",10
"Dixileta",2015-02-06,NA,NA,"Chalcidoidea",1,NA,"TRUE","not measured","AnDe","2",10
"Dixileta",2015-02-06,NA,NA,"Geometridae",1,NA,NA,"not measured","AnDe","2",10
"Dixileta",2015-02-06,NA,NA,"Ptomaphagus",1,NA,NA,"not measured","AnDe","2",10
"Dixileta",2015-02-06,"lizard",NA,"Acari",5,NA,NA,"not measured","AnDe","3",10
"Dixileta",2015-02-06,"lizard",NA,"Coccoidea",1,"TRUE",NA,"not measured","AnDe","3",10
"Dixileta",2015-02-06,"lizard",NA,"Coleoptera",1,"TRUE",NA,"not measured","AnDe","3",10
"Dixileta",2015-02-06,"lizard",NA,"Entomobryidae",7,NA,NA,"not measured","AnDe","3",10
"Dixileta",2015-02-06,"lizard",NA,"Hypogastruridae",1,NA,NA,"not measured","AnDe","3",10
"Dixileta",2015-02-06,"lizard",NA,"Isotomidae",1,NA,NA,"not measured","AnDe","3",10
"Dixileta",2015-02-06,"lizard",NA,"Ptomaphagus",1,NA,NA,"not measured","AnDe","3",10
"Dixileta",2015-02-06,"lizard",NA,"Sminthuridae",2,NA,NA,"not measured","AnDe","3",10
"Dixileta",2015-02-06,NA,NA,"Acari",3,NA,NA,"not measured","AnDe","4",10
"Dixileta",2015-02-06,NA,NA,"Anystoidea",1,NA,NA,"not measured","AnDe","4",10
"Dixileta",2015-02-06,NA,NA,"Entomobryidae",1,NA,NA,"not measured","AnDe","4",10
"Dixileta",2015-02-06,NA,NA,"Hypogastruridae",1,NA,NA,"not measured","AnDe","4",10
"Dixileta",2015-02-06,NA,NA,"Noctuidae",1,"TRUE",NA,"not measured","AnDe","4",10
"Dixileta",2015-02-06,NA,NA,"Sminthuridae",1,NA,NA,"not measured","AnDe","4",10
"Dixileta",2015-02-06,NA,NA,"Xysticus",1,NA,NA,"not measured","AnDe","4",10
"Dixileta",2015-02-06,NA,NA,"Acari",1,NA,NA,"not measured","AnDe","5",10
"Dixileta",2015-02-06,NA,NA,"Araneidae",1,NA,NA,"not measured","AnDe","5",10
"Dixileta",2015-02-06,NA,NA,"Cicadellidae",1,"TRUE",NA,"not measured","AnDe","5",10
"Dixileta",2015-02-06,NA,NA,"Entomobryidae",3,NA,NA,"not measured","AnDe","5",10
"Dixileta",2015-02-06,NA,NA,"Ptomaphagus",1,NA,NA,"not measured","AnDe","5",10
"Dixileta",2015-02-06,NA,NA,"Sminthuridae",3,NA,NA,"not measured","AnDe","5",10
"Dixileta",2015-02-06,NA,NA,"Acari",2,NA,NA,"not measured","AnDe","6",10
"Dixileta",2015-02-06,NA,NA,"Entomobryidae",1,NA,NA,"not measured","AnDe","6",10
"Dixileta",2015-02-06,NA,NA,"Rhaphidophorinae",1,NA,NA,"not measured","AnDe","6",10
"Dixileta",2015-02-06,NA,NA,"Encyrtidae",1,NA,NA,"not measured","AnDe","7",10
"Dixileta",2015-02-06,NA,NA,"Entomobryidae",4,NA,NA,"not measured","AnDe","7",10
"Dixileta",2015-02-06,"no arthropods","empty_trap",NA,NA,NA,NA,NA,NA,"8",10
"Dixileta",2015-02-06,NA,NA,"Aleyrodidae",1,NA,NA,"not measured","AnDe","9",10
"Dixileta",2015-02-06,NA,NA,"Entomobryidae",1,NA,NA,"not measured","AnDe","9",10
"Dixileta",2015-02-06,NA,NA,"Isotomidae",1,NA,NA,"not measured","AnDe","9",10
"Dixileta",2015-02-06,NA,NA,"Anystoidea",2,NA,NA,"not measured","AnDe","10",10
"Dixileta",2015-02-06,NA,NA,"Drassyllus",1,NA,NA,"not measured","AnDe","10",10
"Dixileta",2015-02-06,NA,NA,"Entomobryidae",2,NA,NA,"not measured","AnDe","10",10
"Dixileta",2015-02-06,NA,NA,"Erythraeoidea",1,NA,NA,"not measured","AnDe","10",10
"Dixileta",2015-05-01,"Empty","empty_trap",NA,NA,NA,NA,NA,NA,"1",10
"Dixileta",2015-05-01,"Empty","empty_trap",NA,NA,NA,NA,NA,NA,"2",10
"Dixileta",2015-05-01,NA,NA,"Chalcidoidea",1,NA,NA,"less than 2 mm","DaFl","3",10
"Dixileta",2015-05-01,NA,NA,"Nocibiotes",2,NA,NA,"not measured","DaFl","3",10
"Dixileta",2015-05-01,"Empty","empty_trap",NA,NA,NA,NA,NA,NA,"4",10
"Dixileta",2015-05-01,NA,NA,"Novomessor cockerelli",1,NA,NA,"not measured","DaFl","5",10
"Dixileta",2015-05-01,NA,NA,"Pepsis",1,NA,NA,"greater than 10 mm","DaFl","5",10
"Dixileta",2015-05-01,NA,NA,"Entomobryidae",5,NA,NA,"not measured","DaFl","6",10
"Dixileta",2015-05-01,NA,NA,"Filistatoides",1,NA,NA,"not measured","DaFl","6",10
"Dixileta",2015-05-01,NA,NA,"Theridiidae",1,NA,NA,"less than 2 mm","DaFl","6",10
"Dixileta",2015-05-01,"Empty","empty_trap",NA,NA,NA,NA,NA,NA,"7",10
"Dixileta",2015-05-01,NA,NA,"Pepsis",1,NA,NA,"greater than 10 mm","DaFl","8",10
"Dixileta",2015-05-01,NA,NA,"Entomobryidae",1,NA,NA,"less than 2 mm","DaFl","9",10
"Dixileta",2015-05-01,NA,NA,"Myrmeleontidae",1,"TRUE",NA,"between 5 and 10 mm","DaFl","9",10
"Dixileta",2015-05-01,NA,NA,"Nocibiotes",1,NA,NA,"not measured","DaFl","9",10
"Dixileta",2015-05-01,NA,NA,"Psilochorus",1,NA,NA,"not measured","DaFl","9",10
"Dixileta",2015-05-01,"Empty","empty_trap",NA,NA,NA,NA,NA,NA,"10",10
"Dixileta",2015-07-31,NA,NA,"Hadrurus arizonensis",1,NA,NA,"greater than 10 mm","DaFl","1",10
"Dixileta",2015-07-31,NA,NA,"Novomessor cockerelli",1,NA,NA,"not measured","DaFl","1",10
"Dixileta",2015-07-31,NA,NA,"Pogonomyrmex rugosus",1,NA,NA,"not measured","DaFl","1",10
"Dixileta",2015-07-31,"Empty","empty_trap",NA,NA,NA,NA,NA,NA,"2",10
"Dixileta",2015-07-31,NA,NA,"Paravaejovis spinigerus",1,NA,NA,"not measured","DaFl","3",10
"Dixileta",2015-07-31,NA,NA,"Solenopsis xyloni",1,NA,NA,"not measured","DaFl","3",10
"Dixileta",2015-07-31,"Empty","empty_trap",NA,NA,NA,NA,NA,NA,"4",10
"Dixileta",2015-07-31,NA,NA,"Anepsius",1,NA,NA,"not measured","DaFl","5",10
"Dixileta",2015-07-31,NA,NA,"Forelius pruinosus",1,NA,NA,"not measured","DaFl","5",10
"Dixileta",2015-07-31,NA,NA,"Lycosidae",1,NA,NA,"greater than 10 mm","DaFl","5",10
"Dixileta",2015-07-31,"Empty","empty_trap",NA,NA,NA,NA,NA,NA,"6",10
"Dixileta",2015-07-31,"Empty","empty_trap",NA,NA,NA,NA,NA,NA,"7",10
"Dixileta",2015-07-31,"Empty","empty_trap",NA,NA,NA,NA,NA,NA,"8",10
"Dixileta",2015-07-31,NA,NA,"Entomobryidae",1,NA,NA,"not measured","DaFl","9",10
"Dixileta",2015-07-31,NA,NA,"Pardosa",1,NA,NA,"not measured","DaFl","9",10
"Dixileta",2015-07-31,NA,NA,"Pepsis",1,NA,NA,"greater than 10 mm","DaFl","9",10
"Dixileta",2015-07-31,NA,NA,"Solenopsis xyloni",3,NA,NA,"not measured","DaFl","10",10
"Dixileta",2015-11-02,NA,NA,"Entomobryidae",1,NA,NA,"not measured","DaFl","1",10
"Dixileta",2015-11-02,NA,NA,"Psilochorus",2,NA,NA,"not measured","DaFl","2",10
"Dixileta",2015-11-02,NA,NA,"Caeculidae",3,NA,NA,"not measured","DaFl","3",10
"Dixileta",2015-11-02,NA,NA,"Entomobryidae",1,NA,NA,"not measured","DaFl","3",10
"Dixileta",2015-11-02,NA,NA,"Psilochorus",3,NA,NA,"not measured","DaFl","4",10
"Dixileta",2015-11-02,NA,NA,"Eleodes longicollis",1,NA,NA,"greater than 10 mm","DaFl","5",10
"Dixileta",2015-11-02,NA,NA,"Psilochorus",1,NA,NA,"not measured","DaFl","6",10
"Dixileta",2015-11-02,NA,NA,"Psilochorus",3,NA,NA,"not measured","DaFl","7",10
"Dixileta",2015-11-02,"Empty","empty_trap",NA,NA,NA,NA,NA,NA,"8",10
"Dixileta",2015-11-02,NA,NA,"Acrididae",1,"TRUE",NA,"not measured","DaFl","9",10
"Dixileta",2015-11-02,NA,NA,"Solenopsis",1,NA,NA,"not measured","DaFl","9",10
"Dixileta",2015-11-02,"Empty","empty_trap",NA,NA,NA,NA,NA,NA,"10",10
"Dixileta",2016-01-21,NA,NA,"Gryllidae",1,"TRUE",NA,"not measured","DaFl","1",10
"Dixileta",2016-01-21,NA,NA,"Ptomaphagus",1,NA,NA,"not measured","DaFl","2",10
"Dixileta",2016-01-21,NA,NA,"Sminthuridae",1,NA,NA,"not measured","DaFl","2",10
"Dixileta",2016-01-21,NA,NA,"Sminthuridae",1,NA,NA,"not measured","DaFl","3",10
"Dixileta",2016-01-21,NA,NA,"Trombidioidea",1,NA,NA,"not measured","DaFl","3",10
"Dixileta",2016-01-21,NA,NA,"Solenopsis",1,NA,NA,"not measured","DaFl","4",10
"Dixileta",2016-01-21,NA,NA,"Bdellidae",1,NA,NA,"not measured","DaFl","5",10
"Dixileta",2016-01-21,NA,NA,"Araneidae",1,NA,NA,"not measured","DaFl","6",10
"Dixileta",2016-01-21,NA,NA,"Caeculidae",1,NA,NA,"not measured","DaFl","6",10
"Dixileta",2016-01-21,NA,NA,"Entomobryidae",1,NA,NA,"not measured","DaFl","6",10
"Dixileta",2016-01-21,NA,NA,"Gryllidae",1,"TRUE",NA,"not measured","DaFl","6",10
"Dixileta",2016-01-21,NA,NA,"Ptomaphagus",1,NA,NA,"not measured","DaFl","6",10
"Dixileta",2016-01-21,NA,NA,"Isotomidae",1,NA,NA,"not measured","DaFl","7",10
"Dixileta",2016-01-21,NA,NA,"Psocodea",2,"TRUE",NA,"not measured","DaFl","7",10
"Dixileta",2016-01-21,NA,NA,"Ptomaphagus",1,NA,NA,"not measured","DaFl","7",10
"Dixileta",2016-01-21,"Empty","empty_trap",NA,NA,NA,NA,NA,NA,"8",10
"Dixileta",2016-01-21,NA,NA,"Ptomaphagus",1,NA,NA,"not measured","DaFl","9",10
"Dixileta",2016-01-21,NA,NA,"Spirobolida",1,NA,NA,"not measured","DaFl","9",10
"Dixileta",2016-01-21,NA,NA,"Bdellidae",1,NA,NA,"not measured","DaFl","10",10
"Dixileta",2016-01-21,NA,NA,"Solenopsis xyloni",1,NA,NA,"not measured","DaFl","10",10
"Dixileta",2016-04-21,NA,NA,"Acari",3,NA,NA,"not measured","DaFl","1",10
"Dixileta",2016-04-21,NA,NA,"Anystoidea",3,NA,NA,"not measured","DaFl","1",10
"Dixileta",2016-04-21,NA,NA,"Entomobryidae",3,NA,NA,"not measured","DaFl","1",10
"Dixileta",2016-04-21,NA,NA,"Forelius pruinosus",6,NA,NA,"not measured","DaFl","1",10
"Dixileta",2016-04-21,NA,NA,"Paravaejovis spinigerus",1,NA,NA,"greater than 10 mm","DaFl","1",10
"Dixileta",2016-04-21,NA,NA,"Thripidae",1,NA,NA,"not measured","DaFl","1",10
"Dixileta",2016-04-21,NA,NA,"Apis",1,NA,"TRUE","not measured","DaFl","2",10
"Dixileta",2016-04-21,NA,NA,"Carabidae",1,NA,NA,"not measured","DaFl","2",10
"Dixileta",2016-04-21,NA,NA,"Cicadellidae",1,NA,NA,"not measured","DaFl","2",10
"Dixileta",2016-04-21,NA,NA,"Forelius pruinosus",1,NA,NA,"not measured","DaFl","2",10
"Dixileta",2016-04-21,NA,NA,"Psilochorus",1,NA,NA,"not measured","DaFl","2",10
"Dixileta",2016-04-21,NA,NA,"Bdellidae",1,NA,NA,"not measured","DaFl","3",10
"Dixileta",2016-04-21,NA,NA,"Entomobryidae",1,NA,NA,"not measured","DaFl","3",10
"Dixileta",2016-04-21,NA,NA,"Psilochorus",2,NA,NA,"not measured","DaFl","3",10
"Dixileta",2016-04-21,NA,NA,"Meinertellidae",2,NA,NA,"not measured","DaFl","4",10
"Dixileta",2016-04-21,NA,NA,"Pepsis",1,NA,NA,"greater than 10 mm","DaFl","4",10
"Dixileta",2016-04-21,NA,NA,"Psilochorus",1,NA,NA,"not measured","DaFl","4",10
"Dixileta",2016-04-21,NA,NA,"Tetramorium",1,NA,NA,"not measured","DaFl","4",10
"Dixileta",2016-04-21,NA,NA,"Ctenisis",1,NA,NA,"not measured","DaFl","5",10
"Dixileta",2016-04-21,NA,NA,"Forelius pruinosus",1,NA,NA,"not measured","DaFl","5",10
"Dixileta",2016-04-21,NA,NA,"Meinertellidae",1,NA,NA,"not measured","DaFl","5",10
"Dixileta",2016-04-21,NA,NA,"Brachymyrmex",1,NA,NA,"not measured","DaFl","6",10
"Dixileta",2016-04-21,NA,NA,"Novomessor cockerelli",3,NA,NA,"not measured","DaFl","7",10
"Dixileta",2016-04-21,NA,NA,"Ptomaphagus",1,NA,NA,"not measured","DaFl","7",10
"Dixileta",2016-04-21,NA,NA,"Coleoptera",1,"TRUE",NA,"not measured","DaFl","8",10
"Dixileta",2016-04-21,NA,NA,"Meinertellidae",1,NA,NA,"not measured","DaFl","8",10
"Dixileta",2016-04-21,NA,NA,"Xysticus",1,NA,NA,"not measured","DaFl","8",10
"Dixileta",2016-04-21,NA,NA,"Cicadellidae",1,NA,NA,"not measured","DaFl","9",10
"Dixileta",2016-04-21,NA,NA,"Meinertellidae",2,NA,NA,"not measured","DaFl","9",10
"Dixileta",2016-04-21,"Empty","empty_trap",NA,NA,NA,NA,NA,NA,"10",10
"Dixileta",2016-07-21,NA,NA,"Crematogaster",1,NA,NA,"not measured","DaFl","1",10
"Dixileta",2016-07-21,NA,NA,"Novomessor cockerelli",1,NA,NA,"not measured","DaFl","1",10
"Dixileta",2016-07-21,NA,NA,"Scorpiones",1,"TRUE",NA,"not measured","DaFl","1",10
"Dixileta",2016-07-21,NA,NA,"Solenopsis",1,NA,NA,"not measured","DaFl","1",10
"Dixileta",2016-07-21,NA,NA,"Meinertellidae",1,NA,NA,"not measured","DaFl","2",10
"Dixileta",2016-07-21,NA,NA,"Saldidae",1,NA,NA,"not measured","DaFl","2",10
"Dixileta",2016-07-21,NA,NA,"Anystoidea",3,NA,NA,"not measured","DaFl","3",10
"Dixileta",2016-07-21,NA,NA,"Cryptoglossa",2,NA,NA,"not measured","DaFl","3",10
"Dixileta",2016-07-21,NA,NA,"Entomobryidae",6,NA,NA,"not measured","DaFl","3",10
"Dixileta",2016-07-21,NA,NA,"Forelius pruinosus",1,NA,NA,"not measured","DaFl","3",10
"Dixileta",2016-07-21,NA,NA,"Isopoda",1,NA,NA,"not measured","DaFl","3",10
"Dixileta",2016-07-21,NA,NA,"Mantodea",1,"TRUE",NA,"not measured","DaFl","3",10
"Dixileta",2016-07-21,NA,NA,"Meinertellidae",1,NA,NA,"not measured","DaFl","3",10
"Dixileta",2016-07-21,NA,NA,"Nocibiotes",1,NA,NA,"not measured","DaFl","3",10
"Dixileta",2016-07-21,NA,NA,"Novomessor cockerelli",6,NA,NA,"not measured","DaFl","3",10
"Dixileta",2016-07-21,NA,NA,"Paravaejovis spinigerus",1,NA,NA,"not measured","DaFl","3",10
"Dixileta",2016-07-21,NA,NA,"Trombidioidea",1,NA,NA,"not measured","DaFl","3",10
"Dixileta",2016-07-21,NA,NA,"Cryptoglossa",1,NA,NA,"not measured","DaFl","4",10
"Dixileta",2016-07-21,NA,NA,"Entomobryidae",1,NA,NA,"not measured","DaFl","4",10
"Dixileta",2016-07-21,NA,NA,"Tetramorium",3,NA,NA,"not measured","DaFl","4",10
"Dixileta",2016-07-21,"Empty","empty_trap",NA,NA,NA,NA,NA,NA,"5",10
"Dixileta",2016-07-21,NA,NA,"Halictidae",1,NA,"TRUE","not measured","DaFl","6",10
"Dixileta",2016-07-21,NA,NA,"Forelius pruinosus",2,NA,NA,"not measured","DaFl","7",10
"Dixileta",2016-07-21,NA,NA,"Lepismatidae",1,NA,NA,"not measured","DaFl","7",10
"Dixileta",2016-07-21,NA,NA,"Pogonomyrmex rugosus",4,NA,NA,"not measured","DaFl","8",10
"Dixileta",2016-07-21,"Empty","empty_trap",NA,NA,NA,NA,NA,NA,"9",10
"Dixileta",2016-07-21,NA,NA,"Aphaenogaster",1,NA,NA,"not measured","DaFl","10",10
"Dixileta",2016-07-21,NA,NA,"Forelius",1,NA,NA,"not measured","DaFl","10",10
"Dixileta",2016-10-21,NA,NA,"Entomobryidae",1,NA,NA,"not measured","DaFl","1",10
"Dixileta",2016-10-21,NA,NA,"Novomessor cockerelli",3,NA,NA,"not measured","DaFl","1",10
"Dixileta",2016-10-21,NA,NA,"Salticidae",1,NA,NA,"not measured","DaFl","1",10
"Dixileta",2016-10-21,NA,NA,"Termitidae",1,NA,NA,"not measured","DaFl","1",10
"Dixileta",2016-10-21,"Empty","empty_trap",NA,NA,NA,NA,NA,NA,"2",10
"Dixileta",2016-10-21,"Empty","empty_trap",NA,NA,NA,NA,NA,NA,"3",10
"Dixileta",2016-10-21,"Empty","empty_trap",NA,NA,NA,NA,NA,NA,"4",10
"Dixileta",2016-10-21,NA,NA,"Bdellidae",1,NA,NA,"not measured","DaFl","5",10
"Dixileta",2016-10-21,NA,NA,"Caeculidae",5,NA,NA,"not measured","DaFl","5",10
"Dixileta",2016-10-21,NA,NA,"Pholcidae",1,NA,NA,"not measured","DaFl","5",10
"Dixileta",2016-10-21,NA,NA,"Solenopsis",1,NA,NA,"not measured","DaFl","5",10
"Dixileta",2016-10-21,NA,NA,"Tetramorium",1,NA,NA,"not measured","DaFl","5",10
"Dixileta",2016-10-21,"Empty","empty_trap",NA,NA,NA,NA,NA,NA,"6",10
"Dixileta",2016-10-21,NA,NA,"Anystoidea",1,NA,NA,"not measured","DaFl","7",10
"Dixileta",2016-10-21,NA,NA,"Meinertellidae",1,NA,NA,"not measured","DaFl","7",10
"Dixileta",2016-10-21,NA,NA,"Entomobryidae",1,NA,NA,"not measured","DaFl","8",10
"Dixileta",2016-10-21,NA,NA,"Erythraeidae",5,NA,NA,"not measured","DaFl","8",10
"Dixileta",2016-10-21,NA,NA,"Linyphiidae",1,NA,NA,"not measured","DaFl","8",10
"Dixileta",2016-10-21,"Empty","empty_trap",NA,NA,NA,NA,NA,NA,"9",10
"Dixileta",2016-10-21,NA,NA,"Forelius",1,NA,NA,"not measured","DaFl","10",10
"Dixileta",2016-10-21,NA,NA,"Linyphiidae",1,NA,NA,"not measured","DaFl","10",10
"Dixileta",2017-01-20,"Empty","empty_trap",NA,NA,NA,NA,NA,NA,"4",5
"Dixileta",2017-01-20,NA,NA,"Sminthuridae",5,NA,NA,"not measured","DaFl","5",5
"Dixileta",2017-01-20,"Empty","empty_trap",NA,NA,NA,NA,NA,NA,"6",5
"Dixileta",2017-01-20,"Empty","empty_trap",NA,NA,NA,NA,NA,NA,"7",5
"Dixileta",2017-01-20,NA,NA,"Isotomidae",1,NA,NA,"not measured","DaFl","8",5
"Dixileta",2017-01-20,NA,NA,"Neivamyrmex",1,NA,NA,"not measured","DaFl","8",5
"Dixileta",2017-04-21,NA,NA,"Entomobryidae",2,NA,NA,"not measured","DaFl","1",10
"Dixileta",2017-04-21,"Empty","empty_trap",NA,NA,NA,NA,NA,NA,"2",10
"Dixileta",2017-04-21,NA,NA,"Psilochorus",1,NA,NA,"not measured","DaFl","3",10
"Dixileta",2017-04-21,NA,NA,"Triorophus",2,NA,NA,"not measured","DaFl","3",10
"Dixileta",2017-04-21,"Empty","empty_trap",NA,NA,NA,NA,NA,NA,"4",10
"Dixileta",2017-04-21,NA,NA,"Zelotes",1,NA,NA,"not measured","DaFl","5",10
"Dixileta",2017-04-21,NA,NA,"Meinertellidae",2,NA,NA,"not measured","DaFl","6",10
"Dixileta",2017-04-21,"Empty","empty_trap",NA,NA,NA,NA,NA,NA,"7",10
"Dixileta",2017-04-21,NA,NA,"Novomessor cockerelli",2,NA,NA,"not measured","DaFl","8",10
"Dixileta",2017-04-21,NA,NA,"Crematogaster",1,NA,NA,"not measured","DaFl","9",10
"Dixileta",2017-04-21,NA,NA,"Lycosidae",1,NA,NA,"not measured","DaFl","9",10
"Dixileta",2017-04-21,NA,NA,"Psilochorus",1,NA,NA,"not measured","DaFl","10",10
"Dixileta",2017-10-23,"Empty","empty_trap",NA,NA,NA,NA,NA,NA,"1",10
"Dixileta",2017-10-23,NA,NA,"Novomessor cockerelli",2,NA,NA,"not measured","DaFl","2",10
"Dixileta",2017-10-23,NA,NA,"Solenopsis xyloni",1,NA,NA,"not measured","DaFl","2",10
"Dixileta",2017-10-23,NA,NA,"Tetramorium hispidum",1,NA,NA,"not measured","DaFl","2",10
"Dixileta",2017-10-23,NA,NA,"Crematogaster",1,NA,NA,"not measured","DaFl","3",10
"Dixileta",2017-10-23,NA,NA,"Mutillidae",4,NA,NA,"not measured","DaFl","3",10
"Dixileta",2017-10-23,NA,NA,"Novomessor cockerelli",1,NA,NA,"not measured","DaFl","3",10
"Dixileta",2017-10-23,NA,NA,"Pheidole",2,NA,NA,"not measured","DaFl","3",10
"Dixileta",2017-10-23,NA,NA,"Tetramorium hispidum",1,NA,NA,"not measured","DaFl","3",10
"Dixileta",2017-10-23,"Empty","empty_trap",NA,NA,NA,NA,NA,NA,"4",10
"Dixileta",2017-10-23,NA,NA,"Novomessor cockerelli",4,NA,NA,"not measured","DaFl","5",10
"Dixileta",2017-10-23,NA,NA,"Caeculidae",1,NA,NA,"not measured","DaFl","6",10
"Dixileta",2017-10-23,NA,NA,"Psilochorus",1,NA,NA,"not measured","DaFl","6",10
"Dixileta",2017-10-23,"Empty","empty_trap",NA,NA,NA,NA,NA,NA,"7",10
"Dixileta",2017-10-23,"Empty","empty_trap",NA,NA,NA,NA,NA,NA,"8",10
"Dixileta",2017-10-23,NA,NA,"Solenopsis amblychila",1,NA,NA,"not measured","DaFl","9",10
"Dixileta",2017-10-23,"Empty","empty_trap",NA,NA,NA,NA,NA,NA,"10",10
"Dixileta",2018-01-26,NA,NA,"Ptomaphagus",1,NA,NA,"not measured","DaFl","1",10
"Dixileta",2018-01-26,NA,NA,"Lepidoptera",1,"TRUE",NA,"not measured","DaFl","2",10
"Dixileta",2018-01-26,NA,NA,"Ptomaphagus",1,NA,NA,"not measured","DaFl","3",10
"Dixileta",2018-01-26,NA,NA,"Staphylinidae",1,NA,NA,"not measured","DaFl","3",10
"Dixileta",2018-01-26,NA,NA,"Staphylinidae",1,NA,NA,"not measured","DaFl","4",10
"Dixileta",2018-01-26,"Empty","empty_trap",NA,NA,NA,NA,NA,NA,"5",10
"Dixileta",2018-01-26,NA,NA,"Triorophus",1,NA,NA,"not measured","DaFl","6",10
"Dixileta",2018-01-26,"Empty","empty_trap",NA,NA,NA,NA,NA,NA,"7",10
"Dixileta",2018-01-26,"Empty","empty_trap",NA,NA,NA,NA,NA,NA,"8",10
"Dixileta",2018-01-26,"Empty","empty_trap",NA,NA,NA,NA,NA,NA,"9",10
"Dixileta",2018-01-26,"Empty","empty_trap",NA,NA,NA,NA,NA,NA,"10",10
"Dixileta",2018-04-27,NA,NA,"Erythraeidae",1,NA,NA,"not measured","DaFl","1",10
"Dixileta",2018-04-27,NA,NA,"Anystoidea",1,NA,NA,"not measured","DaFl","2",10
"Dixileta",2018-04-27,NA,NA,"Araeoschizus",1,NA,NA,"not measured","DaFl","2",10
"Dixileta",2018-04-27,NA,NA,"Psilochorus",1,NA,NA,"not measured","DaFl","2",10
"Dixileta",2018-04-27,NA,NA,"Ptomaphagus",1,NA,NA,"not measured","DaFl","2",10
"Dixileta",2018-04-27,NA,NA,"Anystoidea",1,NA,NA,"not measured","DaFl","3",10
"Dixileta",2018-04-27,NA,NA,"Cyphomyrmex",1,NA,NA,"not measured","DaFl","3",10
"Dixileta",2018-04-27,NA,NA,"Meinertellidae",1,NA,NA,"not measured","DaFl","3",10
"Dixileta",2018-04-27,NA,NA,"Solenopsis amblychila",3,NA,NA,"not measured","DaFl","3",10
"Dixileta",2018-04-27,NA,NA,"Meinertellidae",1,NA,NA,"not measured","DaFl","4",10
"Dixileta",2018-04-27,NA,NA,"Araeoschizus",3,NA,NA,"not measured","DaFl","5",10
"Dixileta",2018-04-27,NA,NA,"Myrmeleontidae",1,"TRUE",NA,"not measured","DaFl","5",10
"Dixileta",2018-04-27,NA,NA,"Tetramorium",1,NA,NA,"not measured","DaFl","5",10
"Dixileta",2018-04-27,NA,NA,"Novomessor cockerelli",1,NA,NA,"not measured","DaFl","6",10
"Dixileta",2018-04-27,NA,NA,"Lepismatidae",1,NA,NA,"not measured","DaFl","7",10
"Dixileta",2018-04-27,NA,NA,"Erythraeidae",1,NA,NA,"not measured","DaFl","8",10
"Dixileta",2018-04-27,NA,NA,"Xysticus",1,NA,NA,"not measured","DaFl","9",10
"Dixileta",2018-04-27,"Empty","empty_trap",NA,NA,NA,NA,NA,NA,"10",10
"Dixileta",2018-10-29,NA,NA,"Erythraeidae",3,NA,NA,"not measured","DaFl","1",10
"Dixileta",2018-10-29,NA,NA,"Novomessor cockerelli",1,NA,NA,"not measured","DaFl","1",10
"Dixileta",2018-10-29,NA,NA,"Sminthuridae",1,NA,NA,"not measured","DaFl","1",10
"Dixileta",2018-10-29,NA,NA,"Thripidae",1,NA,NA,"not measured","DaFl","1",10
"Dixileta",2018-10-29,NA,NA,"Sminthuridae",1,NA,NA,"not measured","DaFl","2",10
"Dixileta",2018-10-29,NA,NA,"Solenopsis xyloni",1,NA,NA,"not measured","DaFl","2",10
"Dixileta",2018-10-29,NA,NA,"Erythraeidae",1,NA,NA,"not measured","DaFl","3",10
"Dixileta",2018-10-29,NA,NA,"Geometridae",1,NA,NA,"not measured","DaFl","3",10
"Dixileta",2018-10-29,NA,NA,"Solenopsis xyloni",2,NA,NA,"not measured","DaFl","3",10
"Dixileta",2018-10-29,NA,NA,"Erythraeoidea",1,NA,NA,"not measured","DaFl","4",10
"Dixileta",2018-10-29,NA,NA,"Novomessor cockerelli",1,NA,NA,"not measured","DaFl","4",10
"Dixileta",2018-10-29,NA,NA,"Sminthuridae",2,NA,NA,"not measured","DaFl","5",10
"Dixileta",2018-10-29,NA,NA,"Pogonomyrmex rugosus",1,NA,NA,"not measured","DaFl","6",10
"Dixileta",2018-10-29,NA,NA,"Solenopsis xyloni",1,NA,NA,"not measured","DaFl","6",10
"Dixileta",2018-10-29,NA,NA,"Erythraeidae",7,NA,NA,"not measured","DaFl","7",10
"Dixileta",2018-10-29,"Empty","empty_trap",NA,NA,NA,NA,NA,NA,"8",10
"Dixileta",2018-10-29,NA,NA,"Hypogastruridae",1,NA,NA,"not measured","DaFl","9",10
"Dixileta",2018-10-29,NA,NA,"Isotomidae",2,NA,NA,"not measured","DaFl","9",10
"Dixileta",2018-10-29,NA,NA,"Bdellidae",1,NA,NA,"not measured","DaFl","10",10
"Dixileta",2018-10-29,NA,NA,"Pheidole",1,NA,NA,"not measured","DaFl","10",10
"Dixileta",2018-10-29,NA,NA,"Tetramorium hispidum",1,NA,NA,"not measured","DaFl","10",10
"Dixileta",2019-01-24,"Erythraeidae on fly",NA,"Entomobryidae",2,NA,NA,"less than 2 mm","GaRi","1",10
"Dixileta",2019-01-24,"Erythraeidae on fly",NA,"Erythraeidae",20,NA,NA,"not measured","DaFl","1",10
"Dixileta",2019-01-24,"Erythraeidae on fly",NA,"Erythraeidae",643,NA,NA,"less than 2 mm","GaRi","1",10
"Dixileta",2019-01-24,"Erythraeidae on fly",NA,"Hypogastruridae",1,NA,NA,"less than 2 mm","GaRi","1",10
"Dixileta",2019-01-24,"Erythraeidae on fly",NA,"Muscidae",1,NA,NA,"not measured","DaFl","1",10
"Dixileta",2019-01-24,NA,NA,"Aphididae",1,NA,NA,"not measured","DaFl","2",10
"Dixileta",2019-01-24,NA,NA,"Entomobryidae",2,NA,NA,"less than 2 mm","GaRi","2",10
"Dixileta",2019-01-24,NA,NA,"Solenopsis xyloni",1,NA,NA,"not measured","DaFl","2",10
"Dixileta",2019-01-24,NA,NA,"Bdellidae",1,NA,NA,"less than 2 mm","GaRi","3",10
"Dixileta",2019-01-24,NA,NA,"Entomobryidae",3,NA,NA,"less than 2 mm","GaRi","3",10
"Dixileta",2019-01-24,NA,NA,"Solenopsis xyloni",1,NA,NA,"not measured","DaFl","3",10
"Dixileta",2019-01-24,NA,NA,"Anystidae",1,NA,NA,"less than 2 mm","GaRi","4",10
"Dixileta",2019-01-24,NA,NA,"Entomobryidae",1,NA,NA,"less than 2 mm","GaRi","4",10
"Dixileta",2019-01-24,NA,NA,"Erythraeidae",1,NA,NA,"less than 2 mm","GaRi","4",10
"Dixileta",2019-01-24,NA,NA,"Hemiptera",1,"TRUE",NA,"not measured","DaFl","4",10
"Dixileta",2019-01-24,NA,NA,"Novomessor cockerelli",2,NA,NA,"not measured","DaFl","4",10
"Dixileta",2019-01-24,NA,NA,"Solenopsis xyloni",1,NA,NA,"not measured","DaFl","4",10
"Dixileta",2019-01-24,NA,NA,"Entomobryidae",1,NA,NA,"less than 2 mm","GaRi","5",10
"Dixileta",2019-01-24,NA,NA,"Hypogastruridae",26,NA,NA,"not measured","DaFl","5",10
"Dixileta",2019-01-24,NA,NA,"Caeculidae",2,NA,NA,"less than 2 mm","GaRi","6",10
"Dixileta",2019-01-24,NA,NA,"Diptera",1,"TRUE",NA,"not measured","DaFl","6",10
"Dixileta",2019-01-24,NA,NA,"Entomobryidae",7,NA,NA,"less than 2 mm","GaRi","6",10
"Dixileta",2019-01-24,NA,NA,"Erythraeidae",2,NA,NA,"less than 2 mm","GaRi","6",10
"Dixileta",2019-01-24,NA,NA,"Semium",1,NA,NA,"not measured","DaFl","6",10
"Dixileta",2019-01-24,NA,NA,"Solenopsis xyloni",3,NA,NA,"not measured","DaFl","6",10
"Dixileta",2019-01-24,NA,NA,"Psilochorus",1,NA,NA,"not measured","DaFl","7",10
"Dixileta",2019-01-24,NA,NA,"Semium",1,NA,NA,"not measured","DaFl","7",10
"Dixileta",2019-01-24,NA,NA,"Ceraphronidae",1,NA,"TRUE","not measured","DaFl","8",10
"Dixileta",2019-01-24,NA,NA,"Erythraeidae",2,NA,NA,"less than 2 mm","GaRi","8",10
"Dixileta",2019-01-24,NA,NA,"Hemiptera",1,"TRUE",NA,"not measured","DaFl","8",10
"Dixileta",2019-01-24,NA,NA,"Anystidae",1,NA,NA,"less than 2 mm","GaRi","9",10
"Dixileta",2019-01-24,NA,NA,"Diptera",1,NA,NA,"not measured","DaFl","9",10
"Dixileta",2019-01-24,NA,NA,"Entomobryidae",1,NA,NA,"less than 2 mm","GaRi","9",10
"Dixileta",2019-01-24,NA,NA,"Erythraeoidea",1,NA,NA,"less than 2 mm","GaRi","9",10
"Dixileta",2019-01-24,NA,NA,"Hemiptera",2,"TRUE",NA,"not measured","DaFl","9",10
"Dixileta",2019-01-24,NA,NA,"Hypogastruridae",1,NA,NA,"less than 2 mm","GaRi","9",10
"Dixileta",2019-01-24,NA,NA,"Lepidoptera",1,"TRUE",NA,"not measured","DaFl","9",10
"Dixileta",2019-01-24,NA,NA,"Caeculidae",1,NA,NA,"less than 2 mm","GaRi","10",10
"Dixileta",2019-01-24,NA,NA,"Crematogaster",2,NA,NA,"not measured","DaFl","10",10
"Dixileta",2019-01-24,NA,NA,"Hemiptera",1,"TRUE",NA,"not measured","DaFl","10",10
"Dixileta",2019-01-24,NA,NA,"Tetramorium",1,NA,NA,"not measured","DaFl","10",10
"Dixileta",2019-04-25,NA,NA,"Entomobryidae",4,NA,NA,"not measured","DaFl","1",10
"Dixileta",2019-04-25,NA,NA,"Lepismatidae",1,NA,NA,"not measured","DaFl","1",10
"Dixileta",2019-04-25,NA,NA,"Anystoidea",2,NA,NA,"not measured","DaFl","2",10
"Dixileta",2019-04-25,NA,NA,"Dorymyrmex",2,NA,NA,"not measured","DaFl","2",10
"Dixileta",2019-04-25,NA,NA,"Entomobryidae",3,NA,NA,"not measured","DaFl","2",10
"Dixileta",2019-04-25,NA,NA,"Forelius",6,NA,NA,"not measured","DaFl","2",10
"Dixileta",2019-04-25,NA,NA,"Geocoris",5,"TRUE",NA,"not measured","DaFl","2",10
"Dixileta",2019-04-25,NA,NA,"Gnaphosidae",2,NA,NA,"not measured","DaFl","2",10
"Dixileta",2019-04-25,NA,NA,"Pheidole",4,NA,NA,"not measured","DaFl","2",10
"Dixileta",2019-04-25,NA,NA,"Solenopsis xyloni",6,NA,NA,"not measured","DaFl","3",10
"Dixileta",2019-04-25,NA,NA,"Anystoidea",1,NA,NA,"not measured","DaFl","4",10
"Dixileta",2019-04-25,NA,NA,"Pheidole",56,NA,NA,"not measured","DaFl","4",10
"Dixileta",2019-04-25,NA,NA,"Tetramorium",1,NA,NA,"not measured","DaFl","4",10
"Dixileta",2019-04-25,NA,NA,"Zelotes",1,NA,NA,"not measured","DaFl","4",10
"Dixileta",2019-04-25,NA,NA,"Entomobryidae",5,NA,NA,"not measured","DaFl","5",10
"Dixileta",2019-04-25,NA,NA,"Solenopsis xyloni",1,NA,NA,"not measured","DaFl","5",10
"Dixileta",2019-04-25,NA,NA,"Cicadellidae",1,"TRUE",NA,"not measured","DaFl","6",10
"Dixileta",2019-04-25,NA,NA,"Entomobryidae",1,NA,NA,"not measured","DaFl","6",10
"Dixileta",2019-04-25,NA,NA,"Solenopsis",1,NA,NA,"not measured","DaFl","6",10
"Dixileta",2019-04-25,NA,NA,"Crematogaster",1,NA,NA,"not measured","DaFl","7",10
"Dixileta",2019-04-25,NA,NA,"Hemiptera",1,"TRUE",NA,"not measured","DaFl","7",10
"Dixileta",2019-04-25,NA,NA,"Bdellidae",1,NA,NA,"not measured","DaFl","8",10
"Dixileta",2019-04-25,NA,NA,"Anystoidea",1,NA,NA,"not measured","DaFl","9",10
"Dixileta",2019-04-25,NA,NA,"Entomobryidae",3,NA,NA,"not measured","DaFl","9",10
"Dixileta",2019-04-25,NA,NA,"Solenopsis",2,NA,NA,"not measured","DaFl","9",10
"Dixileta",2019-04-25,"Empty","empty_trap",NA,NA,NA,NA,NA,NA,"10",10
"Dixileta",2019-10-25,"Empty","empty_trap",NA,NA,NA,NA,NA,NA,"1",10
"Dixileta",2019-10-25,NA,NA,"Hemiptera",1,"TRUE",NA,"not measured","DaFl","2",10
"Dixileta",2019-10-25,NA,NA,"Psilochorus",1,NA,NA,"not measured","DaFl","2",10
"Dixileta",2019-10-25,NA,NA,"Erythraeidae",1,NA,NA,"not measured","DaFl","3",10
"Dixileta",2019-10-25,NA,NA,"Forelius pruinosus",1,NA,NA,"not measured","DaFl","3",10
"Dixileta",2019-10-25,NA,NA,"Nocibiotes",1,NA,NA,"not measured","DaFl","3",10
"Dixileta",2019-10-25,NA,NA,"Psilochorus",2,NA,NA,"not measured","DaFl","3",10
"Dixileta",2019-10-25,NA,NA,"Solenopsis xyloni",5,NA,NA,"not measured","DaFl","3",10
"Dixileta",2019-10-25,NA,NA,"Linyphiidae",2,NA,NA,"not measured","DaFl","4",10
"Dixileta",2019-10-25,NA,NA,"Solenopsis xyloni",1,NA,NA,"not measured","DaFl","4",10
"Dixileta",2019-10-25,"Empty","empty_trap",NA,NA,NA,NA,NA,NA,"5",10
"Dixileta",2019-10-25,"Empty","empty_trap",NA,NA,NA,NA,NA,NA,"6",10
"Dixileta",2019-10-25,NA,NA,"Lepismatidae",1,NA,NA,"not measured","DaFl","7",10
"Dixileta",2019-10-25,NA,NA,"Hypogastruridae",1,NA,NA,"not measured","DaFl","8",10
"Dixileta",2019-10-25,NA,NA,"Psilochorus",1,NA,NA,"not measured","DaFl","9",10
"Dixileta",2019-10-25,NA,NA,"Pogonomyrmex rugosus",1,NA,NA,"not measured","DaFl","10",10
"Dixileta",2019-10-25,NA,NA,"Solenopsis xyloni",1,NA,NA,"not measured","DaFl","10",10
"Dixileta",2019-10-25,NA,NA,"Tetramorium hispidum",25,NA,NA,"not measured","DaFl","10",10
"Dixileta",2020-01-23,NA,NA,"Anystoidea",2,NA,NA,"not measured","DaFl","1",10
"Dixileta",2020-01-23,NA,NA,"Diptera",1,"TRUE",NA,"not measured","DaFl","1",10
"Dixileta",2020-01-23,NA,NA,"Hypogastruridae",3,NA,NA,"not measured","DaFl","1",10
"Dixileta",2020-01-23,NA,NA,"Isotomidae",3,NA,NA,"not measured","DaFl","1",10
"Dixileta",2020-01-23,NA,NA,"Lepidoptera",1,"TRUE",NA,"not measured","DaFl","1",10
"Dixileta",2020-01-23,NA,NA,"Oribatida",2,NA,NA,"not measured","DaFl","1",10
"Dixileta",2020-01-23,NA,NA,"Psilochorus",1,NA,NA,"not measured","DaFl","1",10
"Dixileta",2020-01-23,NA,NA,"Sminthuridae",4,NA,NA,"not measured","DaFl","1",10
"Dixileta",2020-01-23,NA,NA,"Erythraeidae",5,NA,NA,"not measured","DaFl","2",10
"Dixileta",2020-01-23,NA,NA,"Psilochorus",1,NA,NA,"not measured","DaFl","2",10
"Dixileta",2020-01-23,NA,NA,"Entomobryidae",3,NA,NA,"not measured","DaFl","3",10
"Dixileta",2020-01-23,NA,NA,"Erythraeoidea",1,NA,NA,"not measured","DaFl","3",10
"Dixileta",2020-01-23,NA,NA,"Oribatida",3,NA,NA,"not measured","DaFl","3",10
"Dixileta",2020-01-23,NA,NA,"Solenopsis xyloni",1,NA,NA,"not measured","DaFl","3",10
"Dixileta",2020-01-23,NA,NA,"Alopecosa",1,NA,NA,"not measured","DaFl","4",10
"Dixileta",2020-01-23,NA,NA,"Bdellidae",2,NA,NA,"not measured","DaFl","4",10
"Dixileta",2020-01-23,NA,NA,"Hypogastruridae",1,NA,NA,"not measured","DaFl","4",10
"Dixileta",2020-01-23,NA,NA,"Anystoidea",1,NA,NA,"not measured","DaFl","5",10
"Dixileta",2020-01-23,NA,NA,"Bdellidae",2,NA,NA,"not measured","DaFl","5",10
"Dixileta",2020-01-23,NA,NA,"Pholcidae",1,NA,NA,"not measured","DaFl","5",10
"Dixileta",2020-01-23,NA,NA,"Sminthuridae",1,NA,NA,"not measured","DaFl","5",10
"Dixileta",2020-01-23,NA,NA,"Triorophus",1,NA,NA,"not measured","DaFl","5",10
"Dixileta",2020-01-23,NA,NA,"Erythraeidae",1,NA,NA,"not measured","DaFl","6",10
"Dixileta",2020-01-23,NA,NA,"Hadrurus arizonensis",1,NA,NA,"not measured","DaFl","6",10
"Dixileta",2020-01-23,NA,NA,"Linyphiidae",2,NA,NA,"not measured","DaFl","6",10
"Dixileta",2020-01-23,NA,NA,"Isotomidae",1,NA,NA,"not measured","DaFl","7",10
"Dixileta",2020-01-23,NA,NA,"Psilochorus",1,NA,NA,"not measured","DaFl","7",10
"Dixileta",2020-01-23,NA,NA,"Alopecosa",1,NA,NA,"not measured","DaFl","8",10
"Dixileta",2020-01-23,NA,NA,"Ceuthophilus",1,NA,NA,"not measured","DaFl","8",10
"Dixileta",2020-01-23,NA,NA,"Hypogastruridae",1,NA,NA,"not measured","DaFl","8",10
"Dixileta",2020-01-23,NA,NA,"Isotomidae",4,NA,NA,"not measured","DaFl","8",10
"Dixileta",2020-01-23,NA,NA,"Psocodea",1,"TRUE",NA,"not measured","DaFl","8",10
"Dixileta",2020-01-23,NA,NA,"Sminthuridae",2,NA,NA,"not measured","DaFl","8",10
"Dixileta",2020-01-23,NA,NA,"Trombidioidea",1,NA,NA,"not measured","DaFl","8",10
"Dixileta",2020-01-23,"liny seperated",NA,"Isotomidae",6,NA,NA,"not measured","DaFl","9",10
"Dixileta",2020-01-23,"liny seperated",NA,"Linyphiidae",1,NA,NA,"not measured","DaFl","9",10
"Dixileta",2020-01-23,"liny seperated",NA,"Psilochorus",1,NA,NA,"not measured","DaFl","9",10
"Dixileta",2020-01-23,NA,NA,"Isotomidae",15,NA,NA,"not measured","DaFl","10",10
"Dixileta",2020-01-23,NA,NA,"Tetramorium hispidum",1,NA,NA,"not measured","DaFl","10",10
"Dixileta",2020-04-24,NA,NA,"Anystoidea",1,NA,NA,"not measured","DaFl","1",10
"Dixileta",2020-04-24,NA,NA,"Aphididae",1,NA,NA,"not measured","DaFl","1",10
"Dixileta",2020-04-24,NA,NA,"Curculionidae",1,NA,NA,"not measured","DaFl","1",10
"Dixileta",2020-04-24,NA,NA,"Entomobryidae",1,NA,NA,"not measured","DaFl","1",10
"Dixileta",2020-04-24,NA,NA,"Meinertellidae",1,NA,NA,"not measured","DaFl","1",10
"Dixileta",2020-04-24,NA,NA,"Anystoidea",3,NA,NA,"not measured","DaFl","2",10
"Dixileta",2020-04-24,NA,NA,"Cicadellidae",1,"TRUE",NA,"not measured","DaFl","2",10
"Dixileta",2020-04-24,NA,NA,"Erythraeoidea",1,NA,NA,"not measured","DaFl","2",10
"Dixileta",2020-04-24,NA,NA,"Paravaejovis spinigerus",1,NA,NA,"greater than 10 mm","DaFl","2",10
"Dixileta",2020-04-24,NA,NA,"Phlaeothripidae",1,NA,NA,"not measured","DaFl","2",10
"Dixileta",2020-04-24,NA,NA,"Anystoidea",19,NA,NA,"not measured","DaFl","3",10
"Dixileta",2020-04-24,NA,NA,"Curculionidae",1,NA,NA,"not measured","DaFl","3",10
"Dixileta",2020-04-24,NA,NA,"Drassyllus",1,NA,NA,"not measured","DaFl","3",10
"Dixileta",2020-04-24,NA,NA,"Entomobryidae",2,NA,NA,"not measured","DaFl","3",10
"Dixileta",2020-04-24,NA,NA,"Solenopsis xyloni",1,NA,NA,"not measured","DaFl","3",10
"Dixileta",2020-04-24,NA,NA,"Anystoidea",1,NA,NA,"not measured","DaFl","4",10
"Dixileta",2020-04-24,NA,NA,"Erythraeoidea",1,NA,NA,"not measured","DaFl","4",10
"Dixileta",2020-04-24,NA,NA,"Meinertellidae",1,NA,NA,"not measured","DaFl","4",10
"Dixileta",2020-04-24,NA,NA,"Syntomus americanus",1,NA,NA,"not measured","DaFl","4",10
"Dixileta",2020-04-24,NA,NA,"Thripidae",1,NA,NA,"not measured","DaFl","4",10
"Dixileta",2020-04-24,NA,NA,"Anystoidea",3,NA,NA,"not measured","DaFl","5",10
"Dixileta",2020-04-24,NA,NA,"Cicadellidae",1,"TRUE",NA,"not measured","DaFl","5",10
"Dixileta",2020-04-24,NA,NA,"Entomobryidae",1,NA,NA,"not measured","DaFl","5",10
"Dixileta",2020-04-24,NA,NA,"Erythraeoidea",1,NA,NA,"not measured","DaFl","5",10
"Dixileta",2020-04-24,NA,NA,"Linyphiidae",3,NA,NA,"not measured","DaFl","5",10
"Dixileta",2020-04-24,NA,NA,"Cicadellidae",1,"TRUE",NA,"not measured","DaFl","6",10
"Dixileta",2020-04-24,NA,NA,"Psilochorus",1,NA,NA,"not measured","DaFl","6",10
"Dixileta",2020-04-24,NA,NA,"Tenebrionidae",1,NA,NA,"not measured","DaFl","6",10
"Dixileta",2020-04-24,NA,NA,"Anystoidea",5,NA,NA,"not measured","DaFl","7",10
"Dixileta",2020-04-24,NA,NA,"Aphididae",1,NA,NA,"not measured","DaFl","7",10
"Dixileta",2020-04-24,NA,NA,"Cleridae",1,NA,NA,"not measured","DaFl","7",10
"Dixileta",2020-04-24,NA,NA,"Erythraeoidea",1,NA,NA,"not measured","DaFl","7",10
"Dixileta",2020-04-24,NA,NA,"Sminthuridae",1,NA,NA,"not measured","DaFl","7",10
"Dixileta",2020-04-24,NA,NA,"Anystoidea",3,NA,NA,"not measured","DaFl","8",10
"Dixileta",2020-04-24,NA,NA,"Forelius",1,NA,NA,"not measured","DaFl","8",10
"Dixileta",2020-04-24,NA,NA,"Pardosa",1,NA,NA,"not measured","DaFl","8",10
"Dixileta",2020-04-24,NA,NA,"Steatoda",1,NA,NA,"not measured","DaFl","8",10
"Dixileta",2020-04-24,NA,NA,"Anystoidea",2,NA,NA,"not measured","DaFl","9",10
"Dixileta",2020-04-24,NA,NA,"Araeoschizus",1,NA,NA,"not measured","DaFl","9",10
"Dixileta",2020-04-24,NA,NA,"Bethylidae",1,NA,NA,"not measured","DaFl","9",10
"Dixileta",2020-04-24,NA,NA,"Entomobryidae",6,NA,NA,"not measured","DaFl","9",10
"Dixileta",2020-04-24,NA,NA,"Erythraeoidea",1,NA,NA,"not measured","DaFl","9",10
"Dixileta",2020-04-24,NA,NA,"Meinertellidae",1,NA,NA,"not measured","DaFl","9",10
"Dixileta",2020-04-24,NA,NA,"Anystoidea",1,NA,NA,"not measured","DaFl","10",10
"Dixileta",2020-04-24,NA,NA,"Araeoschizus",4,NA,NA,"not measured","DaFl","10",10
"Dixileta",2020-04-24,NA,NA,"Drassyllus",1,NA,NA,"not measured","DaFl","10",10
"Dixileta",2020-04-24,NA,NA,"Entomobryidae",2,NA,NA,"not measured","DaFl","10",10
"Dixileta",2020-04-24,NA,NA,"Solenopsis amblychila",1,NA,NA,"not measured","DaFl","10",10
"Dixileta",2020-04-24,NA,NA,"Tetramorium",3,NA,NA,"not measured","DaFl","10",10
"Dixileta",2020-10-22,NA,NA,"Anystoidea",1,NA,NA,"not measured","DaFl","1",10
"Dixileta",2020-10-22,NA,NA,"Erythraeoidea",1,NA,NA,"not measured","DaFl","1",10
"Dixileta",2020-10-22,NA,NA,"Tetramorium hispidum",1,NA,NA,"not measured","DaFl","1",10
"Dixileta",2020-10-22,NA,NA,"Anystoidea",12,NA,NA,"not measured","DaFl","2",10
"Dixileta",2020-10-22,NA,NA,"Tetramorium hispidum",1,NA,NA,"not measured","DaFl","2",10
"Dixileta",2020-10-22,NA,NA,"Anystoidea",6,NA,NA,"not measured","DaFl","3",10
"Dixileta",2020-10-22,NA,NA,"Anystoidea",2,NA,NA,"not measured","DaFl","4",10
"Dixileta",2020-10-22,NA,NA,"Anystoidea",1,NA,NA,"not measured","DaFl","5",10
"Dixileta",2020-10-22,NA,NA,"Psilochorus",1,NA,NA,"not measured","DaFl","5",10
"Dixileta",2020-10-22,NA,NA,"Erythraeoidea",1,NA,NA,"not measured","DaFl","6",10
"Dixileta",2020-10-22,NA,NA,"Forelius",1,NA,NA,"not measured","DaFl","6",10
"Dixileta",2020-10-22,NA,NA,"Psilochorus",1,NA,NA,"not measured","DaFl","6",10
"Dixileta",2020-10-22,"empty","empty_trap",NA,NA,NA,NA,NA,NA,"7",10
"Dixileta",2020-10-22,NA,NA,"Solenopsis xyloni",1,NA,NA,"not measured","DaFl","8",10
"Dixileta",2020-10-22,NA,NA,"Paravaejovis spinigerus",1,NA,NA,"not measured","DaFl","9",10
"Dixileta",2020-10-22,NA,NA,"Tetramorium hispidum",4,NA,NA,"not measured","DaFl","10",10
"Dixileta",2021-01-21,NA,NA,"Caeculidae",1,NA,NA,"not measured","DaFl","1",10
"Dixileta",2021-01-21,NA,NA,"Coccoidea",1,"TRUE",NA,"not measured","DaFl","1",10
"Dixileta",2021-01-21,NA,NA,"Pheidole desertorum",1,NA,NA,"not measured","DaFl","1",10
"Dixileta",2021-01-21,NA,NA,"Anystoidea",2,NA,NA,"not measured","DaFl","2",10
"Dixileta",2021-01-21,NA,NA,"Brachymyrmex depilis",1,NA,NA,"not measured","DaFl","2",10
"Dixileta",2021-01-21,NA,NA,"Gnaphosidae",1,NA,NA,"not measured","DaFl","2",10
"Dixileta",2021-01-21,NA,NA,"Coleoptera",1,"TRUE",NA,"not measured","DaFl","3",10
"Dixileta",2021-01-21,NA,NA,"Phalangiidae",1,NA,NA,"not measured","DaFl","3",10
"Dixileta",2021-01-21,NA,NA,"Termitidae",2,NA,NA,"not measured","DaFl","3",10
"Dixileta",2021-01-21,NA,NA,"Erythraeoidea",2,NA,NA,"not measured","DaFl","4",10
"Dixileta",2021-01-21,NA,NA,"Neivamyrmex",2,NA,NA,"not measured","DaFl","5",10
"Dixileta",2021-01-21,"empty","empty_trap",NA,NA,NA,NA,NA,NA,"6",10
"Dixileta",2021-01-21,NA,NA,"Erythraeoidea",1,NA,NA,"not measured","DaFl","7",10
"Dixileta",2021-01-21,"empty","empty_trap",NA,NA,NA,NA,NA,NA,"8",10
"Dixileta",2021-01-21,NA,NA,"Tetramorium",1,NA,NA,"not measured","DaFl","9",10
"Dixileta",2021-01-21,NA,NA,"Crematogaster",1,NA,NA,"not measured","DaFl","10",10
"Dixileta",2021-01-21,NA,NA,"Tetramorium",1,NA,NA,"not measured","DaFl","10",10
"Dixileta",2021-01-21,NA,NA,"Xysticus",2,NA,NA,"not measured","DaFl","10",10
"Dixileta",2021-04-22,"empty","empty_trap",NA,NA,NA,NA,NA,NA,"1",10
"Dixileta",2021-04-22,"empty","empty_trap",NA,NA,NA,NA,NA,NA,"2",10
"Dixileta",2021-04-22,"empty","empty_trap",NA,NA,NA,NA,NA,NA,"3",10
"Dixileta",2021-04-22,NA,NA,"Anystoidea",2,NA,NA,"not measured","DaFl","4",10
"Dixileta",2021-04-22,NA,NA,"Meinertellidae",1,NA,NA,"not measured","DaFl","4",10
"Dixileta",2021-04-22,NA,NA,"Nocibiotes",1,NA,NA,"not measured","DaFl","4",10
"Dixileta",2021-04-22,"empty","empty_trap",NA,NA,NA,NA,NA,NA,"5",10
"Dixileta",2021-04-22,NA,NA,"Psilochorus",1,NA,NA,"not measured","DaFl","6",10
"Dixileta",2021-04-22,NA,NA,"Alopecosa",1,NA,NA,"not measured","DaFl","7",10
"Dixileta",2021-04-22,NA,NA,"Bdellidae",1,NA,NA,"not measured","DaFl","8",10
"Dixileta",2021-04-22,NA,NA,"Lepismatidae",1,NA,NA,"not measured","DaFl","8",10
"Dixileta",2021-04-22,NA,NA,"Meinertellidae",1,NA,NA,"not measured","DaFl","8",10
"Dixileta",2021-04-22,NA,NA,"Nocibiotes",1,NA,NA,"not measured","DaFl","8",10
"Dixileta",2021-04-22,NA,NA,"Pogonomyrmex rugosus",1,NA,NA,"not measured","DaFl","8",10
"Dixileta",2021-04-22,"empty","empty_trap",NA,NA,NA,NA,NA,NA,"9",10
"Dixileta",2021-04-22,NA,NA,"Tetramorium",1,NA,NA,"not measured","DaFl","10",10
"Dixileta",2021-10-21,"Jars had dried up",NA,"Hemiptera",1,"FALSE","FALSE","not measured","DaFl","1",10
"Dixileta",2021-10-21,"Jars had dried up",NA,"Solenopsis xyloni",1,"FALSE","FALSE","not measured","DaFl","1",10
"Dixileta",2021-10-21,NA,NA,"Ammotrechidae",1,"FALSE","FALSE","not measured","DaFl","2",10
"Dixileta",2021-10-21,NA,NA,"Dorymyrmex",1,"FALSE","FALSE","not measured","DaFl","2",10
"Dixileta",2021-10-21,NA,NA,"Forelius",2,"FALSE","FALSE","not measured","DaFl","2",10
"Dixileta",2021-10-21,NA,NA,"Geocoris",1,"FALSE","FALSE","not measured","DaFl","2",10
"Dixileta",2021-10-21,NA,NA,"Gnaphosidae",1,"FALSE","FALSE","not measured","DaFl","2",10
"Dixileta",2021-10-21,NA,NA,"Nysius",1,"FALSE","FALSE","not measured","DaFl","2",10
"Dixileta",2021-10-21,NA,NA,"Pheidole",1,"FALSE","FALSE","not measured","DaFl","2",10
"Dixileta",2021-10-21,NA,NA,"Solenopsis xyloni",33,"FALSE","FALSE","not measured","DaFl","2",10
"Dixileta",2021-10-21,NA,NA,"Syntomus americanus",1,"FALSE","FALSE","not measured","DaFl","2",10
"Dixileta",2021-10-21,NA,NA,"Tetramorium",1,"FALSE","FALSE","not measured","DaFl","2",10
"Dixileta",2021-10-21,NA,NA,"Eleodes longicollis",1,"FALSE","FALSE","not measured","DaFl","3",10
"Dixileta",2021-10-21,NA,NA,"Gnaphosidae",1,"FALSE","FALSE","not measured","DaFl","3",10
"Dixileta",2021-10-21,NA,NA,"Hemiptera",3,"TRUE","FALSE","not measured","DaFl","3",10
"Dixileta",2021-10-21,NA,NA,"Lepidoptera",1,"FALSE","FALSE","not measured","DaFl","3",10
"Dixileta",2021-10-21,NA,NA,"Melanaethus",1,"FALSE","FALSE","not measured","DaFl","3",10
"Dixileta",2021-10-21,NA,NA,"Novomessor cockerelli",1,"FALSE","FALSE","not measured","DaFl","3",10
"Dixileta",2021-10-21,NA,NA,"Psilochorus",2,"FALSE","FALSE","not measured","DaFl","3",10
"Dixileta",2021-10-21,NA,NA,"Solenopsis xyloni",8,"FALSE","FALSE","not measured","DaFl","3",10
"Dixileta",2021-10-21,NA,NA,"Anystoidea",1,"FALSE","FALSE","not measured","DaFl","4",10
"Dixileta",2021-10-21,NA,NA,"Lygaeidae",1,"FALSE","FALSE","not measured","DaFl","4",10
"Dixileta",2021-10-21,NA,NA,"Nabidae",1,"FALSE","FALSE","not measured","DaFl","4",10
"Dixileta",2021-10-21,NA,NA,"Novomessor cockerelli",2,"FALSE","FALSE","not measured","DaFl","4",10
"Dixileta",2021-10-21,NA,NA,"Xysticus",1,"FALSE","FALSE","not measured","DaFl","4",10
"Dixileta",2021-10-21,NA,NA,"Cononotus",1,"FALSE","FALSE","not measured","DaFl","5",10
"Dixileta",2021-10-21,NA,NA,"Lepismatidae",1,"FALSE","FALSE","not measured","DaFl","5",10
"Dixileta",2021-10-21,NA,NA,"Novomessor cockerelli",1,"FALSE","FALSE","not measured","DaFl","5",10
"Dixileta",2021-10-21,NA,NA,"Pheidole",7,"FALSE","FALSE","not measured","DaFl","5",10
"Dixileta",2021-10-21,NA,"empty_trap",NA,NA,NA,NA,NA,NA,"6",10
"Dixileta",2021-10-21,NA,NA,"Anystoidea",1,"FALSE","FALSE","not measured","DaFl","7",10
"Dixileta",2021-10-21,NA,NA,"Linyphiidae",1,"FALSE","FALSE","not measured","DaFl","7",10
"Dixileta",2021-10-21,NA,NA,"Pheidole",7,"FALSE","FALSE","not measured","DaFl","7",10
"Dixileta",2021-10-21,NA,NA,"Formicidae",1,"FALSE","TRUE","not measured","DaFl","8",10
"Dixileta",2021-10-21,NA,NA,"Forelius",1,"FALSE","FALSE","not measured","DaFl","9",10
"Dixileta",2021-10-21,NA,NA,"Gnaphosidae",1,"FALSE","FALSE","not measured","DaFl","9",10
"Dixileta",2021-10-21,NA,NA,"Tetramorium",1,"FALSE","FALSE","not measured","DaFl","9",10
"Dixileta",2021-10-21,NA,NA,"Nysius",1,"FALSE","FALSE","not measured","DaFl","10",10
"Dixileta",2021-10-21,NA,NA,"Tetramorium",42,"FALSE","FALSE","not measured","DaFl","10",10
"Dixileta",2022-01-20,NA,NA,"Pheidole",2,"FALSE","FALSE","not measured","DaFl","1",10
"Dixileta",2022-01-20,NA,NA,"Solenopsis xyloni",3,"FALSE","FALSE","not measured","DaFl","1",10
"Dixileta",2022-01-20,NA,NA,"Solenopsis",2,"FALSE","FALSE","not measured","DaFl","2",10
"Dixileta",2022-01-20,NA,"empty_trap",NA,NA,NA,NA,NA,NA,"3",10
"Dixileta",2022-01-20,NA,NA,"Solenopsis",1,"FALSE","FALSE","not measured","DaFl","4",10
"Dixileta",2022-01-20,NA,NA,"Linyphiidae",2,"FALSE","FALSE","not measured","DaFl","5",10
"Dixileta",2022-01-20,NA,NA,"Solenopsis xyloni",1,"FALSE","FALSE","not measured","DaFl","5",10
"Dixileta",2022-01-20,NA,NA,"Psilochorus",1,"FALSE","FALSE","not measured","DaFl","6",10
"Dixileta",2022-01-20,NA,NA,"Pheidole",8,"FALSE","FALSE","not measured","DaFl","7",10
"Dixileta",2022-01-20,NA,"empty_trap",NA,NA,NA,NA,NA,NA,"8",10
"Dixileta",2022-01-20,NA,"empty_trap",NA,NA,NA,NA,NA,NA,"9",10
"Dixileta",2022-01-20,NA,NA,"Tetramorium",2,"FALSE","FALSE","not measured","DaFl","10",10
"Dixileta",2022-04-21,NA,NA,"Anystoidea",7,"FALSE","FALSE","not measured","DaFl","1",9
"Dixileta",2022-04-21,NA,NA,"Araeoschizus",1,"FALSE","FALSE","not measured","DaFl","1",9
"Dixileta",2022-04-21,NA,NA,"Anystoidea",2,"FALSE","FALSE","not measured","DaFl","2",9
"Dixileta",2022-04-21,NA,NA,"Forelius",3,"FALSE","FALSE","not measured","DaFl","2",9
"Dixileta",2022-04-21,NA,NA,"Solenopsis",1,"FALSE","FALSE","not measured","DaFl","2",9
"Dixileta",2022-04-21,NA,NA,"Tarsonops systematicus",1,"FALSE","FALSE","not measured","DaFl","2",9
"Dixileta",2022-04-21,NA,NA,"Anystoidea",1,"FALSE","FALSE","not measured","DaFl","3",9
"Dixileta",2022-04-21,NA,NA,"Forelius",3,"FALSE","FALSE","not measured","DaFl","3",9
"Dixileta",2022-04-21,NA,NA,"Nocibiotes",1,"FALSE","FALSE","not measured","DaFl","3",9
"Dixileta",2022-04-21,NA,NA,"Solenopsis xyloni",1,"FALSE","FALSE","not measured","DaFl","3",9
"Dixileta",2022-04-21,NA,NA,"Anystoidea",1,"FALSE","FALSE","not measured","DaFl","4",9
"Dixileta",2022-04-21,NA,NA,"Forelius",1,"FALSE","FALSE","not measured","DaFl","4",9
"Dixileta",2022-04-21,NA,NA,"Solenopsis xyloni",1,"FALSE","FALSE","not measured","DaFl","4",9
"Dixileta",2022-04-21,"cup dislodged - no sample","trap_not_collected",NA,NA,NA,NA,NA,NA,"5",9
"Dixileta",2022-04-21,NA,NA,"Anystoidea",1,"FALSE","FALSE","not measured","DaFl","6",9
"Dixileta",2022-04-21,NA,NA,"Pheidole",2,"FALSE","FALSE","not measured","DaFl","6",9
"Dixileta",2022-04-21,NA,NA,"Psilochorus",1,"FALSE","FALSE","not measured","DaFl","7",9
"Dixileta",2022-04-21,NA,NA,"Anystoidea",1,"FALSE","FALSE","not measured","DaFl","8",9
"Dixileta",2022-04-21,NA,NA,"Forelius",1,"FALSE","FALSE","not measured","DaFl","8",9
"Dixileta",2022-04-21,NA,NA,"Scelionidae",1,"FALSE","FALSE","not measured","DaFl","8",9
"Dixileta",2022-04-21,NA,NA,"Anystoidea",4,"FALSE","FALSE","not measured","DaFl","9",9
"Dixileta",2022-04-21,NA,NA,"Forelius",2,"FALSE","FALSE","not measured","DaFl","9",9
"Dixileta",2022-04-21,NA,NA,"Lepismatidae",1,"FALSE","FALSE","not measured","DaFl","9",9
"Dixileta",2022-04-21,NA,NA,"Salticidae",1,"FALSE","FALSE","not measured","DaFl","9",9
"Dixileta",2022-04-21,NA,NA,"Theridiidae",1,"FALSE","FALSE","not measured","DaFl","9",9
"Dixileta",2022-04-21,NA,NA,"Gnaphosidae",2,"FALSE","FALSE","not measured","DaFl","10",9
"Dixileta",2022-04-21,NA,NA,"Mecinus",1,"FALSE","FALSE","not measured","DaFl","10",9
"Dixileta",2022-04-21,NA,NA,"Solenopsis xyloni",2,"FALSE","FALSE","not measured","DaFl","10",9
"Dixileta",2022-04-21,NA,NA,"Tetramorium",14,"FALSE","FALSE","not measured","DaFl","10",9
"Dixileta",2022-10-27,NA,NA,"Entomobryidae",7,"FALSE","FALSE","not measured","DaFl","1",9
"Dixileta",2022-10-27,NA,NA,"Erythraeoidea",1,"FALSE","FALSE","not measured","DaFl","1",9
"Dixileta",2022-10-27,NA,NA,"Psilochorus",1,"FALSE","FALSE","not measured","DaFl","1",9
"Dixileta",2022-10-27,NA,NA,"Solenopsis xyloni",1,"FALSE","FALSE","not measured","DaFl","1",9
"Dixileta",2022-10-27,NA,NA,"Tetramorium",1,"FALSE","FALSE","not measured","DaFl","1",9
"Dixileta",2022-10-27,NA,NA,"Pogonomyrmex",1,"FALSE","FALSE","not measured","DaFl","2",9
"Dixileta",2022-10-27,NA,NA,"Forelius",1,"FALSE","FALSE","not measured","DaFl","3",9
"Dixileta",2022-10-27,NA,NA,"Novomessor cockerelli",1,"FALSE","FALSE","not measured","DaFl","3",9
"Dixileta",2022-10-27,NA,NA,"Sciaridae",1,"FALSE","FALSE","not measured","DaFl","3",9
"Dixileta",2022-10-27,NA,NA,"Solenopsis xyloni",1,"FALSE","FALSE","not measured","DaFl","3",9
"Dixileta",2022-10-27,NA,"trap_not_collected",NA,NA,NA,NA,NA,NA,"4",9
"Dixileta",2022-10-27,NA,NA,"Cicadellidae",1,"FALSE","FALSE","not measured","DaFl","5",9
"Dixileta",2022-10-27,NA,NA,"Pheidole",1,"FALSE","FALSE","not measured","DaFl","5",9
"Dixileta",2022-10-27,NA,NA,"Pheidole",1,"FALSE","FALSE","not measured","DaFl","6",9
"Dixileta",2022-10-27,NA,NA,"Cicadellidae",1,"FALSE","FALSE","not measured","DaFl","7",9
"Dixileta",2022-10-27,NA,"empty_trap",NA,NA,NA,NA,NA,NA,"8",9
"Dixileta",2022-10-27,NA,"empty_trap",NA,NA,NA,NA,NA,NA,"9",9
"Dixileta",2022-10-27,NA,NA,"Solenopsis xyloni",1,"FALSE","FALSE","not measured","DaFl","10",9
"Dixileta",2022-10-27,NA,NA,"Tetramorium",3,"FALSE","FALSE","not measured","DaFl","10",9
"Dixileta",2023-01-26,NA,NA,"Erythraeoidea",1,"FALSE","FALSE","not measured","DaFl","1",10
"Dixileta",2023-01-26,NA,"empty_trap",NA,NA,NA,NA,NA,NA,"2",10
"Dixileta",2023-01-26,NA,"empty_trap",NA,NA,NA,NA,NA,NA,"3",10
"Dixileta",2023-01-26,NA,NA,"Erythraeoidea",1,"FALSE","FALSE","not measured","DaFl","4",10
"Dixileta",2023-01-26,NA,NA,"Oribatida",1,"FALSE","FALSE","not measured","DaFl","4",10
"Dixileta",2023-01-26,NA,NA,"Erythraeoidea",1,"FALSE","FALSE","not measured","DaFl","5",10
"Dixileta",2023-01-26,NA,NA,"Isotomidae",1,"FALSE","FALSE","not measured","DaFl","5",10
"Dixileta",2023-01-26,NA,NA,"Psocodea",1,"FALSE","FALSE","not measured","DaFl","6",10
"Dixileta",2023-01-26,NA,NA,"Sciaridae",1,"FALSE","FALSE","not measured","DaFl","7",10
"Dixileta",2023-01-26,NA,"empty_trap",NA,NA,NA,NA,NA,NA,"8",10
"Dixileta",2023-01-26,NA,"empty_trap",NA,NA,NA,NA,NA,NA,"9",10
"Dixileta",2023-01-26,NA,NA,"Isotomidae",1,"FALSE","FALSE","not measured","DaFl","10",10
"Dixileta",2023-04-20,NA,NA,"Anystoidea",6,"FALSE","FALSE","not measured","DaFl","1",10
"Dixileta",2023-04-20,NA,NA,"Caeculidae",2,"FALSE","FALSE","not measured","DaFl","1",10
"Dixileta",2023-04-20,NA,NA,"Mecinus",1,"FALSE","FALSE","not measured","DaFl","1",10
"Dixileta",2023-04-20,NA,NA,"Thripidae",3,"FALSE","FALSE","not measured","DaFl","1",10
"Dixileta",2023-04-20,NA,NA,"Alopecosa",1,"FALSE","FALSE","not measured","DaFl","2",10
"Dixileta",2023-04-20,NA,NA,"Anystoidea",5,"FALSE","FALSE","not measured","DaFl","2",10
"Dixileta",2023-04-20,NA,NA,"Caeculidae",2,"FALSE","FALSE","not measured","DaFl","2",10
"Dixileta",2023-04-20,NA,NA,"Forelius",1,"FALSE","FALSE","not measured","DaFl","2",10
"Dixileta",2023-04-20,NA,NA,"Hemiptera",1,"TRUE","FALSE","not measured","DaFl","2",10
"Dixileta",2023-04-20,NA,NA,"Pheidole",1,"FALSE","FALSE","not measured","DaFl","2",10
"Dixileta",2023-04-20,NA,NA,"Anystoidea",2,"FALSE","FALSE","not measured","DaFl","3",10
"Dixileta",2023-04-20,NA,NA,"Aphididae",1,"FALSE","FALSE","not measured","DaFl","3",10
"Dixileta",2023-04-20,NA,NA,"Forelius",2,"FALSE","FALSE","not measured","DaFl","3",10
"Dixileta",2023-04-20,NA,NA,"Hemiptera",1,"TRUE","FALSE","not measured","DaFl","3",10
"Dixileta",2023-04-20,NA,NA,"Horistonotus",1,"FALSE","FALSE","not measured","DaFl","3",10
"Dixileta",2023-04-20,NA,NA,"Anystoidea",1,"FALSE","FALSE","not measured","DaFl","4",10
"Dixileta",2023-04-20,NA,NA,"Aphididae",1,"FALSE","FALSE","not measured","DaFl","4",10
"Dixileta",2023-04-20,NA,NA,"Anystoidea",4,"FALSE","FALSE","not measured","DaFl","5",10
"Dixileta",2023-04-20,NA,NA,"Paravaejovis spinigerus",1,"FALSE","FALSE","not measured","DaFl","5",10
"Dixileta",2023-04-20,NA,NA,"Solenopsis xyloni",3,"FALSE","FALSE","not measured","DaFl","5",10
"Dixileta",2023-04-20,NA,NA,"Thinoxenus",1,"FALSE","FALSE","not measured","DaFl","5",10
"Dixileta",2023-04-20,NA,NA,"Thripidae",1,"FALSE","FALSE","not measured","DaFl","5",10
"Dixileta",2023-04-20,NA,NA,"Anystoidea",39,"FALSE","FALSE","not measured","DaFl","6",10
"Dixileta",2023-04-20,NA,NA,"Coccinellidae",1,"TRUE","FALSE","not measured","DaFl","6",10
"Dixileta",2023-04-20,NA,NA,"Entomobryidae",1,"FALSE","FALSE","not measured","DaFl","6",10
"Dixileta",2023-04-20,NA,NA,"Meinertellidae",2,"FALSE","FALSE","not measured","DaFl","6",10
"Dixileta",2023-04-20,NA,NA,"Pheidole",3,"FALSE","FALSE","not measured","DaFl","6",10
"Dixileta",2023-04-20,NA,NA,"Hemiptera",1,"TRUE","FALSE","not measured","DaFl","7",10
"Dixileta",2023-04-20,NA,NA,"Neuroptera",1,"TRUE","FALSE","not measured","DaFl","7",10
"Dixileta",2023-04-20,NA,NA,"Coccinellidae",1,"TRUE","FALSE","not measured","DaFl","8",10
"Dixileta",2023-04-20,NA,NA,"Oxyopes",1,"FALSE","FALSE","not measured","DaFl","9",10
"Dixileta",2023-04-20,NA,NA,"Sciaridae",1,"FALSE","FALSE","not measured","DaFl","9",10
"Dixileta",2023-04-20,NA,NA,"Geocoris",1,"FALSE","FALSE","not measured","DaFl","10",10
"Dixileta",2023-07-27,NA,NA,"Ammotrechidae",1,"FALSE","FALSE","not measured","DaFl","1",10
"Dixileta",2023-07-27,NA,NA,"Pheidole",1,"FALSE","FALSE","not measured","DaFl","1",10
"Dixileta",2023-07-27,NA,NA,"Tetramorium",1,"FALSE","FALSE","not measured","DaFl","1",10
"Dixileta",2023-07-27,NA,NA,"Anystoidea",2,"FALSE","FALSE","not measured","DaFl","2",10
"Dixileta",2023-07-27,NA,NA,"Brachymyrmex depilis",2,"FALSE","FALSE","not measured","DaFl","2",10
"Dixileta",2023-07-27,NA,NA,"Lepismatidae",1,"FALSE","FALSE","not measured","DaFl","2",10
"Dixileta",2023-07-27,NA,NA,"Pogonomyrmex",1,"FALSE","FALSE","not measured","DaFl","2",10
"Dixileta",2023-07-27,NA,NA,"Solenopsis xyloni",10,"FALSE","FALSE","not measured","DaFl","2",10
"Dixileta",2023-07-27,NA,NA,"Anystoidea",2,"FALSE","FALSE","not measured","DaFl","3",10
"Dixileta",2023-07-27,NA,NA,"Paravaejovis spinigerus",1,"FALSE","FALSE","not measured","DaFl","3",10
"Dixileta",2023-07-27,NA,NA,"Solenopsis xyloni",1,"FALSE","FALSE","not measured","DaFl","3",10
"Dixileta",2023-07-27,NA,NA,"Tetramorium",2,"FALSE","FALSE","not measured","DaFl","3",10
"Dixileta",2023-07-27,NA,NA,"Solenopsis xyloni",2,"FALSE","FALSE","not measured","DaFl","4",10
"Dixileta",2023-07-27,NA,NA,"Tetramorium",1,"FALSE","FALSE","not measured","DaFl","4",10
"Dixileta",2023-07-27,NA,NA,"Anystoidea",6,"FALSE","FALSE","not measured","DaFl","5",10
"Dixileta",2023-07-27,NA,NA,"Bdellidae",2,"FALSE","FALSE","not measured","DaFl","6",10
"Dixileta",2023-07-27,NA,NA,"Gnaphosidae",1,"FALSE","FALSE","not measured","DaFl","6",10
"Dixileta",2023-07-27,NA,NA,"Ammotrechidae",1,"FALSE","FALSE","not measured","DaFl","7",10
"Dixileta",2023-07-27,NA,NA,"Anystoidea",2,"FALSE","FALSE","not measured","DaFl","7",10
"Dixileta",2023-07-27,NA,NA,"Oxyopes",1,"FALSE","FALSE","not measured","DaFl","7",10
"Dixileta",2023-07-27,NA,NA,"Pheidole desertorum",2,"FALSE","FALSE","not measured","DaFl","7",10
"Dixileta",2023-07-27,NA,NA,"Pogonomyrmex",1,"FALSE","FALSE","not measured","DaFl","7",10
"Dixileta",2023-07-27,NA,NA,"Solenopsis xyloni",1,"FALSE","FALSE","not measured","DaFl","7",10
"Dixileta",2023-07-27,NA,NA,"Lycosidae",1,"FALSE","FALSE","not measured","DaFl","8",10
"Dixileta",2023-07-27,NA,NA,"Pogonomyrmex",1,"FALSE","FALSE","not measured","DaFl","8",10
"Dixileta",2023-07-27,NA,NA,"Sphaeropthalma",1,"FALSE","FALSE","not measured","DaFl","8",10
"Dixileta",2023-07-27,NA,NA,"Anystoidea",5,"FALSE","FALSE","not measured","DaFl","9",10
"Dixileta",2023-07-27,NA,NA,"Forelius",1,"FALSE","FALSE","not measured","DaFl","9",10
"Dixileta",2023-07-27,NA,NA,"Lycosidae",1,"FALSE","FALSE","not measured","DaFl","9",10
"Dixileta",2023-07-27,NA,NA,"Solenopsis xyloni",2,"FALSE","FALSE","not measured","DaFl","9",10
"Dixileta",2023-07-27,NA,NA,"Caeculidae",1,"FALSE","FALSE","not measured","DaFl","10",10
"Dixileta",2023-07-27,NA,NA,"Crematogaster",2,"FALSE","FALSE","not measured","DaFl","10",10
"Dixileta",2023-07-27,NA,NA,"Solenopsis xyloni",11,"FALSE","FALSE","not measured","DaFl","10",10
"Dixileta",2023-07-27,NA,NA,"Tetramorium",33,"FALSE","FALSE","not measured","DaFl","10",10
"Dixileta",2023-10-26,NA,"empty_trap",NA,NA,NA,NA,NA,NA,"1",10
"Dixileta",2023-10-26,NA,NA,"Tetramorium",1,"FALSE","FALSE","not measured","DaFl","2",10
"Dixileta",2023-10-26,NA,NA,"Mutillidae",1,"FALSE","FALSE","not measured","DaFl","3",10
"Dixileta",2023-10-26,NA,NA,"Paravaejovis spinigerus",1,"FALSE","FALSE","not measured","DaFl","3",10
"Dixileta",2023-10-26,NA,NA,"Ammotrechidae",1,"FALSE","FALSE","not measured","DaFl","4",10
"Dixileta",2023-10-26,NA,NA,"Ammotrechidae",1,"FALSE","FALSE","not measured","DaFl","5",10
"Dixileta",2023-10-26,NA,NA,"Erythraeoidea",1,"FALSE","FALSE","not measured","DaFl","5",10
"Dixileta",2023-10-26,NA,NA,"Pheidole desertorum",1,"FALSE","FALSE","not measured","DaFl","5",10
"Dixileta",2023-10-26,NA,NA,"Paravaejovis spinigerus",1,"FALSE","FALSE","not measured","DaFl","6",10
"Dixileta",2023-10-26,NA,NA,"Solenopsis xyloni",1,"FALSE","FALSE","not measured","DaFl","6",10
"Dixileta",2023-10-26,NA,NA,"Oxyopes",1,"FALSE","FALSE","not measured","DaFl","7",10
"Dixileta",2023-10-26,NA,"empty_trap",NA,NA,NA,NA,NA,NA,"8",10
"Dixileta",2023-10-26,NA,"empty_trap",NA,NA,NA,NA,NA,NA,"9",10
"Dixileta",2023-10-26,NA,NA,"Crematogaster",1,"FALSE","FALSE","not measured","DaFl","10",10
"Dixileta",2024-01-29,NA,NA,"Gryllidae",1,"TRUE","FALSE","not measured","DaFl","1",10
"Dixileta",2024-01-29,NA,NA,"Sminthuridae",1,"FALSE","FALSE","not measured","DaFl","1",10
"Dixileta",2024-01-29,NA,"empty_trap",NA,NA,NA,NA,NA,NA,"2",10
"Dixileta",2024-01-29,NA,NA,"Charhyphus",1,"FALSE","FALSE","not measured","DaFl","3",10
"Dixileta",2024-01-29,NA,NA,"Erythraeoidea",1,"FALSE","FALSE","not measured","DaFl","3",10
"Dixileta",2024-01-29,NA,NA,"Phyllotreta",1,"FALSE","FALSE","not measured","DaFl","3",10
"Dixileta",2024-01-29,NA,NA,"Sminthuridae",1,"FALSE","FALSE","not measured","DaFl","3",10
"Dixileta",2024-01-29,NA,NA,"Xysticus",1,"FALSE","FALSE","not measured","DaFl","3",10
"Dixileta",2024-01-29,NA,NA,"Spirobolida",1,"FALSE","FALSE","not measured","DaFl","4",10
"Dixileta",2024-01-29,NA,NA,"Tetramorium",1,"FALSE","FALSE","not measured","DaFl","4",10
"Dixileta",2024-01-29,NA,NA,"Ptomaphagus",1,"FALSE","FALSE","not measured","DaFl","5",10
"Dixileta",2024-01-29,NA,NA,"Ceraticelus",1,"FALSE","FALSE","not measured","DaFl","6",10
"Dixileta",2024-01-29,NA,NA,"Erythraeoidea",1,"FALSE","FALSE","not measured","DaFl","6",10
"Dixileta",2024-01-29,NA,NA,"Xysticus",1,"FALSE","FALSE","not measured","DaFl","6",10
"Dixileta",2024-01-29,NA,NA,"Phalangiidae",1,"FALSE","FALSE","not measured","DaFl","7",10
"Dixileta",2024-01-29,NA,NA,"Pholcidae",1,"FALSE","FALSE","not measured","DaFl","7",10
"Dixileta",2024-01-29,NA,NA,"Erythraeoidea",1,"FALSE","FALSE","not measured","DaFl","8",10
"Dixileta",2024-01-29,NA,NA,"Psilochorus",1,"FALSE","FALSE","not measured","DaFl","8",10
"Dixileta",2024-01-29,NA,"empty_trap",NA,NA,NA,NA,NA,NA,"9",10
"Dixileta",2024-01-29,NA,NA,"Ptomaphagus",1,"FALSE","FALSE","not measured","DaFl","10",10
"Dixileta",2024-04-25,NA,NA,"Anystoidea",1,"FALSE","FALSE","not measured","DaFl","1",10
"Dixileta",2024-04-25,NA,NA,"Carabidae",1,"TRUE","FALSE","not measured","DaFl","1",10
"Dixileta",2024-04-25,NA,NA,"Erythraeoidea",4,"FALSE","FALSE","not measured","DaFl","1",10
"Dixileta",2024-04-25,NA,NA,"Isopoda",1,"FALSE","FALSE","not measured","DaFl","1",10
"Dixileta",2024-04-25,NA,NA,"Mecinus",2,"FALSE","FALSE","not measured","DaFl","1",10
"Dixileta",2024-04-25,NA,NA,"Meinertellidae",4,"FALSE","FALSE","not measured","DaFl","1",10
"Dixileta",2024-04-25,NA,NA,"Nocibiotes",2,"FALSE","FALSE","not measured","DaFl","1",10
"Dixileta",2024-04-25,NA,NA,"Thripidae",3,"FALSE","FALSE","not measured","DaFl","1",10
"Dixileta",2024-04-25,NA,NA,"Anystoidea",1,"FALSE","FALSE","not measured","DaFl","2",10
"Dixileta",2024-04-25,NA,NA,"Entomobryidae",1,"FALSE","FALSE","not measured","DaFl","2",10
"Dixileta",2024-04-25,NA,NA,"Nocibiotes",1,"FALSE","FALSE","not measured","DaFl","2",10
"Dixileta",2024-04-25,NA,NA,"Paravaejovis spinigerus",1,"FALSE","FALSE","not measured","DaFl","2",10
"Dixileta",2024-04-25,NA,NA,"Solenopsis xyloni",1,"FALSE","FALSE","not measured","DaFl","2",10
"Dixileta",2024-04-25,NA,NA,"Anystoidea",6,"FALSE","FALSE","not measured","DaFl","3",10
"Dixileta",2024-04-25,NA,NA,"Araeoschizus",1,"FALSE","FALSE","not measured","DaFl","3",10
"Dixileta",2024-04-25,NA,NA,"Cicadellidae",1,"TRUE","FALSE","not measured","DaFl","3",10
"Dixileta",2024-04-25,NA,NA,"Entomobryidae",10,"FALSE","FALSE","not measured","DaFl","3",10
"Dixileta",2024-04-25,NA,NA,"Psilochorus",1,"FALSE","FALSE","not measured","DaFl","3",10
"Dixileta",2024-04-25,NA,NA,"Anystoidea",1,"FALSE","FALSE","not measured","DaFl","4",10
"Dixileta",2024-04-25,NA,NA,"Acrididae",1,"TRUE","FALSE","not measured","DaFl","5",10
"Dixileta",2024-04-25,NA,NA,"Anystoidea",2,"FALSE","FALSE","not measured","DaFl","5",10
"Dixileta",2024-04-25,NA,NA,"Deltocephalinae",1,"FALSE","FALSE","not measured","DaFl","5",10
"Dixileta",2024-04-25,NA,NA,"Erythraeoidea",7,"FALSE","FALSE","not measured","DaFl","5",10
"Dixileta",2024-04-25,NA,NA,"Hemiptera",1,"TRUE","FALSE","not measured","DaFl","5",10
"Dixileta",2024-04-25,NA,NA,"Hypogastruridae",1,"FALSE","FALSE","not measured","DaFl","5",10
"Dixileta",2024-04-25,NA,NA,"Pheidole",1,"FALSE","FALSE","not measured","DaFl","5",10
"Dixileta",2024-04-25,NA,NA,"Pheidole desertorum",1,"FALSE","FALSE","not measured","DaFl","5",10
"Dixileta",2024-04-25,NA,NA,"Psilochorus",1,"FALSE","FALSE","not measured","DaFl","5",10
"Dixileta",2024-04-25,NA,NA,"Thripidae",1,"FALSE","FALSE","not measured","DaFl","5",10
"Dixileta",2024-04-25,NA,NA,"Drassyllus",2,"FALSE","FALSE","not measured","DaFl","6",10
"Dixileta",2024-04-25,NA,NA,"Entomobryidae",2,"FALSE","FALSE","not measured","DaFl","6",10
"Dixileta",2024-04-25,NA,NA,"Erythraeoidea",1,"FALSE","FALSE","not measured","DaFl","6",10
"Dixileta",2024-04-25,NA,NA,"Hemiptera",1,"TRUE","FALSE","not measured","DaFl","6",10
"Dixileta",2024-04-25,NA,NA,"Tarsonops",1,"FALSE","FALSE","not measured","DaFl","6",10
"Dixileta",2024-04-25,NA,NA,"Coquilettia",1,"FALSE","FALSE","not measured","DaFl","7",10
"Dixileta",2024-04-25,NA,NA,"Entomobryidae",1,"FALSE","FALSE","not measured","DaFl","7",10
"Dixileta",2024-04-25,NA,NA,"Erythraeoidea",6,"FALSE","FALSE","not measured","DaFl","7",10
"Dixileta",2024-04-25,NA,NA,"Thripidae",1,"FALSE","FALSE","not measured","DaFl","7",10
"Dixileta",2024-04-25,NA,NA,"Erythraeoidea",2,"FALSE","FALSE","not measured","DaFl","8",10
"Dixileta",2024-04-25,NA,NA,"Lycosidae",1,"TRUE","FALSE","not measured","DaFl","8",10
"Dixileta",2024-04-25,NA,NA,"Phlaeothripidae",1,"FALSE","FALSE","not measured","DaFl","8",10
"Dixileta",2024-04-25,NA,NA,"Thripidae",1,"FALSE","FALSE","not measured","DaFl","8",10
"Dixileta",2024-04-25,NA,NA,"Anystoidea",1,"FALSE","FALSE","not measured","DaFl","9",10
"Dixileta",2024-04-25,NA,NA,"Erythraeoidea",1,"FALSE","FALSE","not measured","DaFl","9",10
"Dixileta",2024-04-25,NA,NA,"Mecinus",1,"FALSE","FALSE","not measured","DaFl","9",10
"Dixileta",2024-04-25,NA,NA,"Thripidae",3,"FALSE","FALSE","not measured","DaFl","9",10
"Dixileta",2024-04-25,NA,NA,"Entomobryidae",1,"FALSE","FALSE","not measured","DaFl","10",10
"Dixileta",2024-04-25,NA,NA,"Erythraeoidea",2,"FALSE","FALSE","not measured","DaFl","10",10
"Dixileta",2024-04-25,NA,NA,"Oligotoma nigra",1,"FALSE","FALSE","not measured","DaFl","10",10
"Dixileta",2024-04-25,NA,NA,"Sciaridae",1,"FALSE","FALSE","not measured","DaFl","10",10
"Dixileta",2024-04-25,NA,NA,"Tetramorium",5,"FALSE","FALSE","not measured","DaFl","10",10
"Dixileta",2024-07-25,NA,NA,"Anystoidea",1,"FALSE","FALSE","not measured","DaFl","1",10
"Dixileta",2024-07-25,NA,NA,"Nocibiotes",1,"FALSE","FALSE","not measured","DaFl","1",10
"Dixileta",2024-07-25,NA,NA,"Pheidole",1,"FALSE","FALSE","not measured","DaFl","1",10
"Dixileta",2024-07-25,NA,NA,"Pseudoscorpiones",1,"FALSE","FALSE","not measured","DaFl","1",10
"Dixileta",2024-07-25,NA,NA,"Tetramorium",1,"FALSE","FALSE","not measured","DaFl","1",10
"Dixileta",2024-07-25,NA,NA,"Anystoidea",3,"FALSE","FALSE","not measured","DaFl","2",10
"Dixileta",2024-07-25,NA,NA,"Lepismatidae",2,"FALSE","FALSE","not measured","DaFl","2",10
"Dixileta",2024-07-25,NA,NA,"Melanaethus",1,"FALSE","FALSE","not measured","DaFl","2",10
"Dixileta",2024-07-25,NA,NA,"Pheidole",1,"FALSE","FALSE","not measured","DaFl","2",10
"Dixileta",2024-07-25,NA,NA,"Solenopsis xyloni",1,"FALSE","FALSE","not measured","DaFl","2",10
"Dixileta",2024-07-25,NA,NA,"Tetramorium",2,"FALSE","FALSE","not measured","DaFl","2",10
"Dixileta",2024-07-25,NA,NA,"Novomessor cockerelli",1,"FALSE","FALSE","not measured","DaFl","3",10
"Dixileta",2024-07-25,"Lizard removed from cup",NA,"Anystoidea",1,"FALSE","FALSE","not measured","DaFl","4",10
"Dixileta",2024-07-25,"Lizard removed from cup",NA,"Lygaeidae",1,"FALSE","FALSE","not measured","DaFl","4",10
"Dixileta",2024-07-25,"Lizard removed from cup",NA,"Novomessor cockerelli",1,"FALSE","FALSE","not measured","DaFl","4",10
"Dixileta",2024-07-25,NA,NA,"Anystoidea",2,"FALSE","FALSE","not measured","DaFl","5",10
"Dixileta",2024-07-25,NA,NA,"Paravaejovis spinigerus",1,"FALSE","FALSE","not measured","DaFl","5",10
"Dixileta",2024-07-25,NA,NA,"Pheidole",1,"FALSE","FALSE","not measured","DaFl","5",10
"Dixileta",2024-07-25,NA,NA,"Solenopsis",2,"FALSE","FALSE","not measured","DaFl","6",10
"Dixileta",2024-07-25,NA,NA,"Anystoidea",3,"FALSE","FALSE","not measured","DaFl","7",10
"Dixileta",2024-07-25,NA,NA,"Pheidole desertorum",2,"FALSE","FALSE","not measured","DaFl","7",10
"Dixileta",2024-07-25,NA,NA,"Anystoidea",6,"FALSE","FALSE","not measured","DaFl","8",10
"Dixileta",2024-07-25,NA,NA,"Anystoidea",1,"FALSE","FALSE","not measured","DaFl","9",10
"Dixileta",2024-07-25,NA,NA,"Mantidae",1,"FALSE","FALSE","not measured","DaFl","9",10
"Dixileta",2024-07-25,NA,NA,"Tetramorium",1,"FALSE","FALSE","not measured","DaFl","9",10
"Dixileta",2024-07-25,NA,"empty_trap",NA,NA,NA,NA,NA,NA,"10",10
"Dixileta",2024-10-24,NA,NA,"Anystoidea",1,"FALSE","FALSE","not measured","DaFl","1",10
"Dixileta",2024-10-24,NA,NA,"Crematogaster",3,"FALSE","FALSE","not measured","DaFl","1",10
"Dixileta",2024-10-24,NA,NA,"Psocodea",1,"FALSE","FALSE","not measured","DaFl","1",10
"Dixileta",2024-10-24,NA,NA,"Tetramorium",1,"FALSE","FALSE","not measured","DaFl","1",10
"Dixileta",2024-10-24,NA,NA,"Mantidae",1,"FALSE","FALSE","not measured","DaFl","2",10
"Dixileta",2024-10-24,NA,NA,"Pogonomyrmex",1,"FALSE","FALSE","not measured","DaFl","2",10
"Dixileta",2024-10-24,NA,NA,"Tetramorium",3,"FALSE","FALSE","not measured","DaFl","3",10
"Dixileta",2024-10-24,NA,NA,"Ammotrechidae",1,"FALSE","FALSE","not measured","DaFl","4",10
"Dixileta",2024-10-24,NA,NA,"Pogonomyrmex",1,"FALSE","FALSE","not measured","DaFl","4",10
"Dixileta",2024-10-24,NA,NA,"Ammotrechidae",1,"FALSE","FALSE","not measured","DaFl","5",10
"Dixileta",2024-10-24,NA,NA,"Pogonomyrmex",2,"FALSE","FALSE","not measured","DaFl","5",10
"Dixileta",2024-10-24,NA,NA,"Lepismatidae",1,"FALSE","FALSE","not measured","DaFl","6",10
"Dixileta",2024-10-24,NA,NA,"Erythraeoidea",1,"FALSE","FALSE","not measured","DaFl","7",10
"Dixileta",2024-10-24,NA,NA,"Novomessor cockerelli",1,"FALSE","FALSE","not measured","DaFl","7",10
"Dixileta",2024-10-24,NA,"empty_trap",NA,NA,NA,NA,NA,NA,"8",10
"Dixileta",2024-10-24,NA,NA,"Lepismatidae",1,"FALSE","FALSE","not measured","DaFl","9",10
"Dixileta",2024-10-24,NA,NA,"Pheidole",1,"FALSE","FALSE","not measured","DaFl","9",10
"Dixileta",2024-10-24,NA,NA,"Pogonomyrmex",1,"FALSE","FALSE","not measured","DaFl","9",10
"Dixileta",2024-10-24,NA,NA,"Pogonomyrmex",1,"FALSE","FALSE","not measured","DaFl","10",10
"Dixileta",2024-10-24,NA,NA,"Tetramorium",1,"FALSE","FALSE","not measured","DaFl","10",10
"Dixileta",2025-01-24,NA,"empty_trap",NA,NA,NA,NA,NA,NA,"1",10
"Dixileta",2025-01-24,NA,NA,"Entomobryidae",1,"FALSE","FALSE","not measured","DaFl","2",10
"Dixileta",2025-01-24,NA,NA,"Termitidae",25,"FALSE","FALSE","not measured","DaFl","3",10
"Dixileta",2025-01-24,NA,NA,"Xysticus",1,"FALSE","FALSE","not measured","DaFl","3",10
"Dixileta",2025-01-24,NA,NA,"Pheidole",1,"FALSE","FALSE","not measured","DaFl","4",10
"Dixileta",2025-01-24,NA,"empty_trap",NA,NA,NA,NA,NA,NA,"5",10
"Dixileta",2025-01-24,NA,"empty_trap",NA,NA,NA,NA,NA,NA,"6",10
"Dixileta",2025-01-24,NA,NA,"Aphididae",1,"FALSE","FALSE","not measured","DaFl","7",10
"Dixileta",2025-01-24,NA,NA,"Cononotus bryanti",2,"FALSE","FALSE","not measured","DaFl","7",10
"Dixileta",2025-01-24,NA,NA,"Ctenizidae",1,"FALSE","FALSE","not measured","DaFl","7",10
"Dixileta",2025-01-24,NA,"empty_trap",NA,NA,NA,NA,NA,NA,"8",10
"Dixileta",2025-01-24,NA,NA,"Anystoidea",1,"FALSE","FALSE","not measured","DaFl","9",10
"Dixileta",2025-01-24,NA,"empty_trap",NA,NA,NA,NA,NA,NA,"10",10
"Gateway",2012-02-23,NA,NA,"Acari",4,NA,NA,"not measured","ChAl","1",10
"Gateway",2012-02-23,NA,NA,"Bethylidae",1,NA,NA,"not measured","ChAl","1",10
"Gateway",2012-02-23,NA,NA,"Lepidoptera",1,"TRUE",NA,"not measured","ChAl","1",10
"Gateway",2012-02-23,NA,NA,"Meinertellidae",2,NA,NA,"not measured","ChAl","1",10
"Gateway",2012-02-23,NA,NA,"Sminthuridae",2,NA,NA,"not measured","ChAl","1",10
"Gateway",2012-02-23,NA,NA,"Acari",3,NA,NA,"not measured","ChAl","2",10
"Gateway",2012-02-23,NA,NA,"Cicadellidae",3,NA,NA,"not measured","ChAl","2",10
"Gateway",2012-02-23,NA,NA,"Entomobryidae",2,NA,NA,"not measured","ChAl","2",10
"Gateway",2012-02-23,NA,NA,"Gnaphosa",1,NA,NA,"not measured","ChAl","2",10
"Gateway",2012-02-23,NA,NA,"Hemiptera",1,"TRUE",NA,"not measured","ChAl","2",10
"Gateway",2012-02-23,NA,NA,"Meinertellidae",2,NA,NA,"not measured","ChAl","2",10
"Gateway",2012-02-23,NA,NA,"Acari",1,NA,NA,"not measured","ChAl","3",10
"Gateway",2012-02-23,NA,NA,"Crematogaster",1,NA,NA,"not measured","ChAl","3",10
"Gateway",2012-02-23,NA,NA,"Eleodes armata",1,NA,NA,"greater than 10 mm","ChAl","3",10
"Gateway",2012-02-23,NA,NA,"Entomobryidae",1,NA,NA,"not measured","ChAl","3",10
"Gateway",2012-02-23,NA,NA,"Meinertellidae",1,NA,NA,"not measured","ChAl","3",10
"Gateway",2012-02-23,NA,NA,"Sminthuridae",2,NA,NA,"not measured","ChAl","3",10
"Gateway",2012-02-23,NA,NA,"Acari",9,NA,NA,"not measured","ChAl","4",10
"Gateway",2012-02-23,NA,NA,"Cicadellidae",1,"TRUE",NA,"not measured","ChAl","4",10
"Gateway",2012-02-23,NA,NA,"Dictyna",1,NA,NA,"not measured","ChAl","4",10
"Gateway",2012-02-23,NA,NA,"Forelius pruinosus",4,NA,NA,"not measured","ChAl","4",10
"Gateway",2012-02-23,NA,NA,"Lepidoptera",1,"TRUE",NA,"not measured","ChAl","4",10
"Gateway",2012-02-23,NA,NA,"Opiliones",2,NA,NA,"not measured","ChAl","4",10
"Gateway",2012-02-23,NA,NA,"Sminthuridae",3,NA,NA,"not measured","ChAl","4",10
"Gateway",2012-02-23,NA,NA,"Acari",1,NA,NA,"not measured","ChAl","5",10
"Gateway",2012-02-23,NA,NA,"Bethylidae",1,NA,NA,"not measured","ChAl","5",10
"Gateway",2012-02-23,NA,NA,"Cicadellidae",3,"TRUE",NA,"not measured","ChAl","5",10
"Gateway",2012-02-23,NA,NA,"Lepidoptera",1,"TRUE",NA,"not measured","ChAl","5",10
"Gateway",2012-02-23,NA,NA,"Meinertellidae",1,NA,NA,"not measured","ChAl","5",10
"Gateway",2012-02-23,NA,NA,"Sminthuridae",2,NA,NA,"not measured","ChAl","5",10
"Gateway",2012-02-23,NA,NA,"Xysticus",1,NA,NA,"not measured","ChAl","5",10
"Gateway",2012-02-23,NA,NA,"Acari",3,NA,NA,"not measured","ChAl","6",10
"Gateway",2012-02-23,NA,NA,"Araneidae",1,NA,NA,"not measured","ChAl","6",10
"Gateway",2012-02-23,NA,NA,"Hemiptera",1,"TRUE",NA,"not measured","ChAl","6",10
"Gateway",2012-02-23,NA,NA,"Lepidoptera",1,"TRUE",NA,"not measured","ChAl","6",10
"Gateway",2012-02-23,NA,NA,"Meinertellidae",2,NA,NA,"not measured","ChAl","6",10
"Gateway",2012-02-23,NA,NA,"Opiliones",1,NA,NA,"not measured","ChAl","6",10
"Gateway",2012-02-23,NA,NA,"Psilochorus",1,NA,NA,"not measured","ChAl","6",10
"Gateway",2012-02-23,NA,NA,"Sminthuridae",1,NA,NA,"not measured","ChAl","6",10
"Gateway",2012-02-23,NA,NA,"Bethylidae",1,NA,NA,"not measured","ChAl","7",10
"Gateway",2012-02-23,NA,NA,"Cicadellidae",5,NA,NA,"not measured","ChAl","7",10
"Gateway",2012-02-23,NA,NA,"Entomobryidae",3,NA,NA,"not measured","ChAl","7",10
"Gateway",2012-02-23,NA,NA,"Meinertellidae",1,NA,NA,"not measured","ChAl","7",10
"Gateway",2012-02-23,NA,NA,"Nabidae",1,NA,NA,"not measured","ChAl","7",10
"Gateway",2012-02-23,NA,NA,"Opiliones",2,NA,NA,"not measured","ChAl","7",10
"Gateway",2012-02-23,NA,NA,"Phytocoris",1,NA,NA,"not measured","ChAl","7",10
"Gateway",2012-02-23,NA,NA,"Sminthuridae",1,NA,NA,"not measured","ChAl","7",10
"Gateway",2012-02-23,NA,NA,"Acari",4,NA,NA,"not measured","ChAl","8",10
"Gateway",2012-02-23,NA,NA,"Ceratagallia (Aceratagallia)",2,NA,NA,"not measured","ChAl","8",10
"Gateway",2012-02-23,NA,NA,"Entomobryidae",2,NA,NA,"not measured","ChAl","8",10
"Gateway",2012-02-23,NA,NA,"Meinertellidae",3,NA,NA,"not measured","ChAl","8",10
"Gateway",2012-02-23,NA,NA,"Mutillidae",1,NA,NA,"not measured","ChAl","8",10
"Gateway",2012-02-23,NA,NA,"Nabidae",2,NA,NA,"not measured","ChAl","8",10
"Gateway",2012-02-23,NA,NA,"Opiliones",2,NA,NA,"not measured","ChAl","8",10
"Gateway",2012-02-23,NA,NA,"Ptomaphagus",1,NA,NA,"not measured","ChAl","8",10
"Gateway",2012-02-23,NA,NA,"Scaphiella",1,NA,NA,"not measured","ChAl","8",10
"Gateway",2012-02-23,NA,NA,"Sminthuridae",7,NA,NA,"not measured","ChAl","8",10
"Gateway",2012-02-23,NA,NA,"Acari",1,NA,NA,"not measured","ChAl","9",10
"Gateway",2012-02-23,NA,NA,"Cicadellidae",1,"TRUE",NA,"not measured","ChAl","9",10
"Gateway",2012-02-23,NA,NA,"Myrmecocystus",1,NA,NA,"not measured","ChAl","9",10
"Gateway",2012-02-23,NA,NA,"Sminthuridae",2,NA,NA,"not measured","ChAl","9",10
"Gateway",2012-02-23,NA,NA,"Acari",1,NA,NA,"not measured","ChAl","10",10
"Gateway",2012-02-23,NA,NA,"Entomobryidae",1,NA,NA,"not measured","ChAl","10",10
"Gateway",2012-02-23,NA,NA,"Opiliones",4,NA,NA,"not measured","ChAl","10",10
"Gateway",2012-04-26,"Water in all traps from rain previous night and that morning; Preserved with 90% isopropyl alcohol.",NA,"Pheidole desertorum",3,NA,NA,"not measured","ChAl","1",10
"Gateway",2012-04-26,"Water in all traps from rain previous night and that morning; Preserved with 90% isopropyl alcohol.",NA,"Solifugae",1,NA,NA,"not measured","ChAl","1",10
"Gateway",2012-04-26,"Water in all traps from rain previous night and that morning.Preserved with 90% isopropyl alcohol.",NA,"Cryptoglossa",1,NA,NA,"greater than 10 mm","ChAl","2",10
"Gateway",2012-04-26,"Water in all traps from rain previous night and that morning.Preserved with 90% isopropyl alcohol.",NA,"Dorymyrmex insanus",1,NA,NA,"not measured","ChAl","2",10
"Gateway",2012-04-26,"Water in all traps from rain previous night and that morning.Preserved with 90% isopropyl alcohol.",NA,"Eleodes armata",1,NA,NA,"greater than 10 mm","ChAl","2",10
"Gateway",2012-04-26,"Water in all traps from rain previous night and that morning.Preserved with 90% isopropyl alcohol.",NA,"Lepismatidae",3,NA,NA,"not measured","ChAl","2",10
"Gateway",2012-04-26,"Water in all traps from rain previous night and that morning.Preserved with 90% isopropyl alcohol.",NA,"Meinertellidae",1,NA,NA,"not measured","ChAl","2",10
"Gateway",2012-04-26,"Water in all traps from rain previous night and that morning.Preserved with 90% isopropyl alcohol.",NA,"Nysius",1,NA,NA,"not measured","ChAl","2",10
"Gateway",2012-04-26,"Water in all traps from rain previous night and that morning.Preserved with 90% isopropyl alcohol.",NA,"Pheidole desertorum",7,NA,NA,"not measured","ChAl","2",10
"Gateway",2012-04-26,"Water in all traps from rain previous night and that morning.Preserved with 90% isopropyl alcohol.",NA,"Phoridae",1,NA,NA,"not measured","ChAl","2",10
"Gateway",2012-04-26,"Water in all traps from rain previous night and that morning; Preserved with 90% isopropyl alcohol.",NA,"Lepismatidae",1,NA,NA,"not measured","ChAl","3",10
"Gateway",2012-04-26,"Water in all traps from rain previous night and that morning; Preserved with 90% isopropyl alcohol.",NA,"Mutillidae",1,NA,NA,"not measured","ChAl","3",10
"Gateway",2012-04-26,"Water in all traps from rain previous night and that morning; Preserved with 90% isopropyl alcohol.",NA,"Agroeca",1,NA,NA,"not measured","ChAl","4",10
"Gateway",2012-04-26,"Water in all traps from rain previous night and that morning; Preserved with 90% isopropyl alcohol.",NA,"Forelius mccooki",1,NA,NA,"not measured","ChAl","4",10
"Gateway",2012-04-26,"Water in all traps from rain previous night and that morning; Preserved with 90% isopropyl alcohol.",NA,"Meinertellidae",2,NA,NA,"not measured","ChAl","4",10
"Gateway",2012-04-26,"Water in all traps from rain previous night and that morning; Preserved with 90% isopropyl alcohol.",NA,"Blapstinus",1,NA,NA,"between 5 and 10 mm","ChAl","5",10
"Gateway",2012-04-26,"Water in all traps from rain previous night and that morning; Preserved with 90% isopropyl alcohol.",NA,"Monomorium",1,NA,NA,"not measured","ChAl","5",10
"Gateway",2012-04-26,"Water in all traps from rain previous night and that morning; Preserved with 90% isopropyl alcohol.",NA,"Solifugae",1,NA,NA,"not measured","ChAl","5",10
"Gateway",2012-04-26,"Water in all traps from rain previous night and that morning; Preserved with 90% isopropyl alcohol.",NA,"Lepismatidae",2,NA,NA,"not measured","ChAl","6",10
"Gateway",2012-04-26,"Water in all traps from rain previous night and that morning; Preserved with 90% isopropyl alcohol.",NA,"Meinertellidae",1,NA,NA,"not measured","ChAl","6",10
"Gateway",2012-04-26,"Water in all traps from rain previous night and that morning; Preserved with 90% isopropyl alcohol.",NA,"Lepismatidae",31,NA,NA,"not measured","ChAl","7",10
"Gateway",2012-04-26,"Water in all traps from rain previous night and that morning; Preserved with 90% isopropyl alcohol.",NA,"Meinertellidae",3,NA,NA,"not measured","ChAl","7",10
"Gateway",2012-04-26,"Water in all traps from rain previous night and that morning; Preserved with 90% isopropyl alcohol.",NA,"Solifugae",1,NA,NA,"not measured","ChAl","7",10
"Gateway",2012-04-26,"Water in all traps from rain previous night and that morning; Preserved with 90% isopropyl alcohol.",NA,"Vaejovidae",1,NA,NA,"not measured","ChAl","7",10
"Gateway",2012-04-26,"Water in all traps from rain previous night and that morning; Preserved with 90% isopropyl alcohol.",NA,"Drassyllus",1,NA,NA,"not measured","ChAl","8",10
"Gateway",2012-04-26,"Water in all traps from rain previous night and that morning; Preserved with 90% isopropyl alcohol.",NA,"Agroeca",1,NA,NA,"not measured","ChAl","9",10
"Gateway",2012-04-26,"Water in all traps from rain previous night and that morning; Preserved with 90% isopropyl alcohol.",NA,"Lepismatidae",6,NA,NA,"not measured","ChAl","9",10
"Gateway",2012-04-26,"Water in all traps from rain previous night and that morning; Preserved with 90% isopropyl alcohol.",NA,"Meinertellidae",3,NA,NA,"not measured","ChAl","9",10
"Gateway",2012-04-26,"Water in all traps from rain previous night and that morning; Preserved with 90% isopropyl alcohol.",NA,"Tetramorium",1,NA,NA,"not measured","ChAl","9",10
"Gateway",2012-04-26,"Water in all traps from rain previous night and that morning; Preserved with 90% isopropyl alcohol.",NA,"Vaejovidae",1,NA,NA,"not measured","ChAl","9",10
"Gateway",2012-04-26,"Water in all traps from rain previous night and that morning; Preserved with 90% isopropyl alcohol.",NA,"Chrysopidae",1,"TRUE",NA,"not measured","ChAl","10",10
"Gateway",2012-04-26,"Water in all traps from rain previous night and that morning; Preserved with 90% isopropyl alcohol.",NA,"Forelius pruinosus",1,NA,NA,"not measured","ChAl","10",10
"Gateway",2012-07-27,"Water in all traps from rain the prev. night and that morning; Preserved w/ 70% isopropyl alcohol.",NA,NA,NA,NA,NA,NA,NA,"1",10
"Gateway",2012-07-27,"Water in all traps from rain the prev. night and that morning; Preserved w/ 70% isopropyl alcohol.",NA,"Pheidole desertorum",17,NA,NA,"not measured","ChAl","2",10
"Gateway",2012-07-27,"Water in all traps from rain the prev. night and that morning; Preserved w/ 70% isopropyl alcohol.",NA,"Lepismatidae",2,NA,NA,"not measured","ChAl","3",10
"Gateway",2012-07-27,"Water in all traps from rain the prev. night and that morning; Preserved w/ 70% isopropyl alcohol.",NA,"Agroeca",1,NA,NA,"not measured","ChAl","4",10
"Gateway",2012-07-27,"Water in all traps from rain the prev. night and that morning; Preserved w/ 70% isopropyl alcohol.",NA,"Pheidole desertorum",24,NA,NA,"not measured","ChAl","4",10
"Gateway",2012-07-27,"Water in all traps from rain the prev. night and that morning; Preserved w/ 70% isopropyl alcohol.",NA,"Agroeca",2,NA,NA,"not measured","ChAl","5",10
"Gateway",2012-07-27,"Water in all traps from rain the prev. night and that morning; Preserved w/ 70% isopropyl alcohol.",NA,"Cononotus",2,NA,NA,"not measured","ChAl","5",10
"Gateway",2012-07-27,"Water in all traps from rain the prev. night and that morning; Preserved w/ 70% isopropyl alcohol.",NA,"Lepismatidae",1,NA,NA,"not measured","ChAl","5",10
"Gateway",2012-07-27,"Water in all traps from rain the prev. night and that morning.Preserved w/ 70% isopropyl alcohol.",NA,"Agroeca",2,NA,NA,"not measured","ChAl","6",10
"Gateway",2012-07-27,"Water in all traps from rain the prev. night and that morning.Preserved w/ 70% isopropyl alcohol.",NA,"Forelius mccooki",2,NA,NA,"not measured","ChAl","6",10
"Gateway",2012-07-27,"Water in all traps from rain the prev. night and that morning.Preserved w/ 70% isopropyl alcohol.",NA,"Lepismatidae",1,NA,NA,"not measured","ChAl","6",10
"Gateway",2012-07-27,"Water in all traps from rain the prev. night and that morning.Preserved w/ 70% isopropyl alcohol.",NA,"Monomorium",1,NA,NA,"not measured","ChAl","6",10
"Gateway",2012-07-27,"Water in all traps from rain the prev. night and that morning.Preserved w/ 70% isopropyl alcohol.",NA,"Tetramorium",2,NA,NA,"not measured","ChAl","6",10
"Gateway",2012-07-27,"Water in all traps from rain the prev. night and that morning.Preserved w/ 70% isopropyl alcohol.",NA,"Agroeca",1,NA,NA,"not measured","ChAl","7",10
"Gateway",2012-07-27,"Water in all traps from rain the prev. night and that morning.Preserved w/ 70% isopropyl alcohol.",NA,"Forelius mccooki",2,NA,NA,"not measured","ChAl","7",10
"Gateway",2012-07-27,"Water in all traps from rain the prev. night and that morning.Preserved w/ 70% isopropyl alcohol.",NA,"Formicidae",1,NA,"TRUE","not measured","ChAl","7",10
"Gateway",2012-07-27,"Water in all traps from rain the prev. night and that morning.Preserved w/ 70% isopropyl alcohol.",NA,"Lepismatidae",67,NA,NA,"not measured","ChAl","7",10
"Gateway",2012-07-27,"Water in all traps from rain the prev. night and that morning.Preserved w/ 70% isopropyl alcohol.",NA,"Solifugae",1,NA,NA,"not measured","ChAl","7",10
"Gateway",2012-07-27,"Water in all traps from rain the prev. night and that morning.Preserved w/ 70% isopropyl alcohol.",NA,"Tetramorium",2,NA,NA,"not measured","ChAl","7",10
"Gateway",2012-07-27,"Water in all traps from rain the prev. night and that morning; Preserved w/ 70% isopropyl alcohol.",NA,"Agroeca",1,NA,NA,"not measured","ChAl","8",10
"Gateway",2012-07-27,"Water in all traps from rain the prev. night and that morning; Preserved w/ 70% isopropyl alcohol.",NA,"Crematogaster",2,NA,NA,"not measured","ChAl","8",10
"Gateway",2012-07-27,"Water in all traps from rain the prev. night and that morning; Preserved w/ 70% isopropyl alcohol.",NA,"Oxyopes",1,NA,NA,"not measured","ChAl","8",10
"Gateway",2012-07-27,"Water in all traps from rain the prev. night and that morning; Preserved w/ 70% isopropyl alcohol.",NA,"Tetramorium",4,NA,NA,"not measured","ChAl","8",10
"Gateway",2012-07-27,"Water in all traps from rain the prev. night and that morning.Preserved w/ 70% isopropyl alcohol.",NA,"Dorymyrmex insanus",2,NA,NA,"not measured","ChAl","9",10
"Gateway",2012-07-27,"Water in all traps from rain the prev. night and that morning.Preserved w/ 70% isopropyl alcohol.",NA,"Forelius mccooki",2,NA,NA,"not measured","ChAl","9",10
"Gateway",2012-07-27,"Water in all traps from rain the prev. night and that morning.Preserved w/ 70% isopropyl alcohol.",NA,"Oxyopes",1,NA,NA,"not measured","ChAl","9",10
"Gateway",2012-07-27,"Water in all traps from rain the prev. night and that morning.Preserved w/ 70% isopropyl alcohol.",NA,"Tetramorium",1,NA,NA,"not measured","ChAl","9",10
"Gateway",2012-07-27,"Water in all traps from rain the prev. night and that morning; Preserved w/ 70% isopropyl alcohol.",NA,"Dorymyrmex insanus",1,NA,NA,"not measured","ChAl","10",10
"Gateway",2012-07-27,"Water in all traps from rain the prev. night and that morning; Preserved w/ 70% isopropyl alcohol.",NA,"Lepismatidae",1,NA,NA,"not measured","ChAl","10",10
"Gateway",2012-07-27,"Water in all traps from rain the prev. night and that morning; Preserved w/ 70% isopropyl alcohol.",NA,"Tetramorium",14,NA,NA,"not measured","ChAl","10",10
"Gateway",2012-11-09,NA,NA,"Agroeca",1,NA,NA,"not measured","ChAl","1",10
"Gateway",2012-11-09,NA,NA,"Dorymyrmex insanus",2,NA,NA,"not measured","ChAl","1",10
"Gateway",2012-11-09,NA,NA,"Eleodes armata",1,NA,NA,"greater than 10 mm","ChAl","1",10
"Gateway",2012-11-09,NA,NA,"Mutillidae",1,NA,NA,"not measured","ChAl","1",10
"Gateway",2012-11-09,NA,NA,"Pheidole desertorum",2,NA,NA,"not measured","ChAl","1",10
"Gateway",2012-11-09,NA,NA,"Tetramorium",1,NA,NA,"not measured","ChAl","1",10
"Gateway",2012-11-09,NA,NA,"Acari",1,NA,NA,"not measured","ChAl","2",10
"Gateway",2012-11-09,NA,NA,"Entomobryidae",2,NA,NA,"not measured","ChAl","2",10
"Gateway",2012-11-09,NA,NA,"Misumenops",1,NA,NA,"not measured","ChAl","2",10
"Gateway",2012-11-09,NA,NA,"Pheidole desertorum",4,NA,NA,"not measured","ChAl","2",10
"Gateway",2012-11-09,NA,NA,"Eleodes armata",1,NA,NA,"not measured","ChAl","3",10
"Gateway",2012-11-09,NA,NA,"Entomobryidae",1,NA,NA,"not measured","ChAl","3",10
"Gateway",2012-11-09,NA,NA,"Erythraeidae",1,NA,NA,"not measured","ChAl","3",10
"Gateway",2012-11-09,NA,NA,"Pheidole desertorum",2,NA,NA,"not measured","ChAl","3",10
"Gateway",2012-11-09,NA,NA,"Solifugae",1,NA,NA,"not measured","ChAl","3",10
"Gateway",2012-11-09,NA,NA,"Tetramorium",1,NA,NA,"not measured","ChAl","3",10
"Gateway",2012-11-09,NA,NA,"Vaejovidae",1,NA,NA,"not measured","ChAl","3",10
"Gateway",2012-11-09,NA,NA,"Acari",1,NA,NA,"not measured","ChAl","4",10
"Gateway",2012-11-09,NA,NA,"Eleodes armata",3,NA,NA,"greater than 10 mm","ChAl","4",10
"Gateway",2012-11-09,NA,NA,"Entomobryidae",1,NA,NA,"not measured","ChAl","4",10
"Gateway",2012-11-09,NA,NA,"Pheidole desertorum",41,NA,NA,"not measured","ChAl","4",10
"Gateway",2012-11-09,NA,NA,"Platydema",1,NA,NA,"between 5 and 10 mm","ChAl","4",10
"Gateway",2012-11-09,NA,NA,"Vaejovidae",1,NA,NA,"not measured","ChAl","4",10
"Gateway",2012-11-09,NA,NA,"Eleodes armata",1,NA,NA,"greater than 10 mm","ChAl","5",10
"Gateway",2012-11-09,NA,NA,"Solifugae",1,NA,NA,"not measured","ChAl","5",10
"Gateway",2012-11-09,NA,NA,"Acari",1,NA,NA,"not measured","ChAl","6",10
"Gateway",2012-11-09,NA,NA,"Eleodes armata",5,NA,NA,"greater than 10 mm","ChAl","6",10
"Gateway",2012-11-09,NA,NA,"Entomobryidae",1,NA,NA,"not measured","ChAl","6",10
"Gateway",2012-11-09,NA,NA,"Pheidole desertorum",9,NA,NA,"not measured","ChAl","6",10
"Gateway",2012-11-09,NA,NA,"Eleodes armata",3,NA,NA,"not measured","ChAl","7",10
"Gateway",2012-11-09,NA,NA,"Pheidole desertorum",4,NA,NA,"not measured","ChAl","7",10
"Gateway",2012-11-09,NA,NA,"Chalcididae",1,NA,NA,"not measured","ChAl","8",10
"Gateway",2012-11-09,NA,NA,"Erythraeidae",2,NA,NA,"not measured","ChAl","8",10
"Gateway",2012-11-09,NA,NA,"Tetramorium",1,NA,NA,"not measured","ChAl","8",10
"Gateway",2012-11-09,NA,NA,"Psilochorus",1,NA,NA,"not measured","ChAl","9",10
"Gateway",2012-11-09,NA,NA,"Tetramorium",2,NA,NA,"not measured","ChAl","9",10
"Gateway",2012-11-09,NA,NA,"Dorymyrmex insanus",1,NA,NA,"not measured","ChAl","10",10
"Gateway",2012-11-09,NA,NA,"Eleodes armata",2,NA,NA,"greater than 10 mm","ChAl","10",10
"Gateway",2012-11-09,NA,NA,"Erythraeidae",1,NA,NA,"not measured","ChAl","10",10
"Gateway",2012-11-09,NA,NA,"Pheidole desertorum",1,NA,NA,"not measured","ChAl","10",10
"Gateway",2012-11-09,NA,NA,"Solifugae",1,NA,NA,"not measured","ChAl","10",10
"Gateway",2012-11-09,NA,NA,"Tetramorium",1,NA,NA,"not measured","ChAl","10",10
"Gateway",2012-11-09,NA,NA,"Thinoxenus",1,NA,NA,"not measured","ChAl","10",10
"Gateway",2013-03-01,NA,NA,"Oribatida",1,NA,NA,"not measured","ChAl","1",10
"Gateway",2013-03-01,NA,NA,"Solifugae",1,NA,NA,"not measured","ChAl","1",10
"Gateway",2013-03-01,NA,NA,"Acari",1,NA,NA,"not measured","ChAl","2",10
"Gateway",2013-03-01,NA,NA,"Pheidole desertorum",1,NA,NA,"not measured","ChAl","2",10
"Gateway",2013-03-01,NA,NA,"Phyllotreta",1,NA,NA,"not measured","ChAl","2",10
"Gateway",2013-03-01,NA,NA,"Solifugae",1,NA,NA,"not measured","ChAl","2",10
"Gateway",2013-03-01,NA,NA,"Acari",2,NA,NA,"not measured","ChAl","3",10
"Gateway",2013-03-01,NA,NA,"Aphididae",2,NA,NA,"not measured","ChAl","3",10
"Gateway",2013-03-01,NA,NA,"Drassyllus",1,NA,NA,"not measured","ChAl","3",10
"Gateway",2013-03-01,NA,NA,"Aphididae",3,NA,NA,"not measured","ChAl","4",10
"Gateway",2013-03-01,NA,NA,"Entomobryidae",1,NA,NA,"not measured","ChAl","4",10
"Gateway",2013-03-01,NA,NA,"Pheidole desertorum",1,NA,NA,"not measured","ChAl","4",10
"Gateway",2013-03-01,NA,NA,"Acari",1,NA,NA,"not measured","ChAl","5",10
"Gateway",2013-03-01,NA,NA,"Aphididae",2,NA,NA,"not measured","ChAl","5",10
"Gateway",2013-03-01,NA,NA,"Acari",2,NA,NA,"not measured","ChAl","6",10
"Gateway",2013-03-01,NA,NA,"Pheidole desertorum",2,NA,NA,"not measured","ChAl","6",10
"Gateway",2013-03-01,NA,NA,"Psilochorus",1,NA,NA,"not measured","ChAl","6",10
"Gateway",2013-03-01,NA,NA,"Aphididae",1,NA,NA,"not measured","ChAl","7",10
"Gateway",2013-03-01,NA,NA,"Bdellidae",1,NA,NA,"not measured","ChAl","7",10
"Gateway",2013-03-01,NA,NA,"Chironomidae",1,NA,NA,"not measured","ChAl","7",10
"Gateway",2013-03-01,NA,NA,"Entomobryidae",1,NA,NA,"not measured","ChAl","7",10
"Gateway",2013-03-01,NA,NA,"Sminthuridae",2,NA,NA,"not measured","ChAl","7",10
"Gateway",2013-03-01,"no arthropods","empty_trap",NA,NA,NA,NA,NA,NA,"8",10
"Gateway",2013-03-01,"no arthropods","empty_trap",NA,NA,NA,NA,NA,NA,"9",10
"Gateway",2013-03-01,NA,NA,"Aphididae",1,NA,NA,"not measured","ChAl","10",10
"Gateway",2013-03-01,NA,NA,"Sminthuridae",1,NA,NA,"not measured","ChAl","10",10
"Gateway",2013-04-19,NA,NA,"Aphididae",2,NA,NA,"not measured","ChAl","1",10
"Gateway",2013-04-19,NA,NA,"Caeculidae",1,NA,NA,"not measured","ChAl","1",10
"Gateway",2013-04-19,NA,NA,"Acariformes",1,NA,NA,"not measured","ChAl","2",10
"Gateway",2013-04-19,NA,NA,"Entomobryidae",5,NA,NA,"not measured","ChAl","2",10
"Gateway",2013-04-19,NA,NA,"Nysius",1,NA,NA,"not measured","ChAl","2",10
"Gateway",2013-04-19,NA,NA,"Psilochorus",1,NA,NA,"not measured","ChAl","2",10
"Gateway",2013-04-19,NA,NA,"Entomobryidae",52,NA,NA,"not measured","ChAl","3",10
"Gateway",2013-04-19,NA,NA,"Pheidole",1,NA,NA,"not measured","ChAl","3",10
"Gateway",2013-04-19,NA,NA,"Entomobryidae",1,NA,NA,"not measured","ChAl","4",10
"Gateway",2013-04-19,NA,NA,"Pheidole desertorum",1,NA,NA,"not measured","ChAl","4",10
"Gateway",2013-04-19,NA,NA,"Entomobryidae",19,NA,NA,"not measured","ChAl","5",10
"Gateway",2013-04-19,NA,NA,"Termitidae",5,NA,NA,"not measured","ChAl","6",10
"Gateway",2013-04-19,NA,NA,"Acariformes",1,NA,NA,"not measured","ChAl","7",10
"Gateway",2013-04-19,NA,NA,"Aufeius",1,NA,NA,"not measured","ChAl","7",10
"Gateway",2013-04-19,NA,NA,"Acariformes",1,NA,NA,"not measured","ChAl","8",10
"Gateway",2013-04-19,NA,NA,"Cicadellidae",1,"TRUE",NA,"not measured","ChAl","8",10
"Gateway",2013-04-19,NA,NA,"Hemiptera",1,"TRUE",NA,"not measured","ChAl","8",10
"Gateway",2013-04-19,NA,NA,"Hemiptera",1,"TRUE",NA,"not measured","ChAl","9",10
"Gateway",2013-04-19,NA,NA,"Lepismatidae",1,NA,NA,"not measured","ChAl","9",10
"Gateway",2013-04-19,NA,NA,"Thanatus",1,NA,NA,"not measured","ChAl","10",10
"Gateway",2013-08-13,NA,NA,"Coccoidea",3,NA,NA,"not measured","ChAl","1",10
"Gateway",2013-08-13,NA,NA,"Nocibiotes",1,NA,NA,"between 2 and 5 mm","ChAl","2",10
"Gateway",2013-08-13,NA,NA,"Tetramorium",1,NA,NA,"not measured","ChAl","2",10
"Gateway",2013-08-13,NA,NA,"Entomobryidae",2,NA,NA,"not measured","ChAl","3",10
"Gateway",2013-08-13,NA,NA,"Nocibiotes",1,NA,NA,"between 2 and 5 mm","ChAl","3",10
"Gateway",2013-08-13,"No arthropods","empty_trap",NA,NA,NA,NA,NA,NA,"4",10
"Gateway",2013-08-13,"No arthropods","empty_trap",NA,NA,NA,NA,NA,NA,"5",10
"Gateway",2013-08-13,NA,NA,"Forelius mccooki",4,NA,NA,"not measured","ChAl","6",10
"Gateway",2013-08-13,NA,NA,"Mutillidae",1,NA,NA,"not measured","ChAl","6",10
"Gateway",2013-08-13,NA,NA,"Nocibiotes",1,NA,NA,"between 2 and 5 mm","ChAl","6",10
"Gateway",2013-08-13,NA,NA,"Pheidole desertorum",21,NA,NA,"not measured","ChAl","6",10
"Gateway",2013-08-13,NA,NA,"Pogonomyrmex",1,NA,NA,"not measured","ChAl","6",10
"Gateway",2013-08-13,NA,NA,"Entomobryidae",1,NA,NA,"not measured","ChAl","7",10
"Gateway",2013-08-13,NA,NA,"Forelius mccooki",1,NA,NA,"not measured","ChAl","7",10
"Gateway",2013-08-13,NA,NA,"Pheidole desertorum",4,NA,NA,"not measured","ChAl","7",10
"Gateway",2013-08-13,NA,NA,"Vaejovidae",1,NA,NA,"not measured","ChAl","7",10
"Gateway",2013-08-13,NA,NA,"Coccoidea",13,NA,NA,"not measured","ChAl","8",10
"Gateway",2013-08-13,NA,NA,"Mutillidae",1,NA,NA,"not measured","ChAl","8",10
"Gateway",2013-08-13,NA,NA,"Pheidole desertorum",2,NA,NA,"not measured","ChAl","8",10
"Gateway",2013-08-13,NA,NA,"Sminthuridae",1,NA,NA,"not measured","ChAl","9",10
"Gateway",2013-08-13,"No arthropods","empty_trap",NA,NA,NA,NA,NA,NA,"10",10
"Gateway",2014-01-03,NA,NA,"Noctuidae",1,"TRUE",NA,"not measured","ChAl","1",10
"Gateway",2014-01-03,NA,NA,"Acari",1,NA,NA,"not measured","ChAl","2",10
"Gateway",2014-01-03,NA,NA,"Phyllotreta",2,NA,NA,"not measured","ChAl","2",10
"Gateway",2014-01-03,NA,NA,"Pyralidae",3,"TRUE",NA,"not measured","ChAl","2",10
"Gateway",2014-01-03,NA,NA,"Tetramorium",1,NA,NA,"not measured","ChAl","2",10
"Gateway",2014-01-03,NA,NA,"Gnaphosidae",1,NA,NA,"not measured","ChAl","3",10
"Gateway",2014-01-03,NA,NA,"Noctuidae",1,"TRUE",NA,"not measured","ChAl","3",10
"Gateway",2014-01-03,NA,NA,"Sciaridae",1,NA,NA,"not measured","ChAl","4",10
"Gateway",2014-01-03,NA,NA,"Phyllotreta",1,NA,NA,"not measured","ChAl","5",10
"Gateway",2014-01-03,NA,NA,"Acari",1,NA,NA,"not measured","ChAl","6",10
"Gateway",2014-01-03,NA,NA,"Steriphanus",1,NA,NA,"between 5 and 10 mm","ChAl","6",10
"Gateway",2014-01-03,NA,NA,"Noctuidae",1,"TRUE",NA,"not measured","ChAl","7",10
"Gateway",2014-01-03,NA,NA,"Pheidole desertorum",8,NA,NA,"not measured","ChAl","8",10
"Gateway",2014-01-03,NA,NA,"Entomobryidae",1,NA,NA,"not measured","ChAl","9",10
"Gateway",2014-01-03,NA,NA,"Pheidole desertorum",1,NA,NA,"not measured","ChAl","9",10
"Gateway",2014-01-03,NA,NA,"Opiliones",1,NA,NA,"not measured","ChAl","10",10
"Gateway",2014-01-03,NA,NA,"Pheidole desertorum",1,NA,NA,"not measured","ChAl","10",10
"Gateway",2014-01-03,NA,NA,"Pyralidae",7,"TRUE",NA,"not measured","ChAl","10",10
"Gateway",2014-02-27,NA,NA,"Anystoidea",2,NA,NA,"not measured","RoOr","1",10
"Gateway",2014-02-27,NA,NA,"Araeoschizus",1,NA,NA,"not measured","RoOr","1",10
"Gateway",2014-02-27,NA,NA,"Meinertellidae",2,NA,NA,"not measured","RoOr","1",10
"Gateway",2014-02-27,NA,NA,"Pheidole desertorum",4,NA,NA,"not measured","RoOr","1",10
"Gateway",2014-02-27,NA,NA,"Phytocoris",3,NA,NA,"not measured","RoOr","1",10
"Gateway",2014-02-27,NA,NA,"Pyralidae",1,"TRUE",NA,"not measured","RoOr","2",10
"Gateway",2014-02-27,NA,NA,"Meinertellidae",1,NA,NA,"not measured","RoOr","3",10
"Gateway",2014-02-27,NA,NA,"Mutillidae",2,NA,NA,"not measured","RoOr","3",10
"Gateway",2014-02-27,NA,NA,"Sminthuridae",1,NA,NA,"not measured","RoOr","3",10
"Gateway",2014-02-27,NA,NA,"Araeoschizus",1,NA,NA,"not measured","RoOr","4",10
"Gateway",2014-02-27,NA,NA,"Entomobryidae",1,NA,NA,"not measured","RoOr","5",10
"Gateway",2014-02-27,NA,NA,"Sminthuridae",1,NA,NA,"not measured","RoOr","6",10
"Gateway",2014-02-27,"No Arthropods","empty_trap",NA,NA,NA,NA,NA,NA,"7",10
"Gateway",2014-02-27,NA,NA,"Anystoidea",1,NA,NA,"not measured","RoOr","8",10
"Gateway",2014-02-27,NA,NA,"Cononotus",1,NA,NA,"not measured","RoOr","8",10
"Gateway",2014-02-27,NA,NA,"Hemiptera",1,"TRUE",NA,"not measured","RoOr","8",10
"Gateway",2014-02-27,"No Arthropods","empty_trap",NA,NA,NA,NA,NA,NA,"9",10
"Gateway",2014-02-27,NA,NA,"Tetramorium",1,NA,NA,"not measured","RoOr","10",10
"Gateway",2014-04-18,"No Arthropods","empty_trap",NA,NA,NA,NA,NA,NA,"1",9
"Gateway",2014-04-18,NA,NA,"Forelius pruinosus",4,NA,NA,"not measured","RoOr","2",9
"Gateway",2014-04-18,NA,NA,"Lepismatidae",2,NA,NA,"not measured","RoOr","2",9
"Gateway",2014-04-18,NA,NA,"Meinertellidae",4,NA,NA,"not measured","RoOr","2",9
"Gateway",2014-04-18,NA,NA,"Mutillidae",1,NA,NA,"not measured","RoOr","2",9
"Gateway",2014-04-18,NA,NA,"Pheidole desertorum",3,NA,NA,"not measured","RoOr","2",9
"Gateway",2014-04-18,NA,NA,"Tetramorium",2,NA,NA,"not measured","RoOr","2",9
"Gateway",2014-04-18,NA,NA,"Vaejovidae",1,NA,NA,"not measured","RoOr","2",9
"Gateway",2014-04-18,NA,NA,"Pheidole desertorum",1,NA,NA,"not measured","RoOr","3",9
"Gateway",2014-04-18,NA,NA,"Anystoidea",6,NA,NA,"not measured","RoOr","4",9
"Gateway",2014-04-18,NA,NA,"Forelius pruinosus",2,NA,NA,"not measured","RoOr","4",9
"Gateway",2014-04-18,NA,NA,"Meinertellidae",6,NA,NA,"not measured","RoOr","4",9
"Gateway",2014-04-18,NA,NA,"Solenopsis xyloni",1,NA,NA,"not measured","RoOr","4",9
"Gateway",2014-04-18,"No Arthropods","trap_not_collected",NA,NA,NA,NA,NA,NA,"5",9
"Gateway",2014-04-18,"No Arthropods","empty_trap",NA,NA,NA,NA,NA,NA,"6",9
"Gateway",2014-04-18,NA,NA,"Acari",1,NA,NA,"not measured","RoOr","7",9
"Gateway",2014-04-18,NA,NA,"Brachymyrmex patagonicus",1,NA,NA,"not measured","RoOr","7",9
"Gateway",2014-04-18,NA,NA,"Entomobryidae",1,NA,NA,"not measured","RoOr","7",9
"Gateway",2014-04-18,NA,NA,"Nocibiotes",1,NA,NA,"between 2 and 5 mm","RoOr","7",9
"Gateway",2014-04-18,NA,NA,"Thripidae",1,NA,NA,"not measured","RoOr","7",9
"Gateway",2014-04-18,NA,NA,"Meinertellidae",10,NA,NA,"not measured","RoOr","8",9
"Gateway",2014-04-18,NA,NA,"Pheidole desertorum",4,NA,NA,"not measured","RoOr","8",9
"Gateway",2014-04-18,NA,NA,"Agroeca",1,NA,NA,"not measured","RoOr","9",9
"Gateway",2014-04-18,NA,NA,"Cryptoglossa",1,NA,NA,"greater than 10 mm","RoOr","9",9
"Gateway",2014-04-18,NA,NA,"Forelius pruinosus",1,NA,NA,"not measured","RoOr","9",9
"Gateway",2014-04-18,NA,NA,"Thripidae",1,NA,NA,"not measured","RoOr","9",9
"Gateway",2014-04-18,NA,NA,"Anystoidea",6,NA,NA,"not measured","RoOr","10",9
"Gateway",2014-04-18,NA,NA,"Erythraeoidea",1,NA,NA,"not measured","RoOr","10",9
"Gateway",2014-04-18,NA,NA,"Meinertellidae",14,NA,NA,"not measured","RoOr","10",9
"Gateway",2014-04-18,NA,NA,"Tiphiidae",1,NA,NA,"not measured","RoOr","10",9
"Gateway",2014-08-08,NA,NA,"Caeculidae",1,NA,NA,"not measured","RoOr","1",7
"Gateway",2014-08-08,NA,NA,"Pheidole desertorum",3,NA,NA,"not measured","RoOr","1",7
"Gateway",2014-08-08,NA,NA,"Forelius pruinosus",4,NA,NA,"not measured","RoOr","2",7
"Gateway",2014-08-08,NA,NA,"Sminthuridae",2,NA,NA,"not measured","RoOr","2",7
"Gateway",2014-08-08,NA,NA,"Tetramorium",1,NA,NA,"not measured","RoOr","2",7
"Gateway",2014-08-08,NA,NA,"Vaejovidae",1,NA,NA,"not measured","RoOr","2",7
"Gateway",2014-08-08,NA,NA,"Monomorium",3,NA,NA,"not measured","RoOr","3",7
"Gateway",2014-08-08,NA,NA,"Sminthuridae",5,NA,NA,"not measured","RoOr","3",7
"Gateway",2014-08-08,"not collected","trap_not_collected",NA,NA,NA,NA,NA,NA,"4",7
"Gateway",2014-08-08,NA,NA,"Caeculidae",3,NA,NA,"not measured","RoOr","5",7
"Gateway",2014-08-08,NA,NA,"Pheidole desertorum",2,NA,NA,"not measured","RoOr","5",7
"Gateway",2014-08-08,NA,NA,"Pheidole desertorum",1,NA,NA,"not measured","RoOr","6",7
"Gateway",2014-08-08,NA,NA,"Bdellidae",1,NA,NA,"not measured","RoOr","9",7
"Gateway",2014-08-08,NA,NA,"Lepismatidae",1,NA,NA,"not measured","RoOr","9",7
"Gateway",2014-08-08,NA,NA,"Monomorium",1,NA,NA,"not measured","RoOr","9",7
"Gateway",2014-08-08,NA,NA,"Mutillidae",1,NA,NA,"not measured","RoOr","9",7
"Gateway",2014-08-08,NA,NA,"Myrmeleontidae",1,"TRUE",NA,"not measured","RoOr","9",7
"Gateway",2014-08-08,NA,NA,"Sminthuridae",5,NA,NA,"not measured","RoOr","9",7
"Gateway",2014-08-08,NA,NA,"Anystoidea",2,NA,NA,"not measured","RoOr","10",7
"Gateway",2014-08-08,NA,NA,"Sminthuridae",1,NA,NA,"not measured","RoOr","10",7
"Gateway",2014-12-22,NA,NA,"Acari",1,NA,NA,"not measured","AnDe","1",9
"Gateway",2014-12-22,NA,NA,"Aeolothripidae",1,NA,NA,"not measured","AnDe","1",9
"Gateway",2014-12-22,NA,NA,"Araneidae",1,NA,NA,"not measured","AnDe","1",9
"Gateway",2014-12-22,NA,NA,"Hemiptera",1,"TRUE",NA,"not measured","AnDe","1",9
"Gateway",2014-12-22,NA,NA,"Ptomaphagus",1,NA,NA,"not measured","AnDe","1",9
"Gateway",2014-12-22,"Full of water and moldy- threw it out","trap_not_collected",NA,NA,NA,NA,NA,NA,"2",9
"Gateway",2014-12-22,NA,NA,"Hypogastruridae",2,NA,NA,"not measured","AnDe","3",9
"Gateway",2014-12-22,NA,NA,"Tennesseellum",1,NA,NA,"not measured","AnDe","3",9
"Gateway",2014-12-22,NA,NA,"Acari",18,NA,NA,"not measured","AnDe","4",9
"Gateway",2014-12-22,NA,NA,"Cecidomyiidae",1,NA,NA,"not measured","AnDe","4",9
"Gateway",2014-12-22,NA,NA,"Linyphiidae",3,NA,NA,"not measured","AnDe","4",9
"Gateway",2014-12-22,NA,NA,"Phyllotreta",5,NA,NA,"not measured","AnDe","4",9
"Gateway",2014-12-22,NA,NA,"Ptomaphagus",2,NA,NA,"not measured","AnDe","4",9
"Gateway",2014-12-22,NA,NA,"Sminthuridae",2,NA,NA,"not measured","AnDe","4",9
"Gateway",2014-12-22,NA,NA,"Staphylinidae",1,NA,NA,"not measured","AnDe","4",9
"Gateway",2014-12-22,NA,NA,"Tennesseellum",1,NA,NA,"not measured","AnDe","4",9
"Gateway",2014-12-22,NA,NA,"Erythraeoidea",13,NA,NA,"not measured","AnDe","5",9
"Gateway",2014-12-22,NA,NA,"Linyphiidae",1,NA,NA,"not measured","AnDe","5",9
"Gateway",2014-12-22,NA,NA,"Pheidole",1,NA,NA,"not measured","AnDe","5",9
"Gateway",2014-12-22,NA,NA,"Phyllotreta",1,NA,NA,"not measured","AnDe","5",9
"Gateway",2014-12-22,NA,NA,"Erythraeoidea",4,NA,NA,"not measured","AnDe","6",9
"Gateway",2014-12-22,NA,NA,"Linyphiidae",1,NA,NA,"not measured","AnDe","6",9
"Gateway",2014-12-22,NA,NA,"Phyllotreta",2,NA,NA,"not measured","AnDe","6",9
"Gateway",2014-12-22,NA,NA,"Acari",39,NA,NA,"not measured","AnDe","7",9
"Gateway",2014-12-22,NA,NA,"Aphididae",1,NA,NA,"not measured","AnDe","7",9
"Gateway",2014-12-22,NA,NA,"Entomobryidae",3,NA,NA,"not measured","AnDe","7",9
"Gateway",2014-12-22,NA,NA,"Hypogastruridae",1,NA,NA,"not measured","AnDe","7",9
"Gateway",2014-12-22,NA,NA,"Noctuidae",1,"TRUE",NA,"not measured","AnDe","7",9
"Gateway",2014-12-22,NA,NA,"Phyllotreta",1,NA,NA,"not measured","AnDe","7",9
"Gateway",2014-12-22,NA,NA,"Tennesseellum",2,NA,NA,"not measured","AnDe","7",9
"Gateway",2014-12-22,NA,NA,"Erythraeoidea",4,NA,NA,"not measured","AnDe","8",9
"Gateway",2014-12-22,NA,NA,"Phyllotreta",1,NA,NA,"not measured","AnDe","8",9
"Gateway",2014-12-22,NA,NA,"Staphylinidae",1,NA,NA,"not measured","AnDe","8",9
"Gateway",2014-12-22,NA,NA,"Cicadellidae",1,NA,NA,"not measured","AnDe","9",9
"Gateway",2014-12-22,NA,NA,"Erythraeoidea",6,NA,NA,"not measured","AnDe","9",9
"Gateway",2014-12-22,NA,NA,"Anystoidea",1,NA,NA,"not measured","AnDe","10",9
"Gateway",2014-12-22,NA,NA,"Cecidomyiidae",1,NA,NA,"not measured","AnDe","10",9
"Gateway",2014-12-22,NA,NA,"Erythraeoidea",15,NA,NA,"not measured","AnDe","10",9
"Gateway",2014-12-22,NA,NA,"Linyphiidae",1,NA,NA,"not measured","AnDe","10",9
"Gateway",2014-12-22,NA,NA,"Psilochorus",1,NA,NA,"not measured","AnDe","10",9
"Gateway",2014-12-22,NA,NA,"Ptomaphagus",2,NA,NA,"not measured","AnDe","10",9
"Gateway",2015-02-07,NA,NA,"Acari",8,NA,NA,"not measured","AnOl","1",10
"Gateway",2015-02-07,NA,NA,"Araneidae",1,NA,NA,"not measured","AnOl","1",10
"Gateway",2015-02-07,NA,NA,"Drassyllus",1,NA,NA,"not measured","AnOl","1",10
"Gateway",2015-02-07,NA,NA,"Entomobryidae",4,NA,NA,"not measured","AnOl","1",10
"Gateway",2015-02-07,NA,NA,"Formicidae",1,NA,NA,"not measured","AnOl","1",10
"Gateway",2015-02-07,NA,NA,"Hemiptera",1,NA,NA,"not measured","AnOl","1",10
"Gateway",2015-02-07,NA,NA,"Meinertellidae",1,NA,NA,"not measured","AnOl","1",10
"Gateway",2015-02-07,NA,NA,"Acari",8,NA,NA,"not measured","AnOl","2",10
"Gateway",2015-02-07,NA,NA,"Entomobryidae",1,NA,NA,"not measured","AnOl","2",10
"Gateway",2015-02-07,NA,NA,"Phyllotreta",1,NA,NA,"not measured","AnOl","2",10
"Gateway",2015-02-07,NA,NA,"Ptomaphagus",1,NA,NA,"not measured","AnOl","2",10
"Gateway",2015-02-07,NA,NA,"Xysticus",1,NA,NA,"not measured","AnOl","2",10
"Gateway",2015-02-07,NA,NA,"Araneidae",1,NA,NA,"not measured","AnOl","3",10
"Gateway",2015-02-07,NA,NA,"Hymenoptera",1,NA,"TRUE","not measured","AnOl","3",10
"Gateway",2015-02-07,NA,NA,"Phyllotreta",1,NA,NA,"not measured","AnOl","3",10
"Gateway",2015-02-07,NA,NA,"Psilochorus",1,NA,NA,"not measured","AnOl","3",10
"Gateway",2015-02-07,NA,NA,"Ptomaphagus",1,NA,NA,"not measured","AnOl","3",10
"Gateway",2015-02-07,NA,NA,"Acari",1,NA,NA,"not measured","AnOl","4",10
"Gateway",2015-02-07,NA,NA,"Entomobryidae",1,NA,NA,"not measured","AnOl","4",10
"Gateway",2015-02-07,NA,NA,"Gnaphosidae",2,NA,NA,"not measured","AnOl","4",10
"Gateway",2015-02-07,NA,NA,"Acari",2,NA,NA,"not measured","AnOl","5",10
"Gateway",2015-02-07,NA,NA,"Araneidae",1,NA,NA,"not measured","AnOl","5",10
"Gateway",2015-02-07,NA,NA,"Phyllotreta",1,NA,NA,"not measured","AnOl","5",10
"Gateway",2015-02-07,NA,NA,"Scolopendromorpha",1,NA,NA,"not measured","AnOl","5",10
"Gateway",2015-02-07,NA,NA,"Acari",17,NA,NA,"not measured","AnOl","6",10
"Gateway",2015-02-07,NA,NA,"Coccoidea",1,"TRUE",NA,"not measured","AnOl","6",10
"Gateway",2015-02-07,NA,NA,"Entomobryidae",1,NA,NA,"not measured","AnOl","6",10
"Gateway",2015-02-07,NA,NA,"Erythraeoidea",1,NA,NA,"not measured","AnOl","6",10
"Gateway",2015-02-07,NA,NA,"Phyllotreta",3,NA,NA,"not measured","AnOl","6",10
"Gateway",2015-02-07,NA,NA,"Sminthuridae",2,NA,NA,"not measured","AnOl","6",10
"Gateway",2015-02-07,NA,NA,"Tenebrionidae",1,"TRUE",NA,"not measured","AnOl","6",10
"Gateway",2015-02-07,NA,NA,"Acari",6,NA,NA,"not measured","AnOl","7",10
"Gateway",2015-02-07,NA,NA,"Araneidae",3,NA,NA,"not measured","AnOl","7",10
"Gateway",2015-02-07,NA,NA,"Erythraeoidea",3,NA,NA,"not measured","AnOl","7",10
"Gateway",2015-02-07,NA,NA,"Monomorium",1,NA,NA,"not measured","AnOl","7",10
"Gateway",2015-02-07,NA,NA,"Phyllotreta",2,NA,NA,"not measured","AnOl","7",10
"Gateway",2015-02-07,NA,NA,"Drassyllus",1,NA,NA,"not measured","AnOl","8",10
"Gateway",2015-02-07,NA,NA,"Linyphiidae",1,NA,NA,"not measured","AnOl","8",10
"Gateway",2015-02-07,NA,NA,"Phyllotreta",2,NA,NA,"not measured","AnOl","8",10
"Gateway",2015-02-07,NA,NA,"Tenebrionidae",1,NA,NA,"greater than 10 mm","AnOl","8",10
"Gateway",2015-02-07,NA,NA,"Acari",1,NA,NA,"not measured","AnOl","9",10
"Gateway",2015-02-07,NA,NA,"Entomobryidae",2,NA,NA,"not measured","AnOl","9",10
"Gateway",2015-02-07,NA,NA,"Phyllotreta",1,NA,NA,"not measured","AnOl","9",10
"Gateway",2015-02-07,NA,NA,"Sminthuridae",2,NA,NA,"not measured","AnOl","9",10
"Gateway",2015-02-07,"south end",NA,"Acari",13,NA,NA,"not measured","AnOl","10",10
"Gateway",2015-02-07,"south end",NA,"Entomobryidae",1,NA,NA,"not measured","AnOl","10",10
"Gateway",2015-02-07,"south end",NA,"Mecinus",1,NA,NA,"not measured","AnOl","10",10
"Gateway",2015-02-07,"south end",NA,"Phalangiidae",2,NA,NA,"not measured","AnOl","10",10
"Gateway",2015-02-07,"south end",NA,"Sminthuridae",1,NA,NA,"not measured","AnOl","10",10
"Gateway",2015-02-07,"south end",NA,"Solenopsis",1,NA,NA,"not measured","AnOl","10",10
"Gateway",2015-05-10,NA,NA,"Nocibiotes",1,NA,NA,"not measured","DaFl","1",10
"Gateway",2015-05-10,NA,NA,"Pheidole",1,NA,NA,"not measured","DaFl","1",10
"Gateway",2015-05-10,NA,NA,"Pheidole",1,NA,NA,"not measured","DaFl","2",10
"Gateway",2015-05-10,NA,NA,"Syntomus",1,NA,NA,"between 2 and 5 mm","DaFl","2",10
"Gateway",2015-05-10,NA,NA,"Liocranidae",1,NA,NA,"not measured","DaFl","3",10
"Gateway",2015-05-10,"Empty","empty_trap",NA,NA,NA,NA,NA,NA,"4",10
"Gateway",2015-05-10,"Empty","empty_trap",NA,NA,NA,NA,NA,NA,"5",10
"Gateway",2015-05-10,"Empty","empty_trap",NA,NA,NA,NA,NA,NA,"6",10
"Gateway",2015-05-10,NA,NA,"Monomorium",1,NA,NA,"not measured","DaFl","7",10
"Gateway",2015-05-10,NA,NA,"Pogonomyrmex rugosus",1,NA,NA,"not measured","DaFl","8",10
"Gateway",2015-05-10,"Empty","empty_trap",NA,NA,NA,NA,NA,NA,"9",10
"Gateway",2015-05-10,NA,NA,"Isopoda",2,NA,NA,"not measured","DaFl","10",10
"Gateway",2015-05-10,NA,NA,"Pheidole",1,NA,NA,"not measured","DaFl","10",10
"Gateway",2015-07-23,NA,NA,"Nocibiotes",1,NA,NA,"not measured","DaFl","1",10
"Gateway",2015-07-23,NA,NA,"Pheidole",2,NA,NA,"not measured","DaFl","1",10
"Gateway",2015-07-23,NA,NA,"Acari",1,NA,NA,"not measured","DaFl","2",10
"Gateway",2015-07-23,NA,NA,"Isopoda",1,NA,NA,"not measured","DaFl","2",10
"Gateway",2015-07-23,NA,NA,"Lycosidae",1,NA,NA,"not measured","DaFl","2",10
"Gateway",2015-07-23,NA,NA,"Steriphanus",1,NA,NA,"not measured","DaFl","2",10
"Gateway",2015-07-23,NA,NA,"Pheidole",3,NA,NA,"not measured","DaFl","3",10
"Gateway",2015-07-23,NA,NA,"Steriphanus",1,NA,NA,"between 5 and 10 mm","DaFl","3",10
"Gateway",2015-07-23,NA,NA,"Nocibiotes",1,NA,NA,"not measured","DaFl","4",10
"Gateway",2015-07-23,"Empty","empty_trap",NA,NA,NA,NA,NA,NA,"5",10
"Gateway",2015-07-23,"Empty","empty_trap",NA,NA,NA,NA,NA,NA,"6",10
"Gateway",2015-07-23,NA,NA,"Acari",2,NA,NA,"not measured","DaFl","7",10
"Gateway",2015-07-23,NA,NA,"Anystoidea",1,NA,NA,"not measured","DaFl","7",10
"Gateway",2015-07-23,NA,NA,"Nocibiotes",1,NA,NA,"not measured","DaFl","7",10
"Gateway",2015-07-23,"Empty","empty_trap",NA,NA,NA,NA,NA,NA,"8",10
"Gateway",2015-07-23,NA,NA,"Anystoidea",2,NA,NA,"not measured","DaFl","9",10
"Gateway",2015-07-23,NA,NA,"Pheidole",3,NA,NA,"not measured","DaFl","9",10
"Gateway",2015-07-23,NA,NA,"Nocibiotes",1,NA,NA,"not measured","DaFl","10",10
"Gateway",2015-11-02,"Empty","empty_trap",NA,NA,NA,NA,NA,NA,"1",10
"Gateway",2015-11-02,"Empty","empty_trap",NA,NA,NA,NA,NA,NA,"2",10
"Gateway",2015-11-02,NA,NA,"Bdellidae",1,NA,NA,"not measured","DaFl","3",10
"Gateway",2015-11-02,NA,NA,"Erythraeidae",1,NA,NA,"not measured","DaFl","3",10
"Gateway",2015-11-02,NA,NA,"Entomobryidae",1,NA,NA,"not measured","DaFl","4",10
"Gateway",2015-11-02,NA,NA,"Oxyopes",1,NA,NA,"not measured","DaFl","4",10
"Gateway",2015-11-02,NA,NA,"Erythraeidae",1,NA,NA,"not measured","DaFl","5",10
"Gateway",2015-11-02,NA,NA,"Mutillidae",1,NA,NA,"not measured","DaFl","6",10
"Gateway",2015-11-02,NA,NA,"Pheidole",7,NA,NA,"not measured","DaFl","6",10
"Gateway",2015-11-02,NA,NA,"Anystoidea",1,NA,NA,"not measured","DaFl","7",10
"Gateway",2015-11-02,"Empty","empty_trap",NA,NA,NA,NA,NA,NA,"8",10
"Gateway",2015-11-02,"Empty","empty_trap",NA,NA,NA,NA,NA,NA,"9",10
"Gateway",2015-11-02,NA,NA,"Erythraeidae",1,NA,NA,"not measured","DaFl","10",10
"Gateway",2015-11-02,NA,NA,"Salticidae",1,NA,NA,"not measured","DaFl","10",10
"Gateway",2016-01-22,NA,NA,"Anystoidea",1,NA,NA,"not measured","DaFl","1",10
"Gateway",2016-01-22,NA,NA,"Sminthuridae",1,NA,NA,"not measured","DaFl","1",10
"Gateway",2016-01-22,NA,NA,"Ptomaphagus",2,NA,NA,"not measured","DaFl","2",10
"Gateway",2016-01-22,NA,NA,"Phyllotreta",1,NA,NA,"not measured","DaFl","3",10
"Gateway",2016-01-22,NA,NA,"Ptomaphagus",1,NA,NA,"not measured","DaFl","3",10
"Gateway",2016-01-22,NA,NA,"Neivamyrmex",1,NA,NA,"not measured","DaFl","4",10
"Gateway",2016-01-22,NA,NA,"Trombidioidea",2,NA,NA,"not measured","DaFl","4",10
"Gateway",2016-01-22,NA,NA,"Phyllotreta",2,NA,NA,"not measured","DaFl","5",10
"Gateway",2016-01-22,NA,NA,"Acari",1,NA,NA,"not measured","DaFl","6",10
"Gateway",2016-01-22,NA,NA,"Aphaenogaster",1,NA,NA,"not measured","DaFl","6",10
"Gateway",2016-01-22,NA,NA,"Pheidole",1,NA,NA,"not measured","DaFl","6",10
"Gateway",2016-01-22,NA,NA,"Ptomaphagus",1,NA,NA,"not measured","DaFl","6",10
"Gateway",2016-01-22,NA,NA,"Acari",2,NA,NA,"not measured","DaFl","7",10
"Gateway",2016-01-22,NA,NA,"Isotomidae",1,NA,NA,"not measured","DaFl","7",10
"Gateway",2016-01-22,NA,NA,"Ptomaphagus",1,NA,NA,"not measured","DaFl","7",10
"Gateway",2016-01-22,"Empty","empty_trap",NA,NA,NA,NA,NA,NA,"8",10
"Gateway",2016-01-22,NA,NA,"Oribatida",1,NA,NA,"not measured","DaFl","9",10
"Gateway",2016-01-22,NA,NA,"Termitidae",1,NA,NA,"not measured","DaFl","9",10
"Gateway",2016-01-22,NA,NA,"Trombidioidea",3,NA,NA,"not measured","DaFl","9",10
"Gateway",2016-01-22,"Empty","empty_trap",NA,NA,NA,NA,NA,NA,"10",10
"Gateway",2016-04-22,NA,NA,"Anystoidea",1,NA,NA,"not measured","DaFl","1",10
"Gateway",2016-04-22,NA,NA,"Lycosidae",1,NA,NA,"not measured","DaFl","1",10
"Gateway",2016-04-22,NA,NA,"Meinertellidae",2,NA,NA,"not measured","DaFl","1",10
"Gateway",2016-04-22,NA,NA,"Vaejovidae",1,NA,NA,"not measured","DaFl","1",10
"Gateway",2016-04-22,NA,NA,"Anystoidea",2,NA,NA,"not measured","DaFl","2",10
"Gateway",2016-04-22,NA,NA,"Cryptoglossa",1,NA,NA,"not measured","DaFl","2",10
"Gateway",2016-04-22,NA,NA,"Forelius",4,NA,NA,"not measured","DaFl","2",10
"Gateway",2016-04-22,NA,NA,"Isopoda",1,NA,NA,"not measured","DaFl","2",10
"Gateway",2016-04-22,NA,NA,"Lepismatidae",1,NA,NA,"not measured","DaFl","2",10
"Gateway",2016-04-22,NA,NA,"Meinertellidae",8,NA,NA,"not measured","DaFl","2",10
"Gateway",2016-04-22,NA,NA,"Xysticus",1,NA,NA,"not measured","DaFl","2",10
"Gateway",2016-04-22,NA,NA,"Acari",2,NA,NA,"not measured","DaFl","3",10
"Gateway",2016-04-22,NA,NA,"Anystoidea",5,NA,NA,"not measured","DaFl","3",10
"Gateway",2016-04-22,NA,NA,"Forelius",1,NA,NA,"not measured","DaFl","3",10
"Gateway",2016-04-22,NA,NA,"Hemiptera",1,"TRUE",NA,"not measured","DaFl","3",10
"Gateway",2016-04-22,NA,NA,"Meinertellidae",3,NA,NA,"not measured","DaFl","3",10
"Gateway",2016-04-22,NA,NA,"Miridae",1,NA,NA,"not measured","DaFl","3",10
"Gateway",2016-04-22,NA,NA,"Mutillidae",1,NA,NA,"not measured","DaFl","3",10
"Gateway",2016-04-22,NA,NA,"Vaejovidae",1,NA,NA,"not measured","DaFl","3",10
"Gateway",2016-04-22,NA,NA,"Cryptoglossa",1,NA,NA,"not measured","DaFl","4",10
"Gateway",2016-04-22,NA,NA,"Acari",2,NA,NA,"not measured","DaFl","5",10
"Gateway",2016-04-22,NA,NA,"Anystoidea",2,NA,NA,"not measured","DaFl","5",10
"Gateway",2016-04-22,NA,NA,"Diptera",1,"TRUE",NA,"not measured","DaFl","5",10
"Gateway",2016-04-22,NA,NA,"Forelius",1,NA,NA,"not measured","DaFl","5",10
"Gateway",2016-04-22,NA,NA,"Meinertellidae",7,NA,NA,"not measured","DaFl","5",10
"Gateway",2016-04-22,NA,NA,"Cryptoglossa",1,NA,NA,"not measured","DaFl","6",10
"Gateway",2016-04-22,NA,NA,"Anystoidea",3,NA,NA,"not measured","DaFl","7",10
"Gateway",2016-04-22,NA,NA,"Aphaenogaster",42,NA,NA,"not measured","DaFl","7",10
"Gateway",2016-04-22,NA,NA,"Cryptoglossa",1,NA,NA,"not measured","DaFl","7",10
"Gateway",2016-04-22,NA,NA,"Dorymyrmex bicolor",1,NA,NA,"not measured","DaFl","7",10
"Gateway",2016-04-22,NA,NA,"Hymenoptera",1,NA,"TRUE","not measured","DaFl","7",10
"Gateway",2016-04-22,NA,NA,"Meinertellidae",11,NA,NA,"not measured","DaFl","7",10
"Gateway",2016-04-22,NA,NA,"Mutillidae",2,NA,NA,"not measured","DaFl","7",10
"Gateway",2016-04-22,NA,NA,"Tetramorium",1,NA,NA,"not measured","DaFl","7",10
"Gateway",2016-04-22,NA,NA,"Anystoidea",5,NA,NA,"not measured","DaFl","8",10
"Gateway",2016-04-22,NA,NA,"Aphaenogaster",5,NA,NA,"not measured","DaFl","8",10
"Gateway",2016-04-22,NA,NA,"Bdellidae",1,NA,NA,"not measured","DaFl","8",10
"Gateway",2016-04-22,NA,NA,"Crabronidae",1,NA,NA,"not measured","DaFl","8",10
"Gateway",2016-04-22,NA,NA,"Entomobryidae",2,NA,NA,"not measured","DaFl","8",10
"Gateway",2016-04-22,NA,NA,"Forelius",17,NA,NA,"not measured","DaFl","8",10
"Gateway",2016-04-22,NA,NA,"Lepismatidae",1,NA,NA,"not measured","DaFl","8",10
"Gateway",2016-04-22,NA,NA,"Meinertellidae",9,NA,NA,"not measured","DaFl","8",10
"Gateway",2016-04-22,NA,NA,"Pheidole",1,NA,NA,"not measured","DaFl","8",10
"Gateway",2016-04-22,NA,NA,"Xysticus",1,NA,NA,"not measured","DaFl","8",10
"Gateway",2016-04-22,NA,NA,"Anystoidea",5,NA,NA,"not measured","DaFl","9",10
"Gateway",2016-04-22,NA,NA,"Entomobryidae",2,NA,NA,"not measured","DaFl","9",10
"Gateway",2016-04-22,NA,NA,"Meinertellidae",8,NA,NA,"not measured","DaFl","9",10
"Gateway",2016-04-22,NA,NA,"Phalangiidae",2,NA,NA,"not measured","DaFl","9",10
"Gateway",2016-04-22,NA,NA,"Acari",3,NA,NA,"not measured","DaFl","10",10
"Gateway",2016-04-22,NA,NA,"Entomobryidae",2,NA,NA,"not measured","DaFl","10",10
"Gateway",2016-04-22,NA,NA,"Meinertellidae",3,NA,NA,"not measured","DaFl","10",10
"Gateway",2016-07-21,NA,NA,"Acari",2,NA,NA,"not measured","DaFl","1",10
"Gateway",2016-07-21,NA,NA,"Anystoidea",1,NA,NA,"not measured","DaFl","1",10
"Gateway",2016-07-21,NA,NA,"Pheidole",1,NA,"TRUE","not measured","DaFl","1",10
"Gateway",2016-07-21,NA,NA,"Acari",2,NA,NA,"not measured","DaFl","2",10
"Gateway",2016-07-21,NA,NA,"Anystoidea",1,NA,NA,"not measured","DaFl","2",10
"Gateway",2016-07-21,NA,NA,"Forelius pruinosus",1,NA,NA,"not measured","DaFl","2",10
"Gateway",2016-07-21,NA,NA,"Lepismatidae",1,NA,NA,"not measured","DaFl","2",10
"Gateway",2016-07-21,NA,NA,"Acari",1,NA,NA,"not measured","DaFl","3",10
"Gateway",2016-07-21,NA,NA,"Anystoidea",1,NA,NA,"not measured","DaFl","3",10
"Gateway",2016-07-21,NA,NA,"Aphaenogaster",1,NA,NA,"not measured","DaFl","3",10
"Gateway",2016-07-21,NA,NA,"Acari",1,NA,NA,"not measured","DaFl","4",10
"Gateway",2016-07-21,NA,NA,"Dorymyrmex bicolor",1,NA,NA,"not measured","DaFl","4",10
"Gateway",2016-07-21,NA,NA,"Lepismatidae",2,NA,NA,"not measured","DaFl","4",10
"Gateway",2016-07-21,NA,NA,"Liocranidae",1,NA,NA,"not measured","DaFl","4",10
"Gateway",2016-07-21,NA,NA,"Nocibiotes",2,NA,NA,"not measured","DaFl","4",10
"Gateway",2016-07-21,NA,NA,"Salticidae",1,NA,NA,"not measured","DaFl","4",10
"Gateway",2016-07-21,NA,NA,"Acari",1,NA,NA,"not measured","DaFl","5",10
"Gateway",2016-07-21,NA,NA,"Agroeca",1,NA,NA,"not measured","DaFl","5",10
"Gateway",2016-07-21,NA,NA,"Tetramorium",1,NA,NA,"not measured","DaFl","5",10
"Gateway",2016-07-21,NA,NA,"Dorymyrmex",1,NA,NA,"not measured","DaFl","6",10
"Gateway",2016-07-21,NA,NA,"Sminthuridae",1,NA,NA,"not measured","DaFl","6",10
"Gateway",2016-07-21,NA,NA,"Acari",5,NA,NA,"not measured","DaFl","7",10
"Gateway",2016-07-21,NA,NA,"Aphaenogaster",3,NA,NA,"not measured","DaFl","7",10
"Gateway",2016-07-21,NA,NA,"Eleodes armata",1,NA,NA,"not measured","DaFl","7",10
"Gateway",2016-07-21,NA,NA,"Forelius mccooki",2,NA,NA,"not measured","DaFl","7",10
"Gateway",2016-07-21,NA,NA,"Lepismatidae",2,NA,NA,"not measured","DaFl","7",10
"Gateway",2016-07-21,NA,NA,"Linepithema humile",1,NA,NA,"not measured","DaFl","7",10
"Gateway",2016-07-21,NA,NA,"Pheidole",1,NA,NA,"not measured","DaFl","7",10
"Gateway",2016-07-21,NA,NA,"Tetramorium",1,NA,NA,"not measured","DaFl","7",10
"Gateway",2016-07-21,NA,NA,"Aphaenogaster",7,NA,NA,"not measured","DaFl","8",10
"Gateway",2016-07-21,NA,NA,"Linepithema humile",1,NA,NA,"not measured","DaFl","8",10
"Gateway",2016-07-21,NA,NA,"Aphaenogaster",1,NA,NA,"not measured","DaFl","9",10
"Gateway",2016-07-21,"Winged Formicid was missing gaster",NA,"Aphaenogaster",1,NA,NA,"not measured","DaFl","10",10
"Gateway",2016-07-21,"Winged Formicid was missing gaster",NA,"Formicidae",1,NA,"TRUE","not measured","DaFl","10",10
"Gateway",2016-07-21,"Winged Formicid was missing gaster",NA,"Lepismatidae",1,NA,NA,"not measured","DaFl","10",10
"Gateway",2016-07-21,"Winged Formicid was missing gaster",NA,"Oxyopes",1,NA,NA,"not measured","DaFl","10",10
"Gateway",2016-10-27,"Tenebs from 4 sites separated, same species but need verification",NA,"Tenebrionidae",5,NA,NA,"greater than 10 mm","DaFl","1",10
"Gateway",2016-10-27,"Empty","empty_trap",NA,NA,NA,NA,NA,NA,"2",10
"Gateway",2016-10-27,NA,NA,"Lepismatidae",1,NA,NA,"not measured","DaFl","3",10
"Gateway",2016-10-27,"Empty","empty_trap",NA,NA,NA,NA,NA,NA,"4",10
"Gateway",2016-10-27,NA,NA,"Erythraeoidea",1,NA,NA,"not measured","DaFl","5",10
"Gateway",2016-10-27,NA,NA,"Eleodes armata",1,NA,NA,"greater than 10 mm","DaFl","6",10
"Gateway",2016-10-27,NA,NA,"Mutillidae",1,NA,NA,"not measured","DaFl","6",10
"Gateway",2016-10-27,NA,NA,"Paravaejovis spinigerus",1,NA,NA,"not measured","DaFl","6",10
"Gateway",2016-10-27,NA,NA,"Isopoda",2,NA,NA,"not measured","DaFl","7",10
"Gateway",2016-10-27,NA,NA,"Monomorium",1,NA,NA,"not measured","DaFl","7",10
"Gateway",2016-10-27,NA,NA,"Termitidae",1,NA,NA,"not measured","DaFl","7",10
"Gateway",2016-10-27,NA,NA,"Paravaejovis spinigerus",1,NA,NA,"not measured","DaFl","8",10
"Gateway",2016-10-27,NA,NA,"Tenebrionidae",3,NA,NA,"not measured","DaFl","8",10
"Gateway",2016-10-27,NA,NA,"Agroeca",1,NA,NA,"not measured","DaFl","9",10
"Gateway",2016-10-27,NA,NA,"Eleodes armata",3,NA,NA,"greater than 10 mm","DaFl","9",10
"Gateway",2016-10-27,NA,NA,"Tenebrionidae",1,NA,NA,"greater than 10 mm","DaFl","9",10
"Gateway",2016-10-27,"teneb separated",NA,"Lepismatidae",1,NA,NA,"not measured","DaFl","10",10
"Gateway",2016-10-27,"teneb separated",NA,"Linyphiidae",1,NA,NA,"not measured","DaFl","10",10
"Gateway",2016-10-27,"teneb separated",NA,"Tenebrionidae",1,NA,NA,"greater than 10 mm","DaFl","10",10
"Gateway",2017-01-20,NA,NA,"Ptomaphagus",1,NA,NA,"not measured","DaFl","1",10
"Gateway",2017-01-20,NA,NA,"Sminthuridae",1,NA,NA,"not measured","DaFl","2",10
"Gateway",2017-01-20,NA,NA,"Phyllotreta",2,NA,NA,"not measured","DaFl","3",10
"Gateway",2017-01-20,NA,NA,"Ptomaphagus",1,NA,NA,"not measured","DaFl","4",10
"Gateway",2017-01-20,"Empty","empty_trap",NA,NA,NA,NA,NA,NA,"5",10
"Gateway",2017-01-20,NA,NA,"Erythraeidae",1,NA,NA,"not measured","DaFl","6",10
"Gateway",2017-01-20,NA,NA,"Monomorium",1,NA,NA,"not measured","DaFl","6",10
"Gateway",2017-01-20,NA,NA,"Staphylinidae",1,NA,NA,"not measured","DaFl","6",10
"Gateway",2017-01-20,NA,NA,"Phyllotreta",2,NA,NA,"not measured","DaFl","7",10
"Gateway",2017-01-20,NA,NA,"Erythraeoidea",1,NA,NA,"not measured","DaFl","8",10
"Gateway",2017-01-20,NA,NA,"Isotomidae",1,NA,NA,"not measured","DaFl","8",10
"Gateway",2017-01-20,NA,NA,"Sminthuridae",1,NA,NA,"not measured","DaFl","8",10
"Gateway",2017-01-20,NA,NA,"Anystoidea",1,NA,NA,"not measured","DaFl","9",10
"Gateway",2017-01-20,NA,NA,"Phyllotreta",1,NA,NA,"not measured","DaFl","10",10
"Gateway",2017-04-21,NA,NA,"Crematogaster",1,NA,NA,"not measured","DaFl","1",10
"Gateway",2017-04-21,NA,NA,"Entomobryidae",1,NA,NA,"less than 2 mm","TaJo","1",10
"Gateway",2017-04-21,NA,NA,"Lepismatidae",1,NA,NA,"not measured","DaFl","1",10
"Gateway",2017-04-21,NA,NA,"Meinertellidae",12,NA,NA,"not measured","DaFl","1",10
"Gateway",2017-04-21,NA,NA,"Miridae",1,NA,NA,"not measured","DaFl","1",10
"Gateway",2017-04-21,NA,NA,"Mantodea",1,"TRUE",NA,"not measured","DaFl","2",10
"Gateway",2017-04-21,"Empty","empty_trap",NA,NA,NA,NA,NA,NA,"3",10
"Gateway",2017-04-21,NA,NA,"Anystoidea",2,NA,NA,"not measured","DaFl","4",10
"Gateway",2017-04-21,NA,NA,"Lepismatidae",1,NA,NA,"not measured","DaFl","4",10
"Gateway",2017-04-21,NA,NA,"Meinertellidae",3,NA,NA,"not measured","DaFl","4",10
"Gateway",2017-04-21,NA,NA,"Mutillidae",1,NA,NA,"not measured","DaFl","4",10
"Gateway",2017-04-21,NA,NA,"Nocibiotes",1,NA,NA,"not measured","DaFl","4",10
"Gateway",2017-04-21,NA,NA,"Pheidole",1,NA,NA,"not measured","DaFl","4",10
"Gateway",2017-04-21,NA,NA,"Theridiidae",1,NA,NA,"not measured","DaFl","4",10
"Gateway",2017-04-21,NA,NA,"Erythraeidae",1,NA,NA,"not measured","DaFl","5",10
"Gateway",2017-04-21,NA,NA,"Meinertellidae",1,NA,NA,"not measured","DaFl","5",10
"Gateway",2017-04-21,NA,NA,"Nocibiotes",1,NA,NA,"not measured","DaFl","5",10
"Gateway",2017-04-21,"Empty","empty_trap",NA,NA,NA,NA,NA,NA,"6",10
"Gateway",2017-04-21,NA,NA,"Nocibiotes",6,NA,NA,"not measured","DaFl","7",10
"Gateway",2017-04-21,NA,NA,"Pheidole",4,NA,NA,"not measured","DaFl","7",10
"Gateway",2017-04-21,"Empty","empty_trap",NA,NA,NA,NA,NA,NA,"8",10
"Gateway",2017-04-21,"2 pinned",NA,"Erythraeidae",2,NA,NA,"not measured","DaFl","9",10
"Gateway",2017-04-21,"2 pinned",NA,"Lepismatidae",3,NA,NA,"not measured","DaFl","9",10
"Gateway",2017-04-21,"2 pinned",NA,"Meinertellidae",7,NA,NA,"not measured","DaFl","9",10
"Gateway",2017-04-21,NA,NA,"Nocibiotes",2,NA,NA,"not measured","DaFl","10",10
"Gateway",2017-10-21,NA,NA,"Crematogaster",1,NA,NA,"not measured","DaFl","1",10
"Gateway",2017-10-21,NA,NA,"Caeculidae",1,NA,NA,"less than 2 mm","TaJo","2",10
"Gateway",2017-10-21,NA,NA,"Lepismatidae",1,NA,NA,"not measured","DaFl","2",10
"Gateway",2017-10-21,NA,NA,"Lepismatidae",2,NA,NA,"not measured","DaFl","3",10
"Gateway",2017-10-21,NA,NA,"Mutillidae",1,NA,NA,"not measured","DaFl","3",10
"Gateway",2017-10-21,NA,NA,"Pholcidae",1,NA,NA,"not measured","DaFl","3",10
"Gateway",2017-10-21,NA,NA,"Brachycera",1,NA,NA,"not measured","DaFl","4",10
"Gateway",2017-10-21,NA,NA,"Paravaejovis spinigerus",1,NA,NA,"not measured","DaFl","4",10
"Gateway",2017-10-21,NA,NA,"Scenopinus",1,NA,NA,"not measured","DaFl","4",10
"Gateway",2017-10-21,NA,NA,"Scolopendridae",1,NA,NA,"not measured","DaFl","4",10
"Gateway",2017-10-21,NA,NA,"Tetramorium hispidum",1,NA,NA,"not measured","DaFl","4",10
"Gateway",2017-10-21,NA,NA,"Lepismatidae",1,NA,NA,"not measured","DaFl","5",10
"Gateway",2017-10-21,NA,NA,"Linyphiidae",1,NA,NA,"not measured","DaFl","5",10
"Gateway",2017-10-21,NA,NA,"Bethylidae",1,NA,NA,"not measured","DaFl","6",10
"Gateway",2017-10-21,NA,NA,"Tetramorium hispidum",1,NA,NA,"not measured","DaFl","6",10
"Gateway",2017-10-21,NA,NA,"Anystoidea",5,NA,NA,"less than 2 mm","TaJo","7",10
"Gateway",2017-10-21,NA,NA,"Lepismatidae",2,NA,NA,"not measured","DaFl","7",10
"Gateway",2017-10-21,NA,NA,"Nocibiotes",1,NA,NA,"not measured","DaFl","7",10
"Gateway",2017-10-21,NA,NA,"Mutillidae",1,NA,NA,"not measured","DaFl","8",10
"Gateway",2017-10-21,NA,NA,"Tetramorium hispidum",1,NA,NA,"not measured","DaFl","8",10
"Gateway",2017-10-21,NA,NA,"Anystoidea",1,NA,NA,"less than 2 mm","TaJo","9",10
"Gateway",2017-10-21,NA,NA,"Chyphotes",1,NA,NA,"not measured","TaJo","9",10
"Gateway",2017-10-21,NA,NA,"Linyphiidae",1,NA,NA,"not measured","TaJo","9",10
"Gateway",2017-10-21,NA,NA,"Tenebrionidae",1,NA,NA,"not measured","TaJo","9",10
"Gateway",2017-10-21,NA,NA,"Lepismatidae",2,NA,NA,"not measured","TaJo","10",10
"Gateway",2017-10-21,NA,NA,"Pheidole desertorum",2,NA,NA,"not measured","TaJo","10",10
"Gateway",2017-10-21,NA,NA,"Tenebrionidae",1,NA,NA,"not measured","TaJo","10",10
"Gateway",2017-10-21,NA,NA,"Tetramorium",1,NA,NA,"not measured","TaJo","10",10
"Gateway",2018-01-26,NA,NA,"Anystidae",1,NA,NA,"not measured","DaFl","1",10
"Gateway",2018-01-26,NA,NA,"Coleoptera",1,"TRUE",NA,"not measured","DaFl","1",10
"Gateway",2018-01-26,NA,NA,"Gnaphosidae",1,NA,NA,"not measured","DaFl","1",10
"Gateway",2018-01-26,"Empty","empty_trap",NA,NA,NA,NA,NA,NA,"2",10
"Gateway",2018-01-26,NA,NA,"Anystidae",1,NA,NA,"not measured","DaFl","3",10
"Gateway",2018-01-26,NA,NA,"Entomobryidae",1,NA,NA,"not measured","DaFl","4",10
"Gateway",2018-01-26,NA,NA,"Gnaphosidae",1,NA,NA,"not measured","DaFl","4",10
"Gateway",2018-01-26,NA,NA,"Lepismatidae",1,NA,NA,"not measured","DaFl","4",10
"Gateway",2018-01-26,NA,NA,"Eleodes armata",1,NA,NA,"greater than 10 mm","DaFl","5",10
"Gateway",2018-01-26,NA,NA,"Altica",1,NA,NA,"not measured","DaFl","6",10
"Gateway",2018-01-26,NA,NA,"Sminthuridae",1,NA,NA,"not measured","DaFl","6",10
"Gateway",2018-01-26,NA,NA,"Chyphotes",1,NA,NA,"not measured","DaFl","7",10
"Gateway",2018-01-26,NA,NA,"Dorymyrmex",1,NA,NA,"not measured","DaFl","7",10
"Gateway",2018-01-26,NA,NA,"Hemiptera",1,"TRUE",NA,"not measured","DaFl","7",10
"Gateway",2018-01-26,NA,NA,"Rhyparochromidae",1,NA,NA,"not measured","DaFl","7",10
"Gateway",2018-01-26,NA,NA,"Sminthuridae",1,NA,NA,"not measured","DaFl","8",10
"Gateway",2018-01-26,NA,NA,"Anystoidea",1,NA,NA,"not measured","DaFl","9",10
"Gateway",2018-01-26,NA,NA,"Apidae",1,NA,"TRUE","not measured","DaFl","9",10
"Gateway",2018-01-26,NA,NA,"Gnaphosidae",1,NA,NA,"not measured","DaFl","9",10
"Gateway",2018-01-26,NA,NA,"Hemiptera",1,"TRUE",NA,"not measured","DaFl","9",10
"Gateway",2018-01-26,NA,NA,"Opiliones",1,NA,NA,"not measured","DaFl","9",10
"Gateway",2018-01-26,NA,NA,"Ptomaphagus",1,NA,NA,"not measured","DaFl","10",10
"Gateway",2018-04-20,NA,NA,"Meinertellidae",1,NA,NA,"not measured","DaFl","1",10
"Gateway",2018-04-20,NA,NA,"Salticidae",1,NA,NA,"not measured","DaFl","1",10
"Gateway",2018-04-20,NA,NA,"Anystidae",1,NA,NA,"not measured","DaFl","2",10
"Gateway",2018-04-20,NA,NA,"Meinertellidae",1,NA,NA,"not measured","DaFl","2",10
"Gateway",2018-04-20,NA,NA,"Pholcidae",1,NA,NA,"not measured","DaFl","3",10
"Gateway",2018-04-20,NA,NA,"Lepismatidae",2,NA,NA,"not measured","DaFl","4",10
"Gateway",2018-04-20,NA,NA,"Erythraeidae",2,NA,NA,"not measured","DaFl","5",10
"Gateway",2018-04-20,"Empty","empty_trap",NA,NA,NA,NA,NA,NA,"6",10
"Gateway",2018-04-20,NA,NA,"Lepismatidae",3,NA,NA,"not measured","DaFl","7",10
"Gateway",2018-04-20,NA,NA,"Nocibiotes",1,NA,NA,"not measured","DaFl","7",10
"Gateway",2018-04-20,NA,NA,"Crematogaster",1,NA,NA,"not measured","DaFl","8",10
"Gateway",2018-04-20,NA,NA,"Erythraeidae",1,NA,NA,"not measured","DaFl","8",10
"Gateway",2018-04-20,NA,NA,"Meinertellidae",3,NA,NA,"not measured","DaFl","8",10
"Gateway",2018-04-20,NA,NA,"Pepsis",1,NA,NA,"not measured","DaFl","8",10
"Gateway",2018-04-20,NA,NA,"Chyphotes",1,NA,NA,"not measured","DaFl","9",10
"Gateway",2018-04-20,NA,NA,"Lepismatidae",1,NA,NA,"not measured","DaFl","9",10
"Gateway",2018-04-20,NA,NA,"Xysticus",1,NA,NA,"not measured","DaFl","9",10
"Gateway",2018-04-20,NA,NA,"Anystidae",1,NA,NA,"not measured","DaFl","10",10
"Gateway",2018-10-26,NA,NA,"Caeculidae",1,NA,NA,"not measured","DaFl","1",10
"Gateway",2018-10-26,NA,NA,"Entomobryidae",1,NA,NA,"not measured","DaFl","1",10
"Gateway",2018-10-26,NA,NA,"Sminthuridae",1,NA,NA,"not measured","DaFl","1",10
"Gateway",2018-10-26,NA,NA,"Termitidae",1,NA,NA,"not measured","DaFl","1",10
"Gateway",2018-10-26,NA,NA,"Bdellidae",1,NA,NA,"not measured","DaFl","2",10
"Gateway",2018-10-26,NA,NA,"Caeculidae",1,NA,NA,"not measured","DaFl","2",10
"Gateway",2018-10-26,NA,NA,"Linyphiidae",1,NA,NA,"not measured","DaFl","2",10
"Gateway",2018-10-26,NA,NA,"Sminthuridae",1,NA,NA,"not measured","DaFl","2",10
"Gateway",2018-10-26,NA,NA,"Entomobryidae",1,NA,NA,"not measured","DaFl","3",10
"Gateway",2018-10-26,NA,NA,"Lepismatidae",1,NA,NA,"not measured","DaFl","3",10
"Gateway",2018-10-26,NA,NA,"Sminthuridae",1,NA,NA,"not measured","DaFl","3",10
"Gateway",2018-10-26,NA,NA,"Anystoidea",1,NA,NA,"not measured","DaFl","4",10
"Gateway",2018-10-26,NA,NA,"Isopoda",1,NA,NA,"not measured","DaFl","4",10
"Gateway",2018-10-26,NA,NA,"Noctuidae",1,"TRUE",NA,"greater than 10 mm","DaFl","4",10
"Gateway",2018-10-26,NA,NA,"Sminthuridae",1,NA,NA,"not measured","DaFl","4",10
"Gateway",2018-10-26,NA,NA,"Solenopsis amblychila",1,NA,NA,"not measured","DaFl","4",10
"Gateway",2018-10-26,NA,NA,"Paravaejovis spinigerus",1,NA,NA,"greater than 10 mm","DaFl","5",10
"Gateway",2018-10-26,"Empty","empty_trap",NA,NA,NA,NA,NA,NA,"6",10
"Gateway",2018-10-26,NA,NA,"Noctuidae",1,"TRUE",NA,"not measured","DaFl","7",10
"Gateway",2018-10-26,NA,NA,"Oribatida",1,NA,NA,"less than 2 mm","DaFl","7",10
"Gateway",2018-10-26,NA,NA,"Anystoidea",1,NA,NA,"not measured","DaFl","8",10
"Gateway",2018-10-26,NA,NA,"Entomobryidae",5,NA,NA,"not measured","DaFl","8",10
"Gateway",2018-10-26,NA,NA,"Noctuidae",1,"TRUE",NA,"not measured","DaFl","8",10
"Gateway",2018-10-26,NA,NA,"Linyphiidae",1,NA,NA,"not measured","DaFl","9",10
"Gateway",2018-10-26,NA,NA,"Lepismatidae",1,NA,NA,"not measured","DaFl","10",10
"Gateway",2018-10-26,NA,NA,"Nothridae",1,NA,NA,"less than 2 mm","DaFl","10",10
"Gateway",2019-01-25,"asidina damaged",NA,"Anystidae",1,NA,NA,"less than 2 mm","GaRi","1",10
"Gateway",2019-01-25,"asidina damaged",NA,"Entomobryidae",9,NA,NA,"less than 2 mm","GaRi","1",10
"Gateway",2019-01-25,"asidina damaged",NA,"Erythraeidae",4,NA,NA,"less than 2 mm","GaRi","1",10
"Gateway",2019-01-25,"asidina damaged",NA,"Stenomorpha (Asidina)",1,NA,NA,"not measured","DaFl","1",10
"Gateway",2019-01-25,"asidina damaged",NA,"Termitidae",5,NA,NA,"not measured","DaFl","1",10
"Gateway",2019-01-25,"asidina damaged",NA,"Trombidioidea",1,NA,NA,"less than 2 mm","GaRi","1",10
"Gateway",2019-01-25,NA,NA,"Anystoidea",1,NA,NA,"not measured","DaFl","2",10
"Gateway",2019-01-25,NA,NA,"Entomobryidae",5,NA,NA,"less than 2 mm","GaRi","2",10
"Gateway",2019-01-25,NA,NA,"Glyptina",1,NA,NA,"not measured","DaFl","2",10
"Gateway",2019-01-25,NA,NA,"Hemiptera",1,"TRUE",NA,"not measured","DaFl","2",10
"Gateway",2019-01-25,NA,NA,"Apidae",1,NA,"TRUE","not measured","DaFl","3",10
"Gateway",2019-01-25,NA,NA,"Entomobryidae",1,NA,NA,"less than 2 mm","GaRi","3",10
"Gateway",2019-01-25,NA,NA,"Hemiptera",1,"TRUE",NA,"not measured","DaFl","3",10
"Gateway",2019-01-25,NA,NA,"Anystidae",1,NA,NA,"less than 2 mm","GaRi","4",10
"Gateway",2019-01-25,NA,NA,"Cicadellidae",1,"TRUE",NA,"not measured","DaFl","4",10
"Gateway",2019-01-25,NA,NA,"Entomobryidae",2,NA,NA,"less than 2 mm","GaRi","4",10
"Gateway",2019-01-25,NA,NA,"Theridiidae",1,NA,NA,"not measured","DaFl","4",10
"Gateway",2019-01-25,NA,NA,"Trombidioidea",1,NA,NA,"less than 2 mm","GaRi","4",10
"Gateway",2019-01-25,NA,NA,"Anystidae",1,NA,NA,"less than 2 mm","GaRi","5",10
"Gateway",2019-01-25,NA,NA,"Entomobryidae",5,NA,NA,"less than 2 mm","GaRi","5",10
"Gateway",2019-01-25,NA,NA,"Stenomorpha",1,NA,NA,"not measured","DaFl","5",10
"Gateway",2019-01-25,NA,NA,"Aphididae",1,NA,NA,"not measured","DaFl","6",10
"Gateway",2019-01-25,NA,NA,"Entomobryidae",4,NA,NA,"less than 2 mm","GaRi","6",10
"Gateway",2019-01-25,NA,NA,"Glyptina",1,NA,NA,"not measured","DaFl","6",10
"Gateway",2019-01-25,NA,NA,"Sminthuridae",2,NA,NA,"less than 2 mm","GaRi","6",10
"Gateway",2019-01-25,NA,NA,"Thinoxenus",2,NA,NA,"not measured","DaFl","6",10
"Gateway",2019-01-25,NA,NA,"Anystidae",1,NA,NA,"less than 2 mm","GaRi","7",10
"Gateway",2019-01-25,NA,NA,"Bdellidae",1,NA,NA,"less than 2 mm","GaRi","7",10
"Gateway",2019-01-25,NA,NA,"Entomobryidae",2,NA,NA,"less than 2 mm","GaRi","7",10
"Gateway",2019-01-25,NA,NA,"Lepidoptera",1,"TRUE",NA,"not measured","DaFl","7",10
"Gateway",2019-01-25,NA,NA,"Psocodea",2,"TRUE",NA,"not measured","DaFl","7",10
"Gateway",2019-01-25,NA,NA,"Ptomaphagus",2,NA,NA,"not measured","DaFl","7",10
"Gateway",2019-01-25,NA,NA,"Solenopsis xyloni",6,NA,NA,"not measured","DaFl","7",10
"Gateway",2019-01-25,NA,NA,"Theridiidae",1,NA,NA,"not measured","DaFl","7",10
"Gateway",2019-01-25,NA,NA,"Zelotes",1,NA,NA,"not measured","DaFl","7",10
"Gateway",2019-01-25,NA,NA,"Anystidae",1,NA,NA,"less than 2 mm","GaRi","8",10
"Gateway",2019-01-25,NA,NA,"Entomobryidae",2,NA,NA,"less than 2 mm","GaRi","8",10
"Gateway",2019-01-25,NA,NA,"Sciaridae",1,NA,NA,"not measured","DaFl","8",10
"Gateway",2019-01-25,NA,NA,"Theridiidae",1,NA,NA,"not measured","DaFl","8",10
"Gateway",2019-01-25,NA,NA,"Bethylidae",1,NA,NA,"not measured","DaFl","9",10
"Gateway",2019-01-25,NA,NA,"Chalcidoidea",1,NA,NA,"not measured","DaFl","9",10
"Gateway",2019-01-25,NA,NA,"Phoridae",1,NA,NA,"not measured","DaFl","9",10
"Gateway",2019-01-25,NA,NA,"Sminthuridae",2,NA,NA,"less than 2 mm","GaRi","9",10
"Gateway",2019-01-25,NA,NA,"Phoridae",1,NA,NA,"not measured","DaFl","10",10
"Gateway",2019-01-25,NA,NA,"Psocodea",1,"TRUE",NA,"not measured","DaFl","10",10
"Gateway",2019-04-19,NA,NA,"Lepismatidae",1,NA,NA,"not measured","DaFl","1",10
"Gateway",2019-04-19,NA,NA,"Mecinus",1,NA,NA,"not measured","DaFl","1",10
"Gateway",2019-04-19,NA,NA,"Miridae",1,NA,NA,"not measured","DaFl","1",10
"Gateway",2019-04-19,NA,NA,"Myrmeleontidae",1,"TRUE",NA,"not measured","DaFl","1",10
"Gateway",2019-04-19,NA,NA,"Nocibiotes",2,NA,NA,"not measured","DaFl","1",10
"Gateway",2019-04-19,NA,NA,"Oribatida",1,NA,NA,"not measured","DaFl","1",10
"Gateway",2019-04-19,NA,NA,"Staphylinidae",1,"TRUE",NA,"not measured","DaFl","1",10
"Gateway",2019-04-19,NA,NA,"Entomobryidae",1,NA,NA,"not measured","DaFl","2",10
"Gateway",2019-04-19,NA,NA,"Mecinus",1,NA,NA,"not measured","DaFl","2",10
"Gateway",2019-04-19,NA,NA,"Anystoidea",1,NA,NA,"not measured","DaFl","3",10
"Gateway",2019-04-19,NA,NA,"Entomobryidae",1,NA,NA,"not measured","DaFl","3",10
"Gateway",2019-04-19,NA,NA,"Anystoidea",5,NA,NA,"not measured","DaFl","4",10
"Gateway",2019-04-19,NA,NA,"Entomobryidae",1,NA,NA,"not measured","DaFl","4",10
"Gateway",2019-04-19,NA,NA,"Erythraeidae",4,NA,NA,"not measured","DaFl","4",10
"Gateway",2019-04-19,NA,NA,"Hemiptera",1,"TRUE",NA,"not measured","DaFl","4",10
"Gateway",2019-04-19,NA,NA,"Scolopendridae",1,NA,NA,"greater than 10 mm","DaFl","5",10
"Gateway",2019-04-19,NA,NA,"Anystoidea",1,NA,NA,"not measured","DaFl","6",10
"Gateway",2019-04-19,NA,NA,"Hemiptera",1,"TRUE",NA,"not measured","DaFl","6",10
"Gateway",2019-04-19,NA,NA,"Mantidae",1,NA,NA,"not measured","DaFl","6",10
"Gateway",2019-04-19,NA,NA,"Mecinus",1,NA,NA,"not measured","DaFl","6",10
"Gateway",2019-04-19,NA,NA,"Syntomus",1,NA,NA,"not measured","DaFl","6",10
"Gateway",2019-04-19,NA,NA,"Anystoidea",3,NA,NA,"not measured","DaFl","7",10
"Gateway",2019-04-19,NA,NA,"Entomobryidae",1,NA,NA,"not measured","DaFl","7",10
"Gateway",2019-04-19,NA,NA,"Lepismatidae",1,NA,NA,"not measured","DaFl","7",10
"Gateway",2019-04-19,NA,NA,"Meinertellidae",1,NA,NA,"not measured","DaFl","7",10
"Gateway",2019-04-19,NA,NA,"Meinertellidae",1,NA,NA,"not measured","DaFl","7",10
"Gateway",2019-04-19,NA,NA,"Nocibiotes",3,NA,NA,"not measured","DaFl","7",10
"Gateway",2019-04-19,NA,NA,"Psilochorus",1,NA,NA,"not measured","DaFl","7",10
"Gateway",2019-04-19,NA,NA,"Solenopsis xyloni",2,NA,NA,"not measured","DaFl","7",10
"Gateway",2019-04-19,NA,NA,"Theridiidae",1,NA,NA,"not measured","DaFl","7",10
"Gateway",2019-04-19,NA,NA,"Anystoidea",20,NA,NA,"not measured","DaFl","8",10
"Gateway",2019-04-19,NA,NA,"Chrysomelidae",1,"TRUE",NA,"not measured","DaFl","8",10
"Gateway",2019-04-19,NA,NA,"Crematogaster",1,NA,NA,"not measured","DaFl","8",10
"Gateway",2019-04-19,NA,NA,"Entomobryidae",22,NA,NA,"not measured","DaFl","8",10
"Gateway",2019-04-19,NA,NA,"Hemiptera",2,"TRUE",NA,"not measured","DaFl","8",10
"Gateway",2019-04-19,NA,NA,"Isopoda",1,NA,NA,"not measured","DaFl","8",10
"Gateway",2019-04-19,NA,NA,"Mecinus",2,NA,NA,"not measured","DaFl","8",10
"Gateway",2019-04-19,NA,NA,"Staphylinidae",2,"TRUE",NA,"not measured","DaFl","8",10
"Gateway",2019-04-19,NA,NA,"Hemiptera",1,"TRUE",NA,"not measured","DaFl","9",10
"Gateway",2019-04-19,NA,NA,"Anystoidea",2,NA,NA,"not measured","DaFl","10",10
"Gateway",2019-04-19,NA,NA,"Chalcidoidea",1,NA,NA,"not measured","DaFl","10",10
"Gateway",2019-04-19,NA,NA,"Entomobryidae",1,NA,NA,"not measured","DaFl","10",10
"Gateway",2019-04-19,NA,NA,"Mecinus",1,NA,NA,"not measured","DaFl","10",10
"Gateway",2019-04-19,NA,NA,"Staphylinidae",1,"TRUE",NA,"not measured","DaFl","10",10
"Gateway",2019-04-19,NA,NA,"Theridiidae",1,NA,NA,"not measured","DaFl","10",10
"Gateway",2019-04-19,NA,NA,"Zelotes",1,NA,NA,"not measured","DaFl","10",10
"Gateway",2019-10-25,NA,NA,"Anystoidea",2,NA,NA,"not measured","DaFl","1",10
"Gateway",2019-10-25,NA,NA,"Forelius mccooki",2,NA,NA,"not measured","DaFl","1",10
"Gateway",2019-10-25,NA,NA,"Solenopsis amblychila",1,NA,NA,"not measured","DaFl","1",10
"Gateway",2019-10-25,NA,NA,"Anystoidea",1,NA,NA,"not measured","DaFl","2",10
"Gateway",2019-10-25,NA,NA,"Paravaejovis spinigerus",1,NA,NA,"not measured","DaFl","2",10
"Gateway",2019-10-25,NA,NA,"Bdellidae",1,NA,NA,"not measured","DaFl","3",10
"Gateway",2019-10-25,NA,NA,"Forelius",2,NA,NA,"not measured","DaFl","3",10
"Gateway",2019-10-25,NA,NA,"Hadrurus arizonensis",1,NA,NA,"not measured","DaFl","3",10
"Gateway",2019-10-25,NA,NA,"Lepismatidae",1,NA,NA,"not measured","DaFl","3",10
"Gateway",2019-10-25,NA,NA,"Anystoidea",1,NA,NA,"not measured","DaFl","4",10
"Gateway",2019-10-25,NA,NA,"Entomobryidae",2,NA,NA,"not measured","DaFl","4",10
"Gateway",2019-10-25,NA,NA,"Erythraeidae",10,NA,NA,"not measured","DaFl","4",10
"Gateway",2019-10-25,NA,NA,"Forelius",1,NA,NA,"not measured","DaFl","4",10
"Gateway",2019-10-25,NA,NA,"Hadrurus arizonensis",1,NA,NA,"not measured","DaFl","4",10
"Gateway",2019-10-25,NA,NA,"Ammotrechidae",1,NA,NA,"not measured","DaFl","5",10
"Gateway",2019-10-25,NA,NA,"Entomobryidae",1,NA,NA,"not measured","DaFl","5",10
"Gateway",2019-10-25,NA,NA,"Solenopsis amblychila",1,NA,NA,"not measured","DaFl","6",10
"Gateway",2019-10-25,NA,NA,"Dorymyrmex insanus",1,NA,NA,"not measured","DaFl","7",10
"Gateway",2019-10-25,NA,NA,"Lepismatidae",1,NA,NA,"not measured","DaFl","8",10
"Gateway",2019-10-25,NA,NA,"Syntomus americanus",1,NA,NA,"not measured","DaFl","8",10
"Gateway",2019-10-25,NA,NA,"Forelius",2,NA,NA,"not measured","DaFl","9",10
"Gateway",2019-10-25,NA,NA,"Psilochorus",1,NA,NA,"not measured","DaFl","9",10
"Gateway",2019-10-25,NA,NA,"Lepismatidae",2,NA,NA,"not measured","DaFl","10",10
"Gateway",2019-10-25,NA,NA,"Solenopsis amblychila",1,NA,NA,"not measured","DaFl","10",10
"Gateway",2019-10-25,NA,NA,"Theridiidae",1,NA,NA,"not measured","DaFl","10",10
"Gateway",2020-01-24,NA,NA,"Chrysomelidae",16,"TRUE",NA,"not measured","DaFl","1",10
"Gateway",2020-01-24,NA,NA,"Cicadellidae",1,"TRUE",NA,"not measured","DaFl","1",10
"Gateway",2020-01-24,NA,NA,"Linyphiidae",1,NA,NA,"not measured","DaFl","1",10
"Gateway",2020-01-24,NA,NA,"Pholcidae",1,NA,NA,"not measured","DaFl","1",10
"Gateway",2020-01-24,NA,NA,"Sminthuridae",1,NA,NA,"not measured","DaFl","1",10
"Gateway",2020-01-24,NA,NA,"Chrysomelidae",3,"TRUE",NA,"not measured","DaFl","2",10
"Gateway",2020-01-24,NA,NA,"Entomobryidae",1,NA,NA,"not measured","DaFl","2",10
"Gateway",2020-01-24,NA,NA,"Mimetus",1,NA,NA,"not measured","DaFl","2",10
"Gateway",2020-01-24,NA,NA,"Steatoda",1,NA,NA,"not measured","DaFl","2",10
"Gateway",2020-01-24,NA,NA,"Bethylidae",1,NA,NA,"not measured","DaFl","3",10
"Gateway",2020-01-24,NA,NA,"Ceraticelus",1,NA,NA,"not measured","DaFl","3",10
"Gateway",2020-01-24,NA,NA,"Chrysomelidae",4,"TRUE",NA,"not measured","DaFl","3",10
"Gateway",2020-01-24,NA,NA,"Coleoptera",1,"TRUE",NA,"not measured","DaFl","3",10
"Gateway",2020-01-24,NA,NA,"Erythraeidae",2,NA,NA,"not measured","DaFl","3",10
"Gateway",2020-01-24,NA,NA,"Phyllotreta",1,NA,NA,"not measured","DaFl","3",10
"Gateway",2020-01-24,NA,NA,"Sminthuridae",1,NA,NA,"not measured","DaFl","3",10
"Gateway",2020-01-24,NA,NA,"Anystoidea",2,NA,NA,"not measured","DaFl","4",10
"Gateway",2020-01-24,NA,NA,"Chrysomelidae",4,"TRUE",NA,"not measured","DaFl","4",10
"Gateway",2020-01-24,NA,NA,"Oribatida",2,NA,NA,"not measured","DaFl","4",10
"Gateway",2020-01-24,NA,NA,"Sminthuridae",1,NA,NA,"not measured","DaFl","4",10
"Gateway",2020-01-24,NA,NA,"Chrysomelidae",6,"TRUE",NA,"not measured","DaFl","5",10
"Gateway",2020-01-24,NA,NA,"Chrysomelidae",6,"TRUE",NA,"not measured","DaFl","6",10
"Gateway",2020-01-24,NA,NA,"Oribatida",3,NA,NA,"not measured","DaFl","6",10
"Gateway",2020-01-24,NA,NA,"Phyllotreta",1,NA,NA,"not measured","DaFl","6",10
"Gateway",2020-01-24,NA,NA,"Sminthuridae",2,NA,NA,"not measured","DaFl","6",10
"Gateway",2020-01-24,NA,NA,"Acari",82,NA,NA,"not measured","DaFl","7",10
"Gateway",2020-01-24,NA,NA,"Anystoidea",1,NA,NA,"not measured","DaFl","7",10
"Gateway",2020-01-24,NA,NA,"Erythraeoidea",1,NA,NA,"not measured","DaFl","7",10
"Gateway",2020-01-24,NA,NA,"Linyphiidae",1,NA,NA,"not measured","DaFl","7",10
"Gateway",2020-01-24,NA,NA,"Meinertellidae",1,NA,NA,"not measured","DaFl","7",10
"Gateway",2020-01-24,NA,NA,"Oribatida",1,NA,NA,"not measured","DaFl","7",10
"Gateway",2020-01-24,NA,NA,"Sminthuridae",4,NA,NA,"not measured","DaFl","7",10
"Gateway",2020-01-24,NA,NA,"Thripidae",1,NA,NA,"not measured","DaFl","7",10
"Gateway",2020-01-24,NA,NA,"Anystoidea",1,NA,NA,"not measured","DaFl","8",10
"Gateway",2020-01-24,NA,NA,"Chrysomelidae",1,"TRUE",NA,"not measured","DaFl","8",10
"Gateway",2020-01-24,NA,NA,"Hemiptera",1,"TRUE",NA,"not measured","DaFl","8",10
"Gateway",2020-01-24,NA,NA,"Isotomidae",1,NA,NA,"not measured","DaFl","8",10
"Gateway",2020-01-24,NA,NA,"Mecinus",1,NA,NA,"not measured","DaFl","8",10
"Gateway",2020-01-24,NA,NA,"Psilochorus",1,NA,NA,"not measured","DaFl","8",10
"Gateway",2020-01-24,NA,NA,"Sminthuridae",1,NA,NA,"not measured","DaFl","8",10
"Gateway",2020-01-24,NA,NA,"Thripidae",1,NA,NA,"not measured","DaFl","8",10
"Gateway",2020-01-24,NA,NA,"Erythraeidae",2,NA,NA,"not measured","DaFl","9",10
"Gateway",2020-01-24,NA,NA,"Phoridae",1,NA,NA,"not measured","DaFl","9",10
"Gateway",2020-01-24,NA,NA,"Solenopsis xyloni",1,NA,NA,"not measured","DaFl","9",10
"Gateway",2020-01-24,NA,NA,"Anystoidea",1,NA,NA,"not measured","DaFl","10",10
"Gateway",2020-01-24,NA,NA,"Chrysomelidae",1,"TRUE",NA,"not measured","DaFl","10",10
"Gateway",2020-01-24,NA,NA,"Erythraeoidea",1,NA,NA,"not measured","DaFl","10",10
"Gateway",2020-01-24,NA,NA,"Hypogastruridae",1,NA,NA,"not measured","DaFl","10",10
"Gateway",2020-01-24,NA,NA,"Ptomaphagus",1,NA,NA,"not measured","DaFl","10",10
"Gateway",2020-01-24,NA,NA,"Theridiidae",1,NA,NA,"not measured","DaFl","10",10
"Gateway",2020-01-24,NA,NA,"Thripidae",1,NA,NA,"not measured","DaFl","10",10
"Gateway",2020-04-24,NA,NA,"Coccinellidae",1,"TRUE",NA,"not measured","DaFl","1",9
"Gateway",2020-04-24,NA,NA,"Curculionidae",5,NA,NA,"not measured","DaFl","1",9
"Gateway",2020-04-24,NA,NA,"Sminthuridae",1,NA,NA,"not measured","DaFl","1",9
"Gateway",2020-04-24,NA,NA,"Staphylinidae",1,"TRUE",NA,"not measured","DaFl","1",9
"Gateway",2020-04-24,NA,NA,"Aphididae",1,NA,NA,"not measured","DaFl","2",9
"Gateway",2020-04-24,NA,NA,"Carabidae",1,"TRUE",NA,"not measured","DaFl","2",9
"Gateway",2020-04-24,NA,NA,"Gnaphosidae",1,NA,NA,"not measured","DaFl","2",9
"Gateway",2020-04-24,NA,NA,"Lepismatidae",1,NA,NA,"not measured","DaFl","2",9
"Gateway",2020-04-24,NA,NA,"Mecinus",1,NA,NA,"not measured","DaFl","2",9
"Gateway",2020-04-24,NA,NA,"Philodromidae",1,NA,NA,"not measured","DaFl","2",9
"Gateway",2020-04-24,NA,NA,"Theridiidae",1,NA,NA,"not measured","DaFl","2",9
"Gateway",2020-04-24,NA,NA,"Tymnes",1,NA,NA,"not measured","DaFl","2",9
"Gateway",2020-04-24,NA,NA,"Anystoidea",1,NA,NA,"not measured","DaFl","3",9
"Gateway",2020-04-24,NA,NA,"Anystoidea",14,NA,NA,"not measured","DaFl","3",9
"Gateway",2020-04-24,NA,NA,"Curculionidae",1,NA,NA,"not measured","DaFl","3",9
"Gateway",2020-04-24,NA,NA,"Entomobryidae",1,NA,NA,"not measured","DaFl","3",9
"Gateway",2020-04-24,NA,NA,"Linyphiidae",1,NA,NA,"not measured","DaFl","3",9
"Gateway",2020-04-24,NA,NA,"Psocodea",2,"TRUE",NA,"not measured","DaFl","3",9
"Gateway",2020-04-24,NA,NA,"Staphylinidae",2,"TRUE",NA,"not measured","DaFl","3",9
"Gateway",2020-04-24,NA,NA,"Tetragonoderus",1,NA,NA,"not measured","DaFl","3",9
"Gateway",2020-04-24,NA,NA,"Ammotrechidae",1,NA,NA,"not measured","DaFl","4",9
"Gateway",2020-04-24,NA,NA,"Anystoidea",3,NA,NA,"not measured","DaFl","4",9
"Gateway",2020-04-24,NA,NA,"Mecinus",1,NA,NA,"not measured","DaFl","4",9
"Gateway",2020-04-24,NA,NA,"Meinertellidae",2,NA,NA,"not measured","DaFl","4",9
"Gateway",2020-04-24,NA,NA,"Myrmosidae",1,NA,NA,"not measured","DaFl","4",9
"Gateway",2020-04-24,NA,NA,"Cicadellidae",1,"TRUE",NA,"not measured","DaFl","5",9
"Gateway",2020-04-24,NA,NA,"Myrmeleontidae",1,"TRUE",NA,"not measured","DaFl","5",9
"Gateway",2020-04-24,NA,NA,"Trombidioidea",1,NA,NA,"not measured","DaFl","5",9
"Gateway",2020-04-24,NA,NA,"Anystoidea",2,NA,NA,"not measured","DaFl","6",9
"Gateway",2020-04-24,NA,NA,"Crabronidae",1,NA,NA,"not measured","DaFl","6",9
"Gateway",2020-04-24,NA,NA,"Crematogaster",1,NA,NA,"not measured","DaFl","6",9
"Gateway",2020-04-24,NA,NA,"Curculionidae",2,NA,NA,"not measured","DaFl","6",9
"Gateway",2020-04-24,NA,NA,"Meinertellidae",1,NA,NA,"not measured","DaFl","6",9
"Gateway",2020-04-24,NA,NA,"Sminthuridae",1,NA,NA,"not measured","DaFl","6",9
"Gateway",2020-04-24,NA,NA,"Aphididae",1,NA,NA,"not measured","DaFl","7",9
"Gateway",2020-04-24,"not collected","trap_not_collected",NA,NA,NA,NA,NA,NA,"8",9
"Gateway",2020-04-24,NA,NA,"Caeculidae",3,NA,NA,"not measured","DaFl","9",9
"Gateway",2020-04-24,"Empty","empty_trap",NA,NA,NA,NA,NA,NA,"10",9
"Gateway",2020-10-22,NA,NA,"Paravaejovis spinigerus",1,NA,NA,"not measured","DaFl","1",8
"Gateway",2020-10-22,NA,NA,"Pheidole",5,NA,NA,"not measured","DaFl","1",8
"Gateway",2020-10-22,NA,NA,"Solenopsis xyloni",1,NA,NA,"not measured","DaFl","1",8
"Gateway",2020-10-22,NA,NA,"Lepismatidae",1,NA,NA,"not measured","DaFl","2",8
"Gateway",2020-10-22,NA,NA,"Pheidole",6,NA,NA,"not measured","DaFl","2",8
"Gateway",2020-10-22,"jar broken in transit","trap_not_collected",NA,NA,NA,NA,NA,NA,"3",8
"Gateway",2020-10-22,NA,NA,"Forelius",1,NA,NA,"not measured","DaFl","4",8
"Gateway",2020-10-22,NA,NA,"Pheidole",1,NA,NA,"not measured","DaFl","4",8
"Gateway",2020-10-22,NA,NA,"Solenopsis xyloni",3,NA,NA,"not measured","DaFl","4",8
"Gateway",2020-10-22,NA,NA,"Solenopsis xyloni",7,NA,NA,"not measured","DaFl","5",8
"Gateway",2020-10-22,"Empty","empty_trap",NA,NA,NA,NA,NA,NA,"6",8
"Gateway",2020-10-22,"empty","empty_trap",NA,NA,NA,NA,NA,NA,"7",8
"Gateway",2020-10-22,NA,NA,"Lepismatidae",1,NA,NA,"not measured","DaFl","8",8
"Gateway",2020-10-22,NA,NA,"Pheidole",1,NA,NA,"not measured","DaFl","8",8
"Gateway",2020-10-22,NA,NA,"Solenopsis xyloni",1,NA,NA,"not measured","DaFl","8",8
"Gateway",2020-10-22,NA,NA,"Anystoidea",1,NA,NA,"not measured","DaFl","9",8
"Gateway",2020-10-22,NA,NA,"Monomorium",2,NA,NA,"not measured","DaFl","9",8
"Gateway",2020-10-22,NA,NA,"Solenopsis xyloni",2,NA,NA,"not measured","DaFl","9",8
"Gateway",2020-10-22,NA,NA,"Tetramorium",1,NA,NA,"not measured","DaFl","9",8
"Gateway",2020-10-22,"jar broken in transit","trap_not_collected",NA,NA,NA,NA,NA,NA,"10",8
"Gateway",2021-01-21,NA,NA,"Erythraeoidea",3,NA,NA,"not measured","DaFl","1",10
"Gateway",2021-01-21,NA,NA,"Nysius",1,NA,NA,"not measured","DaFl","1",10
"Gateway",2021-01-21,NA,NA,"Chalcidoidea",1,NA,NA,"not measured","DaFl","2",10
"Gateway",2021-01-21,NA,NA,"Erythraeoidea",3,NA,NA,"not measured","DaFl","2",10
"Gateway",2021-01-21,NA,NA,"Solenopsis xyloni",2,NA,NA,"not measured","DaFl","2",10
"Gateway",2021-01-21,NA,NA,"Anystoidea",1,NA,NA,"not measured","DaFl","3",10
"Gateway",2021-01-21,NA,NA,"Erythraeoidea",1,NA,NA,"not measured","DaFl","3",10
"Gateway",2021-01-21,NA,NA,"Oribatida",1,NA,NA,"not measured","DaFl","3",10
"Gateway",2021-01-21,NA,NA,"Erythraeoidea",1,NA,NA,"not measured","DaFl","4",10
"Gateway",2021-01-21,NA,NA,"Sminthuridae",2,NA,NA,"not measured","DaFl","4",10
"Gateway",2021-01-21,NA,NA,"Solenopsis xyloni",5,NA,NA,"not measured","DaFl","4",10
"Gateway",2021-01-21,NA,NA,"Erythraeoidea",2,NA,NA,"not measured","DaFl","5",10
"Gateway",2021-01-21,NA,NA,"Psocodea",1,"TRUE",NA,"not measured","DaFl","5",10
"Gateway",2021-01-21,NA,NA,"Erythraeoidea",2,NA,NA,"not measured","DaFl","6",10
"Gateway",2021-01-21,NA,NA,"Erythraeoidea",7,NA,NA,"not measured","DaFl","7",10
"Gateway",2021-01-21,NA,NA,"Sminthuridae",1,NA,NA,"not measured","DaFl","7",10
"Gateway",2021-01-21,NA,NA,"Erythraeoidea",2,NA,NA,"not measured","DaFl","8",10
"Gateway",2021-01-21,NA,NA,"Gnaphosidae",1,NA,NA,"not measured","DaFl","8",10
"Gateway",2021-01-21,NA,NA,"Solenopsis xyloni",2,NA,NA,"not measured","DaFl","8",10
"Gateway",2021-01-21,NA,NA,"Solenopsis xyloni",6,NA,NA,"not measured","DaFl","9",10
"Gateway",2021-01-21,NA,NA,"Solenopsis xyloni",1,NA,NA,"not measured","DaFl","10",10
"Gateway",2021-04-23,"live lizard removed",NA,NA,NA,NA,NA,NA,NA,"1",10
"Gateway",2021-04-23,NA,NA,"Bdellidae",1,NA,NA,"not measured","DaFl","2",10
"Gateway",2021-04-23,NA,NA,"Caeculidae",1,NA,NA,"not measured","DaFl","2",10
"Gateway",2021-04-23,NA,NA,"Sminthuridae",1,NA,NA,"not measured","DaFl","2",10
"Gateway",2021-04-23,NA,NA,"Anystoidea",1,NA,NA,"not measured","DaFl","3",10
"Gateway",2021-04-23,NA,NA,"Lepismatidae",1,NA,NA,"not measured","DaFl","3",10
"Gateway",2021-04-23,NA,NA,"Meinertellidae",1,NA,NA,"not measured","DaFl","3",10
"Gateway",2021-04-23,NA,NA,"Theridiidae",1,NA,NA,"not measured","DaFl","3",10
"Gateway",2021-04-23,NA,NA,"Lepismatidae",1,NA,NA,"not measured","DaFl","4",10
"Gateway",2021-04-23,NA,NA,"Bdellidae",1,NA,NA,"not measured","DaFl","5",10
"Gateway",2021-04-23,"empty","empty_trap",NA,NA,NA,NA,NA,NA,"6",10
"Gateway",2021-04-23,"empty","empty_trap",NA,NA,NA,NA,NA,NA,"7",10
"Gateway",2021-04-23,NA,NA,"Lepismatidae",1,NA,NA,"not measured","DaFl","8",10
"Gateway",2021-04-23,NA,NA,"Meinertellidae",2,NA,NA,"not measured","DaFl","8",10
"Gateway",2021-04-23,NA,NA,"Solenopsis xyloni",1,NA,NA,"not measured","DaFl","8",10
"Gateway",2021-04-23,NA,NA,"Hemiptera",1,"TRUE",NA,"not measured","DaFl","9",10
"Gateway",2021-04-23,NA,NA,"Solenopsis xyloni",1,NA,NA,"not measured","DaFl","9",10
"Gateway",2021-04-23,NA,NA,"Tetramorium",1,NA,NA,"not measured","DaFl","9",10
"Gateway",2021-04-23,"empty","empty_trap",NA,NA,NA,NA,NA,NA,"10",10
"Gateway",2021-10-20,"Jars had dried out",NA,"Eleodes armata",1,"FALSE","FALSE","not measured","DaFl","1",10
"Gateway",2021-10-20,"Jars had dried out",NA,"Melanaethus",1,"FALSE","FALSE","not measured","DaFl","1",10
"Gateway",2021-10-20,"Jars had dried out",NA,"Solenopsis xyloni",2,"FALSE","FALSE","not measured","DaFl","1",10
"Gateway",2021-10-20,"Traps 2 + 4 were combined in field",NA,"Eleodes armata",1,"FALSE","FALSE","not measured","DaFl","2",10
"Gateway",2021-10-20,"Traps 2 + 4 were combined in field",NA,"Hemiptera",4,"FALSE","FALSE","not measured","DaFl","2",10
"Gateway",2021-10-20,NA,NA,"Melanaethus",1,"FALSE","FALSE","not measured","DaFl","3",10
"Gateway",2021-10-20,NA,NA,"Syntomus americanus",2,"FALSE","FALSE","not measured","DaFl","3",10
"Gateway",2021-10-20,NA,"empty_trap",NA,NA,NA,NA,NA,NA,"4",10
"Gateway",2021-10-20,NA,NA,"Psilochorus",1,"FALSE","FALSE","not measured","DaFl","5",10
"Gateway",2021-10-20,NA,NA,"Eleodes armata",1,"FALSE","FALSE","not measured","DaFl","6",10
"Gateway",2021-10-20,NA,NA,"Solenopsis xyloni",2,"FALSE","FALSE","not measured","DaFl","6",10
"Gateway",2021-10-20,NA,NA,"Nocibiotes",1,"FALSE","FALSE","not measured","DaFl","7",10
"Gateway",2021-10-20,NA,NA,"Solenopsis xyloni",7,"FALSE","FALSE","not measured","DaFl","7",10
"Gateway",2021-10-20,NA,NA,"Solenopsis xyloni",15,"FALSE","FALSE","not measured","DaFl","8",10
"Gateway",2021-10-20,NA,NA,"Solenopsis xyloni",3,"FALSE","FALSE","not measured","DaFl","9",10
"Gateway",2021-10-20,NA,NA,"Eleodes armata",5,"FALSE","FALSE","not measured","DaFl","10",10
"Gateway",2021-10-20,NA,NA,"Solenopsis xyloni",150,"FALSE","FALSE","not measured","DaFl","10",10
"Gateway",2022-01-22,NA,NA,"Entomobryidae",1,"FALSE","FALSE","not measured","DaFl","1",10
"Gateway",2022-01-22,NA,NA,"Hemiptera",1,"TRUE","FALSE","not measured","DaFl","1",10
"Gateway",2022-01-22,NA,NA,"Tenebrionidae",1,"FALSE","FALSE","not measured","DaFl","1",10
"Gateway",2022-01-22,NA,"empty_trap",NA,NA,NA,NA,NA,NA,"2",10
"Gateway",2022-01-22,NA,NA,"Entomobryidae",1,"FALSE","FALSE","not measured","DaFl","3",10
"Gateway",2022-01-22,NA,NA,"Hemiptera",1,"FALSE","FALSE","not measured","DaFl","3",10
"Gateway",2022-01-22,NA,NA,"Ptomaphagus",1,"FALSE","FALSE","not measured","DaFl","3",10
"Gateway",2022-01-22,NA,NA,"Solenopsis",2,"FALSE","FALSE","not measured","DaFl","3",10
"Gateway",2022-01-22,NA,NA,"Entomobryidae",1,"FALSE","FALSE","not measured","DaFl","4",10
"Gateway",2022-01-22,NA,NA,"Lepidoptera",1,"TRUE","FALSE","not measured","DaFl","4",10
"Gateway",2022-01-22,NA,NA,"Ptomaphagus",2,"FALSE","FALSE","not measured","DaFl","4",10
"Gateway",2022-01-22,NA,NA,"Solenopsis",1,"FALSE","FALSE","not measured","DaFl","4",10
"Gateway",2022-01-22,NA,NA,"Entomobryidae",1,"FALSE","FALSE","not measured","DaFl","5",10
"Gateway",2022-01-22,NA,NA,"Coleoptera",1,"TRUE","FALSE","not measured","DaFl","6",10
"Gateway",2022-01-22,NA,NA,"Ptomaphagus",1,"FALSE","FALSE","not measured","DaFl","6",10
"Gateway",2022-01-22,NA,NA,"Entomobryidae",1,"FALSE","FALSE","not measured","DaFl","7",10
"Gateway",2022-01-22,NA,NA,"Solenopsis",2,"FALSE","FALSE","not measured","DaFl","7",10
"Gateway",2022-01-22,NA,NA,"Hemiptera",1,"TRUE","FALSE","not measured","DaFl","8",10
"Gateway",2022-01-22,NA,NA,"Hemiptera",1,"TRUE","FALSE","not measured","DaFl","9",10
"Gateway",2022-01-22,NA,NA,"Solenopsis",1,"FALSE","FALSE","not measured","DaFl","9",10
"Gateway",2022-01-22,NA,NA,"Solenopsis xyloni",4,"FALSE","FALSE","not measured","DaFl","10",10
"Gateway",2022-04-21,NA,NA,"Anystoidea",1,"FALSE","FALSE","not measured","DaFl","1",10
"Gateway",2022-04-21,NA,NA,"Bdellidae",1,"FALSE","FALSE","not measured","DaFl","1",10
"Gateway",2022-04-21,NA,NA,"Lepismatidae",2,"FALSE","FALSE","not measured","DaFl","1",10
"Gateway",2022-04-21,NA,NA,"Solenopsis xyloni",5,"FALSE","FALSE","not measured","DaFl","1",10
"Gateway",2022-04-21,NA,NA,"Anystoidea",3,"FALSE","FALSE","not measured","DaFl","2",10
"Gateway",2022-04-21,NA,NA,"Entomobryidae",2,"FALSE","FALSE","not measured","DaFl","2",10
"Gateway",2022-04-21,NA,NA,"Forelius",1,"FALSE","FALSE","not measured","DaFl","2",10
"Gateway",2022-04-21,NA,NA,"Meinertellidae",1,"FALSE","FALSE","not measured","DaFl","2",10
"Gateway",2022-04-21,NA,NA,"Pheidole",1,"FALSE","FALSE","not measured","DaFl","2",10
"Gateway",2022-04-21,NA,NA,"Solenopsis xyloni",1,"FALSE","FALSE","not measured","DaFl","2",10
"Gateway",2022-04-21,NA,NA,"Caeculidae",1,"FALSE","FALSE","not measured","DaFl","3",10
"Gateway",2022-04-21,NA,NA,"Nocibiotes",5,"FALSE","FALSE","not measured","DaFl","3",10
"Gateway",2022-04-21,NA,NA,"Solenopsis xyloni",16,"FALSE","FALSE","not measured","DaFl","3",10
"Gateway",2022-04-21,NA,NA,"Linepithema humile",4,"FALSE","FALSE","not measured","DaFl","4",10
"Gateway",2022-04-21,NA,NA,"Melyridae",1,"FALSE","FALSE","not measured","DaFl","4",10
"Gateway",2022-04-21,NA,NA,"Pheidole",15,"FALSE","FALSE","not measured","DaFl","4",10
"Gateway",2022-04-21,NA,NA,"Solenopsis xyloni",1,"FALSE","FALSE","not measured","DaFl","4",10
"Gateway",2022-04-21,NA,NA,"Carabidae",1,"TRUE","FALSE","not measured","DaFl","5",10
"Gateway",2022-04-21,NA,NA,"Paravaejovis spinigerus",1,"FALSE","FALSE","not measured","DaFl","5",10
"Gateway",2022-04-21,NA,NA,"Solenopsis xyloni",2,"FALSE","FALSE","not measured","DaFl","5",10
"Gateway",2022-04-21,NA,NA,"Caeculidae",1,"FALSE","FALSE","not measured","DaFl","6",10
"Gateway",2022-04-21,NA,NA,"Erythraeoidea",1,"FALSE","FALSE","not measured","DaFl","6",10
"Gateway",2022-04-21,NA,NA,"Forelius",1,"FALSE","FALSE","not measured","DaFl","6",10
"Gateway",2022-04-21,NA,NA,"Meinertellidae",1,"FALSE","FALSE","not measured","DaFl","6",10
"Gateway",2022-04-21,NA,NA,"Salticidae",1,"FALSE","FALSE","not measured","DaFl","6",10
"Gateway",2022-04-21,NA,NA,"Solenopsis xyloni",1,"FALSE","FALSE","not measured","DaFl","6",10
"Gateway",2022-04-21,NA,NA,"Syntomus americanus",1,"FALSE","FALSE","not measured","DaFl","6",10
"Gateway",2022-04-21,NA,NA,"Melyridae",1,"FALSE","FALSE","not measured","DaFl","7",10
"Gateway",2022-04-21,NA,NA,"Tenebrionidae",1,"FALSE","FALSE","not measured","DaFl","7",10
"Gateway",2022-04-21,NA,NA,"Anystoidea",3,"FALSE","FALSE","not measured","DaFl","8",10
"Gateway",2022-04-21,NA,NA,"Solenopsis xyloni",1,"FALSE","FALSE","not measured","DaFl","8",10
"Gateway",2022-04-21,NA,NA,"Thripidae",1,"FALSE","FALSE","not measured","DaFl","8",10
"Gateway",2022-04-21,NA,NA,"Solenopsis xyloni",1,"FALSE","FALSE","not measured","DaFl","9",10
"Gateway",2022-04-21,NA,NA,"Cryptoglossa muricata",1,"FALSE","FALSE","not measured","DaFl","10",10
"Gateway",2022-04-21,NA,NA,"Lepismatidae",2,"FALSE","FALSE","not measured","DaFl","10",10
"Gateway",2022-04-21,NA,NA,"Melanaethus",1,"FALSE","FALSE","not measured","DaFl","10",10
"Gateway",2022-10-18,NA,NA,"Hypogastruridae",12,"FALSE","FALSE","not measured","DaFl","1",10
"Gateway",2022-10-18,NA,NA,"Sminthuridae",57,"FALSE","FALSE","not measured","DaFl","1",10
"Gateway",2022-10-18,NA,NA,"Eleodes armata",1,"FALSE","FALSE","not measured","DaFl","2",10
"Gateway",2022-10-18,NA,NA,"Isopoda",1,"FALSE","FALSE","not measured","DaFl","2",10
"Gateway",2022-10-18,NA,NA,"Solenopsis xyloni",1,"FALSE","FALSE","not measured","DaFl","2",10
"Gateway",2022-10-18,NA,NA,"Steatoda",1,"FALSE","FALSE","not measured","DaFl","2",10
"Gateway",2022-10-18,NA,NA,"Hypogastruridae",5,"FALSE","FALSE","not measured","DaFl","3",10
"Gateway",2022-10-18,NA,NA,"Psilochorus",1,"FALSE","FALSE","not measured","DaFl","3",10
"Gateway",2022-10-18,NA,NA,"Sminthuridae",50,"FALSE","FALSE","not measured","DaFl","3",10
"Gateway",2022-10-18,NA,NA,"Eleodes armata",5,"FALSE","FALSE","not measured","DaFl","4",10
"Gateway",2022-10-18,NA,NA,"Forelius",2,"FALSE","FALSE","not measured","DaFl","4",10
"Gateway",2022-10-18,NA,NA,"Solenopsis xyloni",1,"FALSE","FALSE","not measured","DaFl","4",10
"Gateway",2022-10-18,NA,NA,"Entomobryidae",1,"FALSE","FALSE","not measured","DaFl","5",10
"Gateway",2022-10-18,NA,NA,"Melanaethus",1,"FALSE","FALSE","not measured","DaFl","5",10
"Gateway",2022-10-18,NA,"empty_trap",NA,NA,NA,NA,NA,NA,"6",10
"Gateway",2022-10-18,NA,NA,"Eleodes armata",1,"FALSE","FALSE","not measured","DaFl","7",10
"Gateway",2022-10-18,NA,NA,"Erythraeoidea",1,"FALSE","FALSE","not measured","DaFl","7",10
"Gateway",2022-10-18,NA,NA,"Solenopsis xyloni",3,"FALSE","FALSE","not measured","DaFl","8",10
"Gateway",2022-10-18,NA,NA,"Eleodes armata",1,"FALSE","FALSE","not measured","DaFl","9",10
"Gateway",2022-10-18,NA,NA,"Lepidoptera",1,"TRUE","FALSE","not measured","DaFl","9",10
"Gateway",2022-10-18,NA,NA,"Solenopsis xyloni",1,"FALSE","FALSE","not measured","DaFl","9",10
"Gateway",2022-10-18,NA,NA,"Bdellidae",1,"FALSE","FALSE","not measured","DaFl","10",10
"Gateway",2022-10-18,NA,NA,"Hypogastruridae",8,"FALSE","FALSE","not measured","DaFl","10",10
"Gateway",2022-10-18,NA,NA,"Sminthuridae",169,"FALSE","FALSE","not measured","DaFl","10",10
"Gateway",2022-10-18,NA,NA,"Solenopsis xyloni",2,"FALSE","FALSE","not measured","DaFl","10",10
"Gateway",2023-01-20,"This sample and trap#10 from Bell were combined. Could not differentiate specimens so discarded","trap_not_collected",NA,NA,NA,NA,NA,NA,"1",9
"Gateway",2023-01-20,NA,"empty_trap",NA,NA,NA,NA,NA,NA,"2",9
"Gateway",2023-01-20,NA,"empty_trap",NA,NA,NA,NA,NA,NA,"3",9
"Gateway",2023-01-20,NA,NA,"Hemiptera",1,"TRUE","FALSE","not measured","DaFl","4",9
"Gateway",2023-01-20,NA,NA,"Oribatida",16,"FALSE","FALSE","not measured","DaFl","4",9
"Gateway",2023-01-20,NA,NA,"Oribatida",66,"FALSE","FALSE","not measured","DaFl","5",9
"Gateway",2023-01-20,NA,NA,"Tennesseellum",1,"FALSE","FALSE","not measured","DaFl","5",9
"Gateway",2023-01-20,NA,NA,"Oribatida",3,"FALSE","FALSE","not measured","DaFl","6",9
"Gateway",2023-01-20,NA,NA,"Sminthuridae",1,"FALSE","FALSE","not measured","DaFl","6",9
"Gateway",2023-01-20,NA,NA,"Erythraeoidea",2,"FALSE","FALSE","not measured","DaFl","7",9
"Gateway",2023-01-20,NA,NA,"Oribatida",44,"FALSE","FALSE","not measured","DaFl","7",9
"Gateway",2023-01-20,NA,NA,"Oribatida",21,"FALSE","FALSE","not measured","DaFl","8",9
"Gateway",2023-01-20,NA,NA,"Sminthuridae",1,"FALSE","FALSE","not measured","DaFl","8",9
"Gateway",2023-01-20,NA,NA,"Entomobryidae",1,"FALSE","FALSE","not measured","DaFl","9",9
"Gateway",2023-01-20,NA,NA,"Oribatida",8,"FALSE","FALSE","not measured","DaFl","9",9
"Gateway",2023-01-20,NA,NA,"Oribatida",5,"FALSE","FALSE","not measured","DaFl","10",9
"Gateway",2023-04-21,NA,NA,"Ammotrechidae",1,"FALSE","FALSE","not measured","DaFl","1",10
"Gateway",2023-04-21,NA,NA,"Coccinellidae",1,"TRUE","FALSE","not measured","DaFl","1",10
"Gateway",2023-04-21,NA,NA,"Entomobryidae",2,"FALSE","FALSE","not measured","DaFl","1",10
"Gateway",2023-04-21,NA,NA,"Lepismatidae",1,"FALSE","FALSE","not measured","DaFl","1",10
"Gateway",2023-04-21,NA,NA,"Mecinus",1,"FALSE","FALSE","not measured","DaFl","1",10
"Gateway",2023-04-21,NA,NA,"Meinertellidae",1,"FALSE","FALSE","not measured","DaFl","1",10
"Gateway",2023-04-21,NA,NA,"Philodromidae",1,"FALSE","FALSE","not measured","DaFl","1",10
"Gateway",2023-04-21,NA,NA,"Scaphiella",1,"FALSE","FALSE","not measured","DaFl","1",10
"Gateway",2023-04-21,NA,NA,"Solenopsis xyloni",1,"FALSE","FALSE","not measured","DaFl","1",10
"Gateway",2023-04-21,"Lizard released",NA,"Anystoidea",1,"FALSE","FALSE","not measured","DaFl","2",10
"Gateway",2023-04-21,"Lizard released",NA,"Entomobryidae",3,"FALSE","FALSE","not measured","DaFl","2",10
"Gateway",2023-04-21,NA,NA,"Entomobryidae",1,"FALSE","FALSE","not measured","DaFl","3",10
"Gateway",2023-04-21,NA,NA,"Ophryastes",1,"FALSE","FALSE","not measured","DaFl","3",10
"Gateway",2023-04-21,NA,NA,"Steriphanus",1,"FALSE","FALSE","not measured","DaFl","3",10
"Gateway",2023-04-21,NA,NA,"Anystoidea",1,"FALSE","FALSE","not measured","DaFl","4",10
"Gateway",2023-04-21,NA,NA,"Coccinellidae",1,"TRUE","FALSE","not measured","DaFl","4",10
"Gateway",2023-04-21,NA,NA,"Coleoptera",1,"TRUE","FALSE","not measured","DaFl","4",10
"Gateway",2023-04-21,NA,NA,"Entomobryidae",11,"FALSE","FALSE","not measured","DaFl","4",10
"Gateway",2023-04-21,NA,NA,"Meinertellidae",1,"FALSE","FALSE","not measured","DaFl","4",10
"Gateway",2023-04-21,NA,NA,"Syntomus americanus",1,"FALSE","FALSE","not measured","DaFl","4",10
"Gateway",2023-04-21,NA,NA,"Chyphotes",1,"FALSE","FALSE","not measured","DaFl","5",10
"Gateway",2023-04-21,NA,NA,"Cryptoglossa muricata",1,"FALSE","FALSE","not measured","DaFl","5",10
"Gateway",2023-04-21,NA,NA,"Emblethis",2,"FALSE","FALSE","not measured","DaFl","5",10
"Gateway",2023-04-21,NA,NA,"Entomobryidae",1,"FALSE","FALSE","not measured","DaFl","5",10
"Gateway",2023-04-21,NA,NA,"Forelius",1,"FALSE","FALSE","not measured","DaFl","5",10
"Gateway",2023-04-21,NA,NA,"Hemiptera",11,"TRUE","FALSE","not measured","DaFl","5",10
"Gateway",2023-04-21,NA,NA,"Lepismatidae",1,"FALSE","FALSE","not measured","DaFl","5",10
"Gateway",2023-04-21,NA,NA,"Solenopsis xyloni",41,"FALSE","FALSE","not measured","DaFl","5",10
"Gateway",2023-04-21,NA,NA,"Anystoidea",1,"FALSE","FALSE","not measured","DaFl","6",10
"Gateway",2023-04-21,NA,NA,"Cryptoglossa muricata",1,"FALSE","FALSE","not measured","DaFl","6",10
"Gateway",2023-04-21,NA,NA,"Entomobryidae",2,"FALSE","FALSE","not measured","DaFl","6",10
"Gateway",2023-04-21,NA,NA,"Hemiptera",1,"TRUE","FALSE","not measured","DaFl","6",10
"Gateway",2023-04-21,NA,NA,"Meinertellidae",3,"FALSE","FALSE","not measured","DaFl","6",10
"Gateway",2023-04-21,NA,NA,"Anystoidea",2,"FALSE","FALSE","not measured","DaFl","7",10
"Gateway",2023-04-21,NA,NA,"Caeculidae",1,"FALSE","FALSE","not measured","DaFl","7",10
"Gateway",2023-04-21,NA,NA,"Coleoptera",2,"TRUE","FALSE","not measured","DaFl","7",10
"Gateway",2023-04-21,NA,NA,"Erythraeoidea",2,"FALSE","FALSE","not measured","DaFl","7",10
"Gateway",2023-04-21,NA,NA,"Hemiptera",1,"TRUE","FALSE","not measured","DaFl","7",10
"Gateway",2023-04-21,NA,NA,"Nocibiotes",4,"FALSE","FALSE","not measured","DaFl","7",10
"Gateway",2023-04-21,NA,NA,"Sphaeropthalma",1,"FALSE","FALSE","not measured","DaFl","7",10
"Gateway",2023-04-21,NA,NA,"Triorophus",1,"FALSE","FALSE","not measured","DaFl","7",10
"Gateway",2023-04-21,NA,NA,"Entomobryidae",1,"FALSE","FALSE","not measured","DaFl","8",10
"Gateway",2023-04-21,NA,NA,"Erythraeoidea",1,"FALSE","FALSE","not measured","DaFl","8",10
"Gateway",2023-04-21,NA,NA,"Filistatoides",1,"FALSE","FALSE","not measured","DaFl","8",10
"Gateway",2023-04-21,NA,NA,"Hemiptera",1,"TRUE","FALSE","not measured","DaFl","8",10
"Gateway",2023-04-21,NA,NA,"Meinertellidae",5,"FALSE","FALSE","not measured","DaFl","8",10
"Gateway",2023-04-21,NA,NA,"Nocibiotes",1,"FALSE","FALSE","not measured","DaFl","8",10
"Gateway",2023-04-21,NA,NA,"Solenopsis xyloni",1,"FALSE","FALSE","not measured","DaFl","8",10
"Gateway",2023-04-21,NA,NA,"Entomobryidae",1,"FALSE","FALSE","not measured","DaFl","9",10
"Gateway",2023-04-21,NA,NA,"Meinertellidae",1,"FALSE","FALSE","not measured","DaFl","9",10
"Gateway",2023-04-21,NA,NA,"Nocibiotes",1,"FALSE","FALSE","not measured","DaFl","9",10
"Gateway",2023-04-21,NA,NA,"Psilochorus",1,"FALSE","FALSE","not measured","DaFl","9",10
"Gateway",2023-04-21,NA,NA,"Ammotrechidae",1,"FALSE","FALSE","not measured","DaFl","10",10
"Gateway",2023-04-21,NA,NA,"Chyphotes",1,"FALSE","FALSE","not measured","DaFl","10",10
"Gateway",2023-04-21,NA,NA,"Hemiptera",1,"TRUE","FALSE","not measured","DaFl","10",10
"Gateway",2023-04-21,NA,NA,"Lepismatidae",1,"FALSE","FALSE","not measured","DaFl","10",10
"Gateway",2023-04-21,NA,NA,"Miridae",1,"FALSE","FALSE","not measured","DaFl","10",10
"Gateway",2023-07-29,NA,NA,"Solenopsis xyloni",2,"FALSE","FALSE","not measured","DaFl","1",10
"Gateway",2023-07-29,NA,NA,"Lepismatidae",2,"FALSE","FALSE","not measured","DaFl","2",10
"Gateway",2023-07-29,NA,NA,"Solenopsis xyloni",15,"FALSE","FALSE","not measured","DaFl","2",10
"Gateway",2023-07-29,NA,NA,"Scolopendridae",1,"FALSE","FALSE","not measured","DaFl","3",10
"Gateway",2023-07-29,NA,NA,"Solenopsis xyloni",9,"FALSE","FALSE","not measured","DaFl","3",10
"Gateway",2023-07-29,NA,NA,"Lepismatidae",1,"FALSE","FALSE","not measured","DaFl","4",10
"Gateway",2023-07-29,NA,NA,"Pheidole",2,"FALSE","FALSE","not measured","DaFl","4",10
"Gateway",2023-07-29,NA,NA,"Solenopsis xyloni",4,"FALSE","FALSE","not measured","DaFl","4",10
"Gateway",2023-07-29,NA,"empty_trap",NA,NA,NA,NA,NA,NA,"5",10
"Gateway",2023-07-29,NA,NA,"Lepismatidae",1,"FALSE","FALSE","not measured","DaFl","6",10
"Gateway",2023-07-29,NA,NA,"Solenopsis xyloni",14,"FALSE","FALSE","not measured","DaFl","6",10
"Gateway",2023-07-29,NA,NA,"Eleodes armata",1,"FALSE","FALSE","not measured","DaFl","7",10
"Gateway",2023-07-29,NA,NA,"Solenopsis xyloni",98,"FALSE","FALSE","not measured","DaFl","7",10
"Gateway",2023-07-29,NA,"empty_trap",NA,NA,NA,NA,NA,NA,"8",10
"Gateway",2023-07-29,NA,NA,"Anystoidea",1,"FALSE","FALSE","not measured","DaFl","9",10
"Gateway",2023-07-29,NA,NA,"Lepismatidae",1,"FALSE","FALSE","not measured","DaFl","9",10
"Gateway",2023-07-29,NA,NA,"Pheidole",1,"FALSE","FALSE","not measured","DaFl","9",10
"Gateway",2023-07-29,NA,NA,"Solenopsis xyloni",6,"FALSE","FALSE","not measured","DaFl","9",10
"Gateway",2023-07-29,NA,NA,"Anystoidea",1,"FALSE","FALSE","not measured","DaFl","10",10
"Gateway",2023-07-29,NA,NA,"Eleodes armata",1,"FALSE","FALSE","not measured","DaFl","10",10
"Gateway",2023-07-29,NA,NA,"Solenopsis xyloni",36,"FALSE","FALSE","not measured","DaFl","10",10
"Gateway",2023-10-24,"Labels were written in pen along with another site; couldn't differentiate between the two sites","trap_not_collected",NA,NA,NA,NA,NA,NA,"1",NA
"Gateway",2023-10-24,NA,"trap_not_collected",NA,NA,NA,NA,NA,NA,"2",NA
"Gateway",2023-10-24,NA,"trap_not_collected",NA,NA,NA,NA,NA,NA,"3",NA
"Gateway",2023-10-24,NA,"trap_not_collected",NA,NA,NA,NA,NA,NA,"4",NA
"Gateway",2023-10-24,NA,"trap_not_collected",NA,NA,NA,NA,NA,NA,"5",NA
"Gateway",2023-10-24,NA,"trap_not_collected",NA,NA,NA,NA,NA,NA,"6",NA
"Gateway",2023-10-24,NA,"trap_not_collected",NA,NA,NA,NA,NA,NA,"7",NA
"Gateway",2023-10-24,NA,"trap_not_collected",NA,NA,NA,NA,NA,NA,"8",NA
"Gateway",2023-10-24,NA,"trap_not_collected",NA,NA,NA,NA,NA,NA,"9",NA
"Gateway",2023-10-24,NA,"trap_not_collected",NA,NA,NA,NA,NA,NA,"10",NA
"Gateway",2024-01-27,NA,NA,"Drassyllus",1,"FALSE","FALSE","not measured","DaFl","1",10
"Gateway",2024-01-27,NA,NA,"Erythraeoidea",5,"FALSE","FALSE","not measured","DaFl","2",10
"Gateway",2024-01-27,NA,NA,"Phalangiidae",1,"FALSE","FALSE","not measured","DaFl","2",10
"Gateway",2024-01-27,NA,NA,"Psilochorus",1,"FALSE","FALSE","not measured","DaFl","2",10
"Gateway",2024-01-27,NA,NA,"Erythraeoidea",4,"FALSE","FALSE","not measured","DaFl","3",10
"Gateway",2024-01-27,NA,NA,"Erythraeoidea",4,"FALSE","FALSE","not measured","DaFl","4",10
"Gateway",2024-01-27,NA,NA,"Hypogastruridae",1,"FALSE","FALSE","not measured","DaFl","4",10
"Gateway",2024-01-27,NA,NA,"Solenopsis xyloni",1,"FALSE","FALSE","not measured","DaFl","5",10
"Gateway",2024-01-27,NA,NA,"Dorymyrmex",1,"FALSE","FALSE","not measured","DaFl","6",10
"Gateway",2024-01-27,NA,NA,"Erythraeoidea",6,"FALSE","FALSE","not measured","DaFl","6",10
"Gateway",2024-01-27,NA,NA,"Phalangiidae",1,"FALSE","FALSE","not measured","DaFl","6",10
"Gateway",2024-01-27,NA,NA,"Thripidae",1,"FALSE","FALSE","not measured","DaFl","6",10
"Gateway",2024-01-27,NA,NA,"Ceraticelus",1,"FALSE","FALSE","not measured","DaFl","7",10
"Gateway",2024-01-27,NA,NA,"Drassyllus",1,"FALSE","FALSE","not measured","DaFl","7",10
"Gateway",2024-01-27,NA,NA,"Erythraeoidea",2,"FALSE","FALSE","not measured","DaFl","7",10
"Gateway",2024-01-27,NA,NA,"Hypogastruridae",1,"FALSE","FALSE","not measured","DaFl","7",10
"Gateway",2024-01-27,NA,NA,"Solenopsis xyloni",1,"FALSE","FALSE","not measured","DaFl","7",10
"Gateway",2024-01-27,NA,NA,"Erythraeoidea",1,"FALSE","FALSE","not measured","DaFl","8",10
"Gateway",2024-01-27,NA,NA,"Hypogastruridae",1,"FALSE","FALSE","not measured","DaFl","8",10
"Gateway",2024-01-27,NA,NA,"Erythraeoidea",3,"FALSE","FALSE","not measured","DaFl","9",10
"Gateway",2024-01-27,NA,NA,"Cecidomyiidae",1,"FALSE","FALSE","not measured","DaFl","10",10
"Gateway",2024-01-27,NA,NA,"Erythraeoidea",9,"FALSE","FALSE","not measured","DaFl","10",10
"Gateway",2024-01-27,NA,NA,"Phalangiidae",1,"FALSE","FALSE","not measured","DaFl","10",10
"Gateway",2024-04-17,NA,NA,"Entomobryidae",1,"FALSE","FALSE","not measured","DaFl","1",10
"Gateway",2024-04-17,NA,NA,"Erythraeoidea",2,"FALSE","FALSE","not measured","DaFl","1",10
"Gateway",2024-04-17,NA,NA,"Lepismatidae",1,"FALSE","FALSE","not measured","DaFl","1",10
"Gateway",2024-04-17,NA,NA,"Meinertellidae",6,"FALSE","FALSE","not measured","DaFl","1",10
"Gateway",2024-04-17,NA,NA,"Solenopsis xyloni",1,"FALSE","FALSE","not measured","DaFl","1",10
"Gateway",2024-04-17,NA,NA,"Anystoidea",4,"FALSE","FALSE","not measured","DaFl","2",10
"Gateway",2024-04-17,NA,NA,"Carabidae",2,"TRUE","FALSE","not measured","DaFl","2",10
"Gateway",2024-04-17,NA,NA,"Erythraeoidea",1,"FALSE","FALSE","not measured","DaFl","2",10
"Gateway",2024-04-17,NA,NA,"Meinertellidae",4,"FALSE","FALSE","not measured","DaFl","2",10
"Gateway",2024-04-17,NA,NA,"Nocibiotes",2,"FALSE","FALSE","not measured","DaFl","2",10
"Gateway",2024-04-17,NA,NA,"Theridiidae",1,"FALSE","FALSE","not measured","DaFl","2",10
"Gateway",2024-04-17,NA,NA,"Anystoidea",1,"FALSE","FALSE","not measured","DaFl","3",10
"Gateway",2024-04-17,NA,NA,"Aphis",1,"FALSE","FALSE","not measured","DaFl","3",10
"Gateway",2024-04-17,NA,NA,"Coccinellidae",1,"TRUE","FALSE","not measured","DaFl","3",10
"Gateway",2024-04-17,NA,NA,"Entomobryidae",1,"FALSE","FALSE","not measured","DaFl","3",10
"Gateway",2024-04-17,NA,NA,"Erythraeoidea",3,"FALSE","FALSE","not measured","DaFl","3",10
"Gateway",2024-04-17,NA,NA,"Filistatoides",1,"FALSE","FALSE","not measured","DaFl","3",10
"Gateway",2024-04-17,NA,NA,"Hemiptera",1,"TRUE","FALSE","not measured","DaFl","3",10
"Gateway",2024-04-17,NA,NA,"Lepismatidae",1,"FALSE","FALSE","not measured","DaFl","3",10
"Gateway",2024-04-17,NA,NA,"Mecinus",1,"FALSE","FALSE","not measured","DaFl","3",10
"Gateway",2024-04-17,NA,NA,"Meinertellidae",5,"FALSE","FALSE","not measured","DaFl","3",10
"Gateway",2024-04-17,NA,NA,"Nocibiotes",3,"FALSE","FALSE","not measured","DaFl","3",10
"Gateway",2024-04-17,NA,NA,"Solenopsis",1,"FALSE","FALSE","not measured","DaFl","3",10
"Gateway",2024-04-17,NA,NA,"Theridiidae",1,"FALSE","FALSE","not measured","DaFl","3",10
"Gateway",2024-04-17,NA,NA,"Entomobryidae",1,"FALSE","FALSE","not measured","DaFl","4",10
"Gateway",2024-04-17,NA,NA,"Erythraeoidea",3,"FALSE","FALSE","not measured","DaFl","4",10
"Gateway",2024-04-17,NA,NA,"Lepismatidae",1,"FALSE","FALSE","not measured","DaFl","4",10
"Gateway",2024-04-17,NA,NA,"Psilochorus",1,"FALSE","FALSE","not measured","DaFl","4",10
"Gateway",2024-04-17,NA,NA,"Sminthuridae",2,"FALSE","FALSE","not measured","DaFl","4",10
"Gateway",2024-04-17,NA,NA,"Chyphotes",1,"FALSE","FALSE","not measured","DaFl","5",10
"Gateway",2024-04-17,NA,NA,"Empoasca",1,"FALSE","FALSE","not measured","DaFl","5",10
"Gateway",2024-04-17,NA,NA,"Entomobryidae",3,"FALSE","FALSE","not measured","DaFl","5",10
"Gateway",2024-04-17,NA,NA,"Erythraeoidea",2,"FALSE","FALSE","not measured","DaFl","5",10
"Gateway",2024-04-17,NA,NA,"Forelius",1,"FALSE","FALSE","not measured","DaFl","5",10
"Gateway",2024-04-17,NA,NA,"Hemiptera",2,"TRUE","FALSE","not measured","DaFl","5",10
"Gateway",2024-04-17,NA,NA,"Lepismatidae",4,"FALSE","FALSE","not measured","DaFl","5",10
"Gateway",2024-04-17,NA,NA,"Mecinus",3,"FALSE","FALSE","not measured","DaFl","5",10
"Gateway",2024-04-17,NA,NA,"Meinertellidae",1,"FALSE","FALSE","not measured","DaFl","5",10
"Gateway",2024-04-17,NA,NA,"Phytocoris",1,"FALSE","FALSE","not measured","DaFl","5",10
"Gateway",2024-04-17,NA,NA,"Trombidioidea",1,"FALSE","FALSE","not measured","DaFl","5",10
"Gateway",2024-04-17,NA,NA,"Anystoidea",2,"FALSE","FALSE","not measured","DaFl","6",10
"Gateway",2024-04-17,NA,NA,"Erythraeoidea",3,"FALSE","FALSE","not measured","DaFl","6",10
"Gateway",2024-04-17,NA,NA,"Meinertellidae",1,"FALSE","FALSE","not measured","DaFl","6",10
"Gateway",2024-04-17,NA,NA,"Myrmosula",1,"FALSE","FALSE","not measured","DaFl","6",10
"Gateway",2024-04-17,NA,NA,"Aphididae",1,"FALSE","FALSE","not measured","DaFl","7",10
"Gateway",2024-04-17,NA,NA,"Caeculidae",1,"FALSE","FALSE","not measured","DaFl","7",10
"Gateway",2024-04-17,NA,NA,"Emblethis",1,"FALSE","FALSE","not measured","DaFl","7",10
"Gateway",2024-04-17,NA,NA,"Forelius",1,"FALSE","FALSE","not measured","DaFl","7",10
"Gateway",2024-04-17,NA,NA,"Lepismatidae",3,"FALSE","FALSE","not measured","DaFl","7",10
"Gateway",2024-04-17,NA,NA,"Meinertellidae",5,"FALSE","FALSE","not measured","DaFl","7",10
"Gateway",2024-04-17,NA,NA,"Nocibiotes",3,"FALSE","FALSE","not measured","DaFl","7",10
"Gateway",2024-04-17,NA,NA,"Solenopsis xyloni",6,"FALSE","FALSE","not measured","DaFl","7",10
"Gateway",2024-04-17,NA,NA,"Deltocephalus",1,"FALSE","FALSE","not measured","DaFl","8",10
"Gateway",2024-04-17,NA,NA,"Entomobryidae",1,"FALSE","FALSE","not measured","DaFl","8",10
"Gateway",2024-04-17,NA,NA,"Erythraeoidea",11,"FALSE","FALSE","not measured","DaFl","8",10
"Gateway",2024-04-17,NA,NA,"Meinertellidae",6,"FALSE","FALSE","not measured","DaFl","8",10
"Gateway",2024-04-17,NA,NA,"Theridiidae",1,"FALSE","FALSE","not measured","DaFl","8",10
"Gateway",2024-04-17,NA,NA,"Meinertellidae",2,"FALSE","FALSE","not measured","DaFl","9",10
"Gateway",2024-04-17,NA,NA,"Psocodea",1,"FALSE","FALSE","not measured","DaFl","9",10
"Gateway",2024-04-17,NA,NA,"Thripidae",1,"FALSE","FALSE","not measured","DaFl","9",10
"Gateway",2024-04-17,NA,NA,"Anystoidea",3,"FALSE","FALSE","not measured","DaFl","10",10
"Gateway",2024-04-17,NA,NA,"Erythraeoidea",3,"FALSE","FALSE","not measured","DaFl","10",10
"Gateway",2024-04-17,NA,NA,"Mecinus",1,"FALSE","FALSE","not measured","DaFl","10",10
"Gateway",2024-04-17,NA,NA,"Meinertellidae",5,"FALSE","FALSE","not measured","DaFl","10",10
"Gateway",2024-07-22,NA,NA,"Lepismatidae",1,"FALSE","FALSE","not measured","DaFl","1",10
"Gateway",2024-07-22,NA,NA,"Solenopsis xyloni",5,"FALSE","FALSE","not measured","DaFl","1",10
"Gateway",2024-07-22,NA,NA,"Anystoidea",5,"FALSE","FALSE","not measured","DaFl","2",10
"Gateway",2024-07-22,NA,NA,"Forelius",1,"FALSE","FALSE","not measured","DaFl","2",10
"Gateway",2024-07-22,NA,NA,"Lepismatidae",4,"FALSE","FALSE","not measured","DaFl","2",10
"Gateway",2024-07-22,NA,NA,"Nocibiotes",1,"FALSE","FALSE","not measured","DaFl","2",10
"Gateway",2024-07-22,NA,NA,"Solenopsis xyloni",11,"FALSE","FALSE","not measured","DaFl","2",10
"Gateway",2024-07-22,NA,NA,"Lepismatidae",2,"FALSE","FALSE","not measured","DaFl","3",10
"Gateway",2024-07-22,NA,NA,"Pheidole",2,"FALSE","FALSE","not measured","DaFl","3",10
"Gateway",2024-07-22,NA,NA,"Solenopsis xyloni",3,"FALSE","FALSE","not measured","DaFl","3",10
"Gateway",2024-07-22,NA,NA,"Nocibiotes",1,"FALSE","FALSE","not measured","DaFl","4",10
"Gateway",2024-07-22,NA,NA,"Solenopsis xyloni",22,"FALSE","FALSE","not measured","DaFl","4",10
"Gateway",2024-07-22,NA,NA,"Lepismatidae",1,"FALSE","FALSE","not measured","DaFl","5",10
"Gateway",2024-07-22,NA,NA,"Solenopsis xyloni",8,"FALSE","FALSE","not measured","DaFl","5",10
"Gateway",2024-07-22,NA,NA,"Forelius",1,"FALSE","FALSE","not measured","DaFl","6",10
"Gateway",2024-07-22,NA,NA,"Lepismatidae",10,"FALSE","FALSE","not measured","DaFl","6",10
"Gateway",2024-07-22,NA,NA,"Oxyopes",1,"FALSE","FALSE","not measured","DaFl","6",10
"Gateway",2024-07-22,NA,NA,"Solenopsis xyloni",8,"FALSE","FALSE","not measured","DaFl","6",10
"Gateway",2024-07-22,NA,NA,"Tarsonops",1,"FALSE","FALSE","not measured","DaFl","6",10
"Gateway",2024-07-22,NA,NA,NA,NA,NA,NA,NA,NA,"7",10
"Gateway",2024-07-22,NA,NA,"Lepismatidae",5,"FALSE","FALSE","not measured","DaFl","8",10
"Gateway",2024-07-22,NA,NA,"Solenopsis xyloni",1,"FALSE","FALSE","not measured","DaFl","8",10
"Gateway",2024-07-22,NA,NA,"Lepismatidae",4,"FALSE","FALSE","not measured","DaFl","9",10
"Gateway",2024-07-22,NA,NA,"Solenopsis xyloni",6,"FALSE","FALSE","not measured","DaFl","9",10
"Gateway",2024-07-22,NA,NA,"Steatoda",1,"FALSE","FALSE","not measured","DaFl","9",10
"Gateway",2024-07-22,NA,NA,"Lepismatidae",1,"FALSE","FALSE","not measured","DaFl","10",10
"Gateway",2024-07-22,NA,NA,"Solenopsis xyloni",8,"FALSE","FALSE","not measured","DaFl","10",10
"Gateway",2024-10-24,NA,NA,"Lepismatidae",1,"FALSE","FALSE","not measured","DaFl","1",10
"Gateway",2024-10-24,NA,NA,"Nocibiotes",1,"FALSE","FALSE","not measured","DaFl","1",10
"Gateway",2024-10-24,NA,NA,"Solenopsis xyloni",22,"FALSE","FALSE","not measured","DaFl","1",10
"Gateway",2024-10-24,NA,NA,"Thinoxenus",1,"FALSE","FALSE","not measured","DaFl","1",10
"Gateway",2024-10-24,NA,NA,"Ammotrechidae",2,"FALSE","FALSE","not measured","DaFl","2",10
"Gateway",2024-10-24,NA,NA,"Anystoidea",1,"FALSE","FALSE","not measured","DaFl","2",10
"Gateway",2024-10-24,NA,NA,"Cononotus",1,"FALSE","FALSE","not measured","DaFl","2",10
"Gateway",2024-10-24,NA,NA,"Lepismatidae",4,"FALSE","FALSE","not measured","DaFl","2",10
"Gateway",2024-10-24,NA,NA,"Nocibiotes",1,"FALSE","FALSE","not measured","DaFl","2",10
"Gateway",2024-10-24,NA,NA,"Solenopsis xyloni",6,"FALSE","FALSE","not measured","DaFl","2",10
"Gateway",2024-10-24,NA,NA,"Ammotrechidae",1,"FALSE","FALSE","not measured","DaFl","3",10
"Gateway",2024-10-24,NA,NA,"Nocibiotes",1,"FALSE","FALSE","not measured","DaFl","3",10
"Gateway",2024-10-24,NA,NA,"Solenopsis xyloni",1,"FALSE","FALSE","not measured","DaFl","3",10
"Gateway",2024-10-24,NA,NA,"Entomobryidae",3,"FALSE","FALSE","not measured","DaFl","4",10
"Gateway",2024-10-24,NA,NA,"Lepismatidae",1,"FALSE","FALSE","not measured","DaFl","4",10
"Gateway",2024-10-24,NA,NA,"Nocibiotes",1,"FALSE","FALSE","not measured","DaFl","4",10
"Gateway",2024-10-24,NA,NA,"Solenopsis xyloni",9,"FALSE","FALSE","not measured","DaFl","4",10
"Gateway",2024-10-24,NA,NA,"Trombidioidea",1,"FALSE","FALSE","not measured","DaFl","4",10
"Gateway",2024-10-24,NA,NA,"Anystoidea",1,"FALSE","FALSE","not measured","DaFl","5",10
"Gateway",2024-10-24,NA,NA,"Entomobryidae",4,"FALSE","FALSE","not measured","DaFl","5",10
"Gateway",2024-10-24,NA,NA,"Forelius",3,"FALSE","FALSE","not measured","DaFl","5",10
"Gateway",2024-10-24,NA,NA,"Lepismatidae",1,"FALSE","FALSE","not measured","DaFl","5",10
"Gateway",2024-10-24,NA,NA,"Nocibiotes",2,"FALSE","FALSE","not measured","DaFl","5",10
"Gateway",2024-10-24,NA,NA,"Sminthuridae",1,"FALSE","FALSE","not measured","DaFl","5",10
"Gateway",2024-10-24,NA,NA,"Solenopsis xyloni",22,"FALSE","FALSE","not measured","DaFl","5",10
"Gateway",2024-10-24,NA,NA,"Entomobryidae",1,"FALSE","FALSE","not measured","DaFl","6",10
"Gateway",2024-10-24,NA,NA,"Lepismatidae",2,"FALSE","FALSE","not measured","DaFl","6",10
"Gateway",2024-10-24,NA,NA,"Nocibiotes",1,"FALSE","FALSE","not measured","DaFl","6",10
"Gateway",2024-10-24,NA,NA,"Pheidole",1,"FALSE","FALSE","not measured","DaFl","6",10
"Gateway",2024-10-24,NA,NA,"Sminthuridae",5,"FALSE","FALSE","not measured","DaFl","6",10
"Gateway",2024-10-24,NA,NA,"Solenopsis xyloni",4,"FALSE","FALSE","not measured","DaFl","6",10
"Gateway",2024-10-24,NA,NA,"Anystoidea",1,"FALSE","FALSE","not measured","DaFl","7",10
"Gateway",2024-10-24,NA,NA,"Entomobryidae",1,"FALSE","FALSE","not measured","DaFl","7",10
"Gateway",2024-10-24,NA,NA,"Lepismatidae",1,"FALSE","FALSE","not measured","DaFl","7",10
"Gateway",2024-10-24,NA,NA,"Nocibiotes",1,"FALSE","FALSE","not measured","DaFl","7",10
"Gateway",2024-10-24,NA,NA,"Solenopsis xyloni",34,"FALSE","FALSE","not measured","DaFl","7",10
"Gateway",2024-10-24,NA,NA,"Anystoidea",2,"FALSE","FALSE","not measured","DaFl","8",10
"Gateway",2024-10-24,NA,NA,"Entomobryidae",8,"FALSE","FALSE","not measured","DaFl","8",10
"Gateway",2024-10-24,NA,NA,"Forelius",2,"FALSE","FALSE","not measured","DaFl","8",10
"Gateway",2024-10-24,NA,NA,"Solenopsis xyloni",3,"FALSE","FALSE","not measured","DaFl","8",10
"Gateway",2024-10-24,NA,NA,"Entomobryidae",2,"FALSE","FALSE","not measured","DaFl","9",10
"Gateway",2024-10-24,NA,NA,"Solenopsis xyloni",1,"FALSE","FALSE","not measured","DaFl","9",10
"Gateway",2024-10-24,NA,NA,"Ammotrechidae",1,"FALSE","FALSE","not measured","DaFl","10",10
"Gateway",2024-10-24,NA,NA,"Entomobryidae",6,"FALSE","FALSE","not measured","DaFl","10",10
"Gateway",2024-10-24,NA,NA,"Forelius",5,"FALSE","FALSE","not measured","DaFl","10",10
"Gateway",2024-10-24,NA,NA,"Paravaejovis spinigerus",1,"FALSE","FALSE","not measured","DaFl","10",10
"Gateway",2024-10-24,NA,NA,"Solenopsis xyloni",3,"FALSE","FALSE","not measured","DaFl","10",10
"Gateway",2025-01-19,NA,NA,"Hypogastruridae",1,"FALSE","FALSE","not measured","DaFl","1",10
"Gateway",2025-01-19,NA,NA,"Solenopsis xyloni",1,"FALSE","FALSE","not measured","DaFl","1",10
"Gateway",2025-01-19,NA,NA,"Tarsonops systematicus",1,"FALSE","FALSE","not measured","DaFl","1",10
"Gateway",2025-01-19,NA,"empty_trap",NA,NA,NA,NA,NA,NA,"2",10
"Gateway",2025-01-19,NA,"empty_trap",NA,NA,NA,NA,NA,NA,"3",10
"Gateway",2025-01-19,NA,NA,"Solenopsis xyloni",1,"FALSE","FALSE","not measured","DaFl","4",10
"Gateway",2025-01-19,NA,"empty_trap",NA,NA,NA,NA,NA,NA,"5",10
"Gateway",2025-01-19,NA,NA,"Triorophus",1,"FALSE","FALSE","not measured","DaFl","6",10
"Gateway",2025-01-19,NA,NA,"Gnaphosidae",1,"FALSE","FALSE","not measured","DaFl","7",10
"Gateway",2025-01-19,NA,NA,"Solenopsis xyloni",2,"FALSE","FALSE","not measured","DaFl","7",10
"Gateway",2025-01-19,NA,"empty_trap",NA,NA,NA,NA,NA,NA,"8",10
"Gateway",2025-01-19,NA,NA,"Solenopsis xyloni",1,"FALSE","FALSE","not measured","DaFl","9",10
"Gateway",2025-01-19,NA,NA,"Miridae",1,"FALSE","FALSE","not measured","DaFl","10",10
"Gateway",2025-01-19,NA,NA,"Solenopsis xyloni",2,"FALSE","FALSE","not measured","DaFl","10",10
"Gateway",2025-01-19,NA,NA,"Termitidae",1,"FALSE","FALSE","not measured","DaFl","10",10
"LoneMtn",2012-02-23,NA,NA,"Acari",3,NA,NA,"not measured","ChAl","1",10
"LoneMtn",2012-02-23,NA,NA,"Aphididae",1,NA,NA,"not measured","ChAl","1",10
"LoneMtn",2012-02-23,NA,NA,"Entomobryidae",4,NA,NA,"not measured","ChAl","1",10
"LoneMtn",2012-02-23,NA,NA,"Isotomidae",1,NA,NA,"not measured","ChAl","1",10
"LoneMtn",2012-02-23,NA,NA,"Myrmecocystus",2,NA,NA,"not measured","ChAl","1",10
"LoneMtn",2012-02-23,NA,NA,"Pheidole xerophila",1,NA,NA,"not measured","ChAl","1",10
"LoneMtn",2012-02-23,NA,NA,"Ptomaphagus",1,NA,NA,"not measured","ChAl","1",10
"LoneMtn",2012-02-23,NA,NA,"Sminthuridae",2,NA,NA,"not measured","ChAl","1",10
"LoneMtn",2012-02-23,NA,NA,"Acari",2,NA,NA,"not measured","ChAl","2",10
"LoneMtn",2012-02-23,NA,NA,"Aphididae",1,NA,NA,"not measured","ChAl","2",10
"LoneMtn",2012-02-23,NA,NA,"Cicadellidae",1,"TRUE",NA,"not measured","ChAl","2",10
"LoneMtn",2012-02-23,NA,NA,"Eupelmidae",1,NA,NA,"not measured","ChAl","2",10
"LoneMtn",2012-02-23,NA,NA,"Lepidoptera",1,"TRUE",NA,"not measured","ChAl","2",10
"LoneMtn",2012-02-23,NA,NA,"Ptomaphagus",3,NA,NA,"not measured","ChAl","2",10
"LoneMtn",2012-02-23,NA,NA,"Acari",1,NA,NA,"not measured","ChAl","3",10
"LoneMtn",2012-02-23,NA,NA,"Entomobryidae",1,NA,NA,"not measured","ChAl","3",10
"LoneMtn",2012-02-23,NA,NA,"Myrmecocystus",3,NA,NA,"not measured","ChAl","3",10
"LoneMtn",2012-02-23,NA,NA,"Opiliones",1,NA,NA,"not measured","ChAl","3",10
"LoneMtn",2012-02-23,NA,NA,"Ptomaphagus",1,NA,NA,"not measured","ChAl","3",10
"LoneMtn",2012-02-23,NA,NA,"Acari",4,NA,NA,"not measured","ChAl","4",10
"LoneMtn",2012-02-23,NA,NA,"Aphididae",1,NA,NA,"not measured","ChAl","4",10
"LoneMtn",2012-02-23,NA,NA,"Diptera",1,NA,NA,"not measured","ChAl","4",10
"LoneMtn",2012-02-23,NA,NA,"Empididae",1,NA,NA,"not measured","ChAl","4",10
"LoneMtn",2012-02-23,NA,NA,"Entomobryidae",2,NA,NA,"not measured","ChAl","4",10
"LoneMtn",2012-02-23,NA,NA,"Lepidoptera",1,NA,NA,"not measured","ChAl","4",10
"LoneMtn",2012-02-23,NA,NA,"Myrmecocystus",5,NA,NA,"not measured","ChAl","4",10
"LoneMtn",2012-02-23,NA,NA,"Pheidole xerophila",1,NA,NA,"not measured","ChAl","4",10
"LoneMtn",2012-02-23,NA,NA,"Psocodea",1,"TRUE",NA,"not measured","ChAl","4",10
"LoneMtn",2012-02-23,NA,NA,"Ptomaphagus",2,NA,NA,"not measured","ChAl","4",10
"LoneMtn",2012-02-23,NA,NA,"Thripidae",1,NA,NA,"not measured","ChAl","4",10
"LoneMtn",2012-02-23,NA,NA,"Xysticus",1,NA,NA,"not measured","ChAl","4",10
"LoneMtn",2012-02-23,NA,NA,"Acari",1,NA,NA,"not measured","ChAl","5",10
"LoneMtn",2012-02-23,NA,NA,"Alopecosa",1,NA,NA,"not measured","ChAl","5",10
"LoneMtn",2012-02-23,NA,NA,"Aphididae",1,NA,NA,"not measured","ChAl","5",10
"LoneMtn",2012-02-23,NA,NA,"Entomobryidae",2,NA,NA,"not measured","ChAl","5",10
"LoneMtn",2012-02-23,NA,NA,"Linyphiidae",1,NA,NA,"not measured","ChAl","5",10
"LoneMtn",2012-02-23,NA,NA,"Myrmecocystus",6,NA,NA,"not measured","ChAl","5",10
"LoneMtn",2012-02-23,NA,NA,"Ptomaphagus",1,NA,NA,"not measured","ChAl","5",10
"LoneMtn",2012-02-23,NA,NA,"Sminthuridae",1,NA,NA,"not measured","ChAl","5",10
"LoneMtn",2012-02-23,NA,NA,"Acari",11,NA,NA,"not measured","ChAl","6",10
"LoneMtn",2012-02-23,NA,NA,"Aphididae",1,NA,NA,"not measured","ChAl","6",10
"LoneMtn",2012-02-23,NA,NA,"Cicadellidae",3,"TRUE",NA,"not measured","ChAl","6",10
"LoneMtn",2012-02-23,NA,NA,"Entomobryidae",3,NA,NA,"not measured","ChAl","6",10
"LoneMtn",2012-02-23,NA,NA,"Forelius pruinosus",1,NA,NA,"not measured","ChAl","6",10
"LoneMtn",2012-02-23,NA,NA,"Myrmecocystus",5,NA,NA,"not measured","ChAl","6",10
"LoneMtn",2012-02-23,NA,NA,"Acari",1,NA,NA,"not measured","ChAl","7",10
"LoneMtn",2012-02-23,NA,NA,"Cicadellidae",2,"TRUE",NA,"not measured","ChAl","7",10
"LoneMtn",2012-02-23,NA,NA,"Entomobryidae",1,NA,NA,"not measured","ChAl","7",10
"LoneMtn",2012-02-23,NA,NA,"Isotomidae",1,NA,NA,"not measured","ChAl","7",10
"LoneMtn",2012-02-23,NA,NA,"Myrmecocystus",3,NA,NA,"not measured","ChAl","7",10
"LoneMtn",2012-02-23,NA,NA,"Rhaphidophorinae",1,NA,NA,"not measured","ChAl","7",10
"LoneMtn",2012-02-23,NA,NA,"Solifugae",1,NA,NA,"not measured","ChAl","7",10
"LoneMtn",2012-02-23,NA,NA,"Acari",5,NA,NA,"not measured","ChAl","8",10
"LoneMtn",2012-02-23,NA,NA,"Aphididae",2,NA,NA,"not measured","ChAl","8",10
"LoneMtn",2012-02-23,NA,NA,"Empididae",1,NA,NA,"not measured","ChAl","8",10
"LoneMtn",2012-02-23,NA,NA,"Entomobryidae",3,NA,NA,"not measured","ChAl","8",10
"LoneMtn",2012-02-23,NA,NA,"Hemiptera",2,"TRUE",NA,"not measured","ChAl","8",10
"LoneMtn",2012-02-23,NA,NA,"Ptomaphagus",2,NA,NA,"not measured","ChAl","8",10
"LoneMtn",2012-02-23,NA,NA,"Staphylinidae",1,NA,NA,"not measured","ChAl","8",10
"LoneMtn",2012-02-23,NA,NA,"Entomobryidae",3,NA,NA,"not measured","ChAl","9",10
"LoneMtn",2012-02-23,NA,NA,"Myrmecocystus",1,NA,NA,"not measured","ChAl","9",10
"LoneMtn",2012-02-23,NA,NA,"Acari",2,NA,NA,"not measured","ChAl","10",10
"LoneMtn",2012-02-23,NA,NA,"Cicadellidae",2,"TRUE",NA,"not measured","ChAl","10",10
"LoneMtn",2012-02-23,NA,NA,"Entomobryidae",1,NA,NA,"not measured","ChAl","10",10
"LoneMtn",2012-02-23,NA,NA,"Myrmecocystus",4,NA,NA,"not measured","ChAl","10",10
"LoneMtn",2012-02-23,NA,NA,"Pheidole",1,NA,NA,"not measured","ChAl","10",10
"LoneMtn",2012-02-23,NA,NA,"Pheidole xerophila",2,NA,NA,"not measured","ChAl","10",10
"LoneMtn",2012-02-23,NA,NA,"Rhaphidophorinae",1,NA,NA,"not measured","ChAl","10",10
"LoneMtn",2012-04-26,"Water in all traps from rain previous night and that morning; Preserved with 99% isopropyl alcohol and tap water.",NA,"Coccoidea",1,NA,NA,"not measured","ChAl","1",10
"LoneMtn",2012-04-26,"Water in all traps from rain previous night and that morning; Preserved with 99% isopropyl alcohol and tap water.",NA,"Forelius pruinosus",2,NA,NA,"not measured","ChAl","1",10
"LoneMtn",2012-04-26,"Water in all traps from rain previous night and that morning; Preserved with 99% isopropyl alcohol and tap water.",NA,"Novomessor cockerelli",20,NA,NA,"not measured","ChAl","1",10
"LoneMtn",2012-04-26,"Water in all traps from rain previous night and that morning; Preserved with 99% isopropyl alcohol and tap water.",NA,"Pheidole xerophila",54,NA,NA,"not measured","ChAl","1",10
"LoneMtn",2012-04-26,"Water in all traps from rain previous night and that morning; Preserved with 99% isopropyl alcohol and tap water.",NA,"Acari",17,NA,NA,"not measured","ChAl","2",10
"LoneMtn",2012-04-26,"Water in all traps from rain previous night and that morning; Preserved with 99% isopropyl alcohol and tap water.",NA,"Araneidae",1,NA,NA,"not measured","ChAl","2",10
"LoneMtn",2012-04-26,"Water in all traps from rain previous night and that morning; Preserved with 99% isopropyl alcohol and tap water.",NA,"Coccoidea",1,NA,NA,"not measured","ChAl","2",10
"LoneMtn",2012-04-26,"Water in all traps from rain previous night and that morning; Preserved with 99% isopropyl alcohol and tap water.",NA,"Crematogaster",1,NA,NA,"not measured","ChAl","2",10
"LoneMtn",2012-04-26,"Water in all traps from rain previous night and that morning; Preserved with 99% isopropyl alcohol and tap water.",NA,"Entomobryidae",1,NA,NA,"not measured","ChAl","2",10
"LoneMtn",2012-04-26,"Water in all traps from rain previous night and that morning; Preserved with 99% isopropyl alcohol and tap water.",NA,"Myrmecocystus",3,NA,NA,"not measured","ChAl","2",10
"LoneMtn",2012-04-26,"Water in all traps from rain previous night and that morning; Preserved with 99% isopropyl alcohol and tap water.",NA,"Novomessor cockerelli",1,NA,NA,"not measured","ChAl","2",10
"LoneMtn",2012-04-26,"Water in all traps from rain previous night and that morning; Preserved with 99% isopropyl alcohol and tap water.",NA,"Pheidole xerophila",1,NA,NA,"not measured","ChAl","2",10
"LoneMtn",2012-04-26,"Water in all traps from rain previous night and that morning; Preserved with 99% isopropyl alcohol and tap water.",NA,"Thripidae",1,NA,NA,"not measured","ChAl","2",10
"LoneMtn",2012-04-26,"Water in all traps from rain previous night and that morning; Preserved with 99% isopropyl alcohol and tap water.",NA,"Forelius pruinosus",2,NA,NA,"not measured","ChAl","3",10
"LoneMtn",2012-04-26,"Water in all traps from rain previous night and that morning; Preserved with 99% isopropyl alcohol and tap water.",NA,"Meinertellidae",1,NA,NA,"not measured","ChAl","3",10
"LoneMtn",2012-04-26,"Water in all traps from rain previous night and that morning; Preserved with 99% isopropyl alcohol and tap water.",NA,"Paratrechina",1,NA,NA,"not measured","ChAl","3",10
"LoneMtn",2012-04-26,"Water in all traps from rain previous night and that morning; Preserved with 99% isopropyl alcohol and tap water.",NA,"Tetramorium",1,NA,NA,"not measured","ChAl","3",10
"LoneMtn",2012-04-26,"Water in all traps from rain previous night and that morning; Preserved with 99% isopropyl alcohol and tap water.",NA,"Habronattus",1,NA,NA,"not measured","ChAl","4",10
"LoneMtn",2012-04-26,"Water in all traps from rain previous night and that morning; Preserved with 99% isopropyl alcohol and tap water.",NA,"Novomessor cockerelli",1,NA,NA,"not measured","ChAl","4",10
"LoneMtn",2012-04-26,"Water in all traps from rain previous night and that morning; Preserved with 99% isopropyl alcohol and tap water.",NA,"Pogonomyrmex rugosus",3,NA,NA,"not measured","ChAl","4",10
"LoneMtn",2012-04-26,"Water in all traps from rain previous night and that morning; Preserved with 99% isopropyl alcohol and tap water.",NA,"Solenopsis amblychila",1,NA,NA,"not measured","ChAl","4",10
"LoneMtn",2012-04-26,"Water in all traps from rain previous night and that morning; Preserved with 99% isopropyl alcohol and tap water.",NA,"Acari",6,NA,NA,"not measured","ChAl","5",10
"LoneMtn",2012-04-26,"Water in all traps from rain previous night and that morning; Preserved with 99% isopropyl alcohol and tap water.",NA,"Entomobryidae",1,NA,NA,"not measured","ChAl","5",10
"LoneMtn",2012-04-26,"Water in all traps from rain previous night and that morning; Preserved with 99% isopropyl alcohol and tap water.",NA,"Hypogastruridae",1,NA,NA,"not measured","ChAl","5",10
"LoneMtn",2012-04-26,"Water in all traps from rain previous night and that morning; Preserved with 99% isopropyl alcohol and tap water.",NA,"Isopoda",1,NA,NA,"not measured","ChAl","5",10
"LoneMtn",2012-04-26,"Water in all traps from rain previous night and that morning; Preserved with 99% isopropyl alcohol and tap water.",NA,"Novomessor cockerelli",4,NA,NA,"not measured","ChAl","5",10
"LoneMtn",2012-04-26,"Water in all traps from rain previous night and that morning; Preserved with 99% isopropyl alcohol and tap water.",NA,"Pheidole xerophila",1,NA,NA,"not measured","ChAl","5",10
"LoneMtn",2012-04-26,"Water in all traps from rain previous night and that morning; Preserved with 99% isopropyl alcohol and tap water.",NA,"Pteromalidae",1,NA,NA,"not measured","ChAl","5",10
"LoneMtn",2012-04-26,"Water in all traps from rain previous night and that morning; Preserved with 99% isopropyl alcohol and tap water.",NA,"Xysticus",1,NA,NA,"not measured","ChAl","5",10
"LoneMtn",2012-04-26,"Water in all traps from rain previous night and that morning; Preserved with 99% isopropyl alcohol and tap water.",NA,"Pheidole xerophila",4,NA,NA,"not measured","ChAl","6",10
"LoneMtn",2012-04-26,"Water in all traps from rain previous night and that morning; Preserved with 99% isopropyl alcohol and tap water.",NA,"Tetramorium",1,NA,NA,"not measured","ChAl","6",10
"LoneMtn",2012-04-26,"Water in all traps from rain previous night and that morning; Preserved with 99% isopropyl alcohol and tap water.",NA,"Novomessor cockerelli",2,NA,NA,"not measured","ChAl","7",10
"LoneMtn",2012-04-26,"Water in all traps from rain previous night and that morning; Preserved with 99% isopropyl alcohol and tap water.",NA,"Pogonomyrmex",3,NA,NA,"not measured","ChAl","7",10
"LoneMtn",2012-04-26,"Water in all traps from rain previous night and that morning; Preserved with 99% isopropyl alcohol and tap water.",NA,"Acari",5,NA,NA,"not measured","ChAl","8",10
"LoneMtn",2012-04-26,"Water in all traps from rain previous night and that morning; Preserved with 99% isopropyl alcohol and tap water.",NA,"Araeoschizus",1,NA,NA,"between 2 and 5 mm","ChAl","8",10
"LoneMtn",2012-04-26,"Water in all traps from rain previous night and that morning; Preserved with 99% isopropyl alcohol and tap water.",NA,"Entomobryidae",3,NA,NA,"not measured","ChAl","8",10
"LoneMtn",2012-04-26,"Water in all traps from rain previous night and that morning; Preserved with 99% isopropyl alcohol and tap water.",NA,"Nocibiotes",1,NA,NA,"between 2 and 5 mm","ChAl","8",10
"LoneMtn",2012-04-26,"Water in all traps from rain previous night and that morning; Preserved with 99% isopropyl alcohol and tap water.",NA,"Pheidole xerophila",1,NA,NA,"not measured","ChAl","8",10
"LoneMtn",2012-04-26,"Water in all traps from rain previous night and that morning; Preserved with 99% isopropyl alcohol and tap water.",NA,"Phlaeothripidae",1,NA,NA,"not measured","ChAl","8",10
"LoneMtn",2012-04-26,"Water in all traps from rain previous night and that morning; Preserved with 99% isopropyl alcohol and tap water.",NA,"Pogonomyrmex rugosus",1,NA,NA,"not measured","ChAl","8",10
"LoneMtn",2012-04-26,"Water in all traps from rain previous night and that morning; Preserved with 99% isopropyl alcohol and tap water.",NA,"Ptomaphagus",1,NA,NA,"not measured","ChAl","8",10
"LoneMtn",2012-04-26,"Water in all traps from rain previous night and that morning; Preserved with 99% isopropyl alcohol and tap water.",NA,"Sminthuridae",1,NA,NA,"not measured","ChAl","8",10
"LoneMtn",2012-04-26,"Water in all traps from rain previous night and that morning; Preserved with 99% isopropyl alcohol and tap water.",NA,"Thripidae",1,NA,NA,"not measured","ChAl","8",10
"LoneMtn",2012-04-26,"Water in all traps from rain previous night and that morning; Preserved with 99% isopropyl alcohol and tap water.",NA,"Acari",5,NA,NA,"not measured","ChAl","9",10
"LoneMtn",2012-04-26,"Water in all traps from rain previous night and that morning; Preserved with 99% isopropyl alcohol and tap water.",NA,"Entomobryidae",3,NA,NA,"not measured","ChAl","9",10
"LoneMtn",2012-04-26,"Water in all traps from rain previous night and that morning; Preserved with 99% isopropyl alcohol and tap water.",NA,"Gnaphosidae",1,NA,NA,"not measured","ChAl","9",10
"LoneMtn",2012-04-26,"Water in all traps from rain previous night and that morning; Preserved with 99% isopropyl alcohol and tap water.",NA,"Pheidole xerophila",4,NA,NA,"not measured","ChAl","9",10
"LoneMtn",2012-04-26,"Water in all traps from rain previous night and that morning; Preserved with 99% isopropyl alcohol and tap water.",NA,"Pogonomyrmex rugosus",5,NA,NA,"not measured","ChAl","9",10
"LoneMtn",2012-04-26,"Water in all traps from rain previous night and that morning; Preserved with 99% isopropyl alcohol and tap water.",NA,"Forelius pruinosus",2,NA,NA,"not measured","ChAl","10",10
"LoneMtn",2012-04-26,"Water in all traps from rain previous night and that morning; Preserved with 99% isopropyl alcohol and tap water.",NA,"Pheidole",1,NA,NA,"not measured","ChAl","10",10
"LoneMtn",2012-04-26,"Water in all traps from rain previous night and that morning; Preserved with 99% isopropyl alcohol and tap water.",NA,"Pheidole xerophila",19,NA,NA,"not measured","ChAl","10",10
"LoneMtn",2012-04-26,"Water in all traps from rain previous night and that morning; Preserved with 99% isopropyl alcohol and tap water.",NA,"Pogonomyrmex rugosus",9,NA,NA,"not measured","ChAl","10",10
"LoneMtn",2012-04-26,"Water in all traps from rain previous night and that morning; Preserved with 99% isopropyl alcohol and tap water.",NA,"Solenopsis amblychila",2,NA,NA,"not measured","ChAl","10",10
"LoneMtn",2012-07-27,NA,NA,"Caeculidae",5,NA,NA,"not measured","ChAl","1",10
"LoneMtn",2012-07-27,NA,NA,"Novomessor cockerelli",7,NA,NA,"not measured","ChAl","1",10
"LoneMtn",2012-07-27,NA,NA,"Pheidole",2,NA,NA,"not measured","ChAl","1",10
"LoneMtn",2012-07-27,NA,NA,"Pogonomyrmex rugosus",8,NA,NA,"not measured","ChAl","1",10
"LoneMtn",2012-07-27,NA,NA,"Sminthuridae",1,NA,NA,"not measured","ChAl","1",10
"LoneMtn",2012-07-27,NA,NA,"Caeculidae",1,NA,NA,"not measured","ChAl","2",10
"LoneMtn",2012-07-27,NA,NA,"Hypogastruridae",1,NA,NA,"not measured","ChAl","2",10
"LoneMtn",2012-07-27,NA,NA,"Isopoda",1,NA,NA,"not measured","ChAl","2",10
"LoneMtn",2012-07-27,NA,NA,"Isotomidae",6,NA,NA,"not measured","ChAl","2",10
"LoneMtn",2012-07-27,NA,NA,"Novomessor cockerelli",2,NA,NA,"not measured","ChAl","2",10
"LoneMtn",2012-07-27,NA,NA,"Pogonomyrmex rugosus",18,NA,NA,"not measured","ChAl","2",10
"LoneMtn",2012-07-27,NA,NA,"Sminthuridae",10,NA,NA,"not measured","ChAl","2",10
"LoneMtn",2012-07-27,NA,NA,"Agroeca",1,NA,NA,"not measured","ChAl","3",10
"LoneMtn",2012-07-27,NA,NA,"Hypogastruridae",1,NA,NA,"not measured","ChAl","3",10
"LoneMtn",2012-07-27,NA,NA,"Isopoda",1,NA,NA,"not measured","ChAl","3",10
"LoneMtn",2012-07-27,NA,NA,"Novomessor cockerelli",5,NA,NA,"not measured","ChAl","3",10
"LoneMtn",2012-07-27,NA,NA,"Pogonomyrmex rugosus",12,NA,NA,"not measured","ChAl","3",10
"LoneMtn",2012-07-27,NA,NA,"Pseudoscorpiones",1,NA,NA,"not measured","ChAl","3",10
"LoneMtn",2012-07-27,NA,NA,"Caeculidae",1,NA,NA,"not measured","ChAl","4",10
"LoneMtn",2012-07-27,NA,NA,"Chrysomelidae",1,"TRUE",NA,"not measured","ChAl","4",10
"LoneMtn",2012-07-27,NA,NA,"Lepismatidae",1,NA,NA,"not measured","ChAl","4",10
"LoneMtn",2012-07-27,NA,NA,"Novomessor cockerelli",5,NA,NA,"not measured","ChAl","4",10
"LoneMtn",2012-07-27,NA,NA,"Pogonomyrmex rugosus",39,NA,NA,"not measured","ChAl","4",10
"LoneMtn",2012-07-27,NA,NA,"Syntomus",1,NA,NA,"between 2 and 5 mm","ChAl","4",10
"LoneMtn",2012-07-27,NA,NA,"Acari",8,NA,NA,"not measured","ChAl","5",10
"LoneMtn",2012-07-27,NA,NA,"Novomessor cockerelli",2,NA,NA,"not measured","ChAl","5",10
"LoneMtn",2012-07-27,NA,NA,"Pogonomyrmex rugosus",18,NA,NA,"not measured","ChAl","5",10
"LoneMtn",2012-07-27,NA,NA,"Reduviidae",1,NA,NA,"not measured","ChAl","5",10
"LoneMtn",2012-07-27,NA,NA,"Termitidae",1,NA,NA,"not measured","ChAl","5",10
"LoneMtn",2012-07-27,NA,NA,"Vaejovidae",2,NA,NA,"not measured","ChAl","5",10
"LoneMtn",2012-07-27,NA,NA,"Meinertellidae",1,NA,NA,"not measured","ChAl","6",10
"LoneMtn",2012-07-27,NA,NA,"Pogonomyrmex rugosus",62,NA,NA,"not measured","ChAl","6",10
"LoneMtn",2012-07-27,NA,NA,"Argoporis",1,NA,NA,"greater than 10 mm","ChAl","7",10
"LoneMtn",2012-07-27,NA,NA,"Argoporis",1,NA,NA,"between 5 and 10 mm","ChAl","7",10
"LoneMtn",2012-07-27,NA,NA,"Caeculidae",1,NA,NA,"not measured","ChAl","7",10
"LoneMtn",2012-07-27,NA,NA,"Hadrurus arizonensis",1,NA,NA,"not measured","ChAl","7",10
"LoneMtn",2012-07-27,NA,NA,"Isopoda",1,NA,NA,"not measured","ChAl","7",10
"LoneMtn",2012-07-27,NA,NA,"Novomessor cockerelli",2,NA,NA,"not measured","ChAl","7",10
"LoneMtn",2012-07-27,NA,NA,"Pheidole",2,NA,NA,"not measured","ChAl","7",10
"LoneMtn",2012-07-27,NA,NA,"Pogonomyrmex rugosus",74,NA,NA,"not measured","ChAl","7",10
"LoneMtn",2012-07-27,NA,NA,"Thanatus",1,NA,NA,"not measured","ChAl","7",10
"LoneMtn",2012-07-27,NA,NA,"Acari",1,NA,NA,"not measured","ChAl","8",10
"LoneMtn",2012-07-27,NA,NA,"Argoporis",1,NA,NA,"between 5 and 10 mm","ChAl","8",10
"LoneMtn",2012-07-27,NA,NA,"Ataenius",1,NA,NA,"not measured","ChAl","8",10
"LoneMtn",2012-07-27,NA,NA,"Caeculidae",2,NA,NA,"not measured","ChAl","8",10
"LoneMtn",2012-07-27,NA,NA,"Hypogastruridae",1,NA,NA,"not measured","ChAl","8",10
"LoneMtn",2012-07-27,NA,NA,"Isopoda",2,NA,NA,"not measured","ChAl","8",10
"LoneMtn",2012-07-27,NA,NA,"Lepismatidae",1,NA,NA,"not measured","ChAl","8",10
"LoneMtn",2012-07-27,NA,NA,"Pogonomyrmex maricopa",2,NA,NA,"not measured","ChAl","8",10
"LoneMtn",2012-07-27,NA,NA,"Pogonomyrmex rugosus",58,NA,NA,"not measured","ChAl","8",10
"LoneMtn",2012-07-27,NA,NA,"Acari",3,NA,NA,"not measured","ChAl","9",10
"LoneMtn",2012-07-27,NA,NA,"Meinertellidae",5,NA,NA,"not measured","ChAl","9",10
"LoneMtn",2012-07-27,NA,NA,"Pheidole xerophila",8,NA,NA,"not measured","ChAl","9",10
"LoneMtn",2012-07-27,NA,NA,"Pogonomyrmex rugosus",16,NA,NA,"not measured","ChAl","9",10
"LoneMtn",2012-07-27,NA,NA,"Synaphosus",1,NA,NA,"not measured","ChAl","9",10
"LoneMtn",2012-07-27,NA,NA,"Argoporis",1,NA,NA,"greater than 10 mm","ChAl","10",10
"LoneMtn",2012-07-27,NA,NA,"Caeculidae",1,NA,NA,"not measured","ChAl","10",10
"LoneMtn",2012-07-27,NA,NA,"Novomessor cockerelli",1,NA,NA,"not measured","ChAl","10",10
"LoneMtn",2012-07-27,NA,NA,"Pogonomyrmex rugosus",55,NA,NA,"not measured","ChAl","10",10
"LoneMtn",2012-07-27,NA,NA,"Vaejovidae",1,NA,NA,"not measured","ChAl","10",10
"LoneMtn",2012-12-11,NA,"trap_not_collected",NA,NA,NA,NA,NA,NA,"1",9
"LoneMtn",2012-12-11,NA,NA,"Erythraeoidea",1,NA,NA,"not measured","AnDe","2",9
"LoneMtn",2012-12-11,NA,NA,"Formicidae",1,NA,NA,"not measured","AnDe","2",9
"LoneMtn",2012-12-11,NA,NA,"Salticidae",1,NA,NA,"not measured","AnDe","2",9
"LoneMtn",2012-12-11,NA,NA,"Erythraeoidea",1,NA,NA,"not measured","AnDe","3",9
"LoneMtn",2012-12-11,NA,NA,"Formicidae",1,NA,NA,"not measured","AnDe","3",9
"LoneMtn",2012-12-11,NA,NA,"Erythraeoidea",2,NA,NA,"not measured","AnDe","4",9
"LoneMtn",2012-12-11,NA,NA,"Formicidae",1,NA,NA,"not measured","AnDe","4",9
"LoneMtn",2012-12-11,NA,NA,"Hemiptera",1,"TRUE",NA,"not measured","AnDe","4",9
"LoneMtn",2012-12-11,NA,NA,"Hypogastruridae",2,NA,NA,"not measured","AnDe","4",9
"LoneMtn",2012-12-11,NA,NA,"Oribatida",1,NA,NA,"not measured","AnDe","4",9
"LoneMtn",2012-12-11,NA,NA,"Thripidae",1,NA,NA,"not measured","AnDe","4",9
"LoneMtn",2012-12-11,NA,NA,"Alopecosa",1,NA,NA,"not measured","AnDe","5",9
"LoneMtn",2012-12-11,NA,NA,"Coleoptera",1,NA,NA,"not measured","AnDe","5",9
"LoneMtn",2012-12-11,NA,NA,"Entomobryidae",1,NA,NA,"not measured","AnDe","5",9
"LoneMtn",2012-12-11,NA,NA,"Erythraeoidea",1,NA,NA,"not measured","AnDe","5",9
"LoneMtn",2012-12-11,NA,NA,"Hypogastruridae",2,NA,NA,"not measured","AnDe","5",9
"LoneMtn",2012-12-11,NA,NA,"Leiodidae",1,NA,NA,"not measured","AnDe","5",9
"LoneMtn",2012-12-11,NA,NA,"Anystoidea",1,NA,NA,"not measured","AnDe","6",9
"LoneMtn",2012-12-11,NA,NA,"Collembola",1,NA,NA,"not measured","AnDe","6",9
"LoneMtn",2012-12-11,NA,NA,"Formicidae",1,NA,NA,"not measured","AnDe","6",9
"LoneMtn",2012-12-11,NA,NA,"Caeculidae",1,NA,NA,"not measured","AnDe","7",9
"LoneMtn",2012-12-11,NA,NA,"Coccoidea",1,NA,NA,"not measured","AnDe","7",9
"LoneMtn",2012-12-11,NA,NA,"Entomobryidae",3,NA,NA,"not measured","AnDe","7",9
"LoneMtn",2012-12-11,NA,NA,"Leiodidae",1,NA,NA,"not measured","AnDe","7",9
"LoneMtn",2012-12-11,NA,NA,"Oribatida",3,NA,NA,"not measured","AnDe","7",9
"LoneMtn",2012-12-11,NA,NA,"Pogonomyrmex",1,NA,NA,"not measured","AnDe","7",9
"LoneMtn",2012-12-11,NA,NA,"Thripidae",2,NA,NA,"not measured","AnDe","7",9
"LoneMtn",2012-12-11,NA,NA,"Acari",1,NA,NA,"not measured","AnDe","8",9
"LoneMtn",2012-12-11,NA,NA,"Hypogastruridae",1,NA,NA,"not measured","AnDe","8",9
"LoneMtn",2012-12-11,NA,NA,"Acari",3,NA,NA,"not measured","AnDe","9",9
"LoneMtn",2012-12-11,NA,NA,"Erythraeoidea",1,NA,NA,"not measured","AnDe","9",9
"LoneMtn",2012-12-11,NA,NA,"Hypogastruridae",2,NA,NA,"not measured","AnDe","9",9
"LoneMtn",2012-12-11,NA,NA,"Vaejovidae",1,NA,NA,"not measured","AnDe","9",9
"LoneMtn",2012-12-11,NA,NA,"Entomobryidae",2,NA,NA,"not measured","AnDe","10",9
"LoneMtn",2012-12-11,NA,NA,"Formicidae",1,NA,NA,"not measured","AnDe","10",9
"LoneMtn",2012-12-11,NA,NA,"Glyptina",1,NA,NA,"not measured","AnDe","10",9
"LoneMtn",2012-12-11,NA,NA,"Salticidae",1,NA,NA,"not measured","AnDe","10",9
"LoneMtn",2013-08-15,"No arthropods","trap_not_collected",NA,NA,NA,NA,NA,NA,"1",9
"LoneMtn",2013-08-15,NA,NA,"Entomobryidae",2,NA,NA,"not measured","ChAl","2",9
"LoneMtn",2013-08-15,NA,NA,"Myrmecocystus",1,NA,NA,"not measured","ChAl","2",9
"LoneMtn",2013-08-15,NA,NA,"Novomessor cockerelli",1,NA,NA,"not measured","ChAl","2",9
"LoneMtn",2013-08-15,NA,NA,"Tetramorium",2,NA,NA,"not measured","ChAl","2",9
"LoneMtn",2013-08-15,NA,NA,"Anystidae",1,NA,NA,"not measured","ChAl","3",9
"LoneMtn",2013-08-15,NA,NA,"Pogonomyrmex rugosus",2,NA,NA,"not measured","ChAl","3",9
"LoneMtn",2013-08-15,NA,NA,"Vaejovidae",1,NA,NA,"not measured","ChAl","3",9
"LoneMtn",2013-08-15,NA,NA,"Caeculidae",1,NA,NA,"not measured","ChAl","4",9
"LoneMtn",2013-08-15,NA,NA,"Agroeca",1,NA,NA,"not measured","ChAl","5",9
"LoneMtn",2013-08-15,NA,NA,"Chrysomelidae",2,"TRUE",NA,"not measured","ChAl","5",9
"LoneMtn",2013-08-15,NA,NA,"Coleoptera",1,"TRUE",NA,"not measured","ChAl","5",9
"LoneMtn",2013-08-15,NA,NA,"Entomobryidae",1,NA,NA,"not measured","ChAl","5",9
"LoneMtn",2013-08-15,NA,NA,"Formicidae",1,NA,"TRUE","not measured","ChAl","5",9
"LoneMtn",2013-08-15,NA,NA,"Nocibiotes",1,NA,NA,"between 2 and 5 mm","ChAl","5",9
"LoneMtn",2013-08-15,NA,NA,"Tetramorium",2,NA,NA,"not measured","ChAl","5",9
"LoneMtn",2013-08-15,NA,NA,"Pheidole xerophila",1,NA,NA,"not measured","ChAl","6",9
"LoneMtn",2013-08-15,NA,NA,"Entomobryidae",30,NA,NA,"not measured","ChAl","7",9
"LoneMtn",2013-08-15,NA,NA,"Erythraeidae",3,NA,NA,"not measured","ChAl","7",9
"LoneMtn",2013-08-15,NA,NA,"Formicidae",1,NA,"TRUE","not measured","ChAl","7",9
"LoneMtn",2013-08-15,NA,NA,"Latrodectus",1,NA,NA,"not measured","ChAl","7",9
"LoneMtn",2013-08-15,NA,NA,"Myrmecocystus",1,NA,NA,"not measured","ChAl","7",9
"LoneMtn",2013-08-15,NA,NA,"Novomessor cockerelli",2,NA,NA,"not measured","ChAl","7",9
"LoneMtn",2013-08-15,NA,NA,"Pogonomyrmex rugosus",3,NA,NA,"not measured","ChAl","7",9
"LoneMtn",2013-08-15,NA,NA,"Solenopsis amblychila",1,NA,NA,"not measured","ChAl","7",9
"LoneMtn",2013-08-15,NA,NA,"Anystidae",1,NA,NA,"not measured","ChAl","8",9
"LoneMtn",2013-08-15,NA,NA,"Entomobryidae",15,NA,NA,"not measured","ChAl","8",9
"LoneMtn",2013-08-15,NA,NA,"Erythraeidae",2,NA,NA,"not measured","ChAl","8",9
"LoneMtn",2013-08-15,NA,NA,"Habronattus",1,NA,NA,"not measured","ChAl","8",9
"LoneMtn",2013-08-15,NA,NA,"Novomessor cockerelli",1,NA,NA,"not measured","ChAl","8",9
"LoneMtn",2013-08-15,NA,NA,"Pogonomyrmex rugosus",1,NA,NA,"not measured","ChAl","8",9
"LoneMtn",2013-08-15,NA,NA,"Theridiidae",1,NA,NA,"not measured","ChAl","8",9
"LoneMtn",2013-08-15,NA,NA,"Anystidae",5,NA,NA,"not measured","ChAl","9",9
"LoneMtn",2013-08-15,NA,NA,"Chloropidae",1,NA,NA,"not measured","ChAl","9",9
"LoneMtn",2013-08-15,NA,NA,"Entomobryidae",1,NA,NA,"not measured","ChAl","9",9
"LoneMtn",2013-08-15,NA,NA,"Erythraeidae",5,NA,NA,"not measured","ChAl","9",9
"LoneMtn",2013-08-15,NA,NA,"Forelius pruinosus",2,NA,NA,"not measured","ChAl","9",9
"LoneMtn",2013-08-15,NA,NA,"Meinertellidae",3,NA,NA,"not measured","ChAl","9",9
"LoneMtn",2013-08-15,NA,NA,"Novomessor cockerelli",25,NA,NA,"not measured","ChAl","9",9
"LoneMtn",2013-08-15,NA,NA,"Pheidole xerophila",1,NA,NA,"not measured","ChAl","9",9
"LoneMtn",2013-08-15,NA,NA,"Trombidioidea",1,NA,NA,"not measured","ChAl","9",9
"LoneMtn",2013-08-15,NA,NA,"Vaejovidae",1,NA,NA,"not measured","ChAl","9",9
"LoneMtn",2013-08-15,NA,NA,"Novomessor cockerelli",1,NA,NA,"not measured","ChAl","10",9
"LoneMtn",2013-08-15,NA,NA,"Pheidole xerophila",1,NA,NA,"not measured","ChAl","10",9
"LoneMtn",2013-08-15,NA,NA,"Pogonomyrmex rugosus",2,NA,NA,"not measured","ChAl","10",9
"LoneMtn",2013-08-15,NA,NA,"Scolopendridae",1,NA,NA,"not measured","ChAl","10",9
"LoneMtn",2013-10-21,NA,"trap_not_collected",NA,NA,NA,NA,NA,NA,"1",9
"LoneMtn",2013-10-21,"No arthropods","empty_trap",NA,NA,NA,NA,NA,NA,"2",9
"LoneMtn",2013-10-21,NA,NA,"Novomessor cockerelli",1,NA,NA,"not measured","ChAl","3",9
"LoneMtn",2013-10-21,"no arthropods","empty_trap",NA,NA,NA,NA,NA,NA,"4",9
"LoneMtn",2013-10-21,"No arthropods","empty_trap",NA,NA,NA,NA,NA,NA,"5",9
"LoneMtn",2013-10-21,NA,NA,"Caeculidae",1,NA,NA,"not measured","ChAl","6",9
"LoneMtn",2013-10-21,NA,NA,"Forelius pruinosus",1,NA,NA,"not measured","ChAl","7",9
"LoneMtn",2013-10-21,"No arthropods","empty_trap",NA,NA,NA,NA,NA,NA,"8",9
"LoneMtn",2013-10-21,"No arthropods","empty_trap",NA,NA,NA,NA,NA,NA,"9",9
"LoneMtn",2013-10-21,NA,NA,"Caeculidae",1,NA,NA,"not measured","ChAl","10",9
"LoneMtn",2013-10-21,NA,NA,"Erythraeidae",1,NA,NA,"not measured","ChAl","10",9
"LoneMtn",2013-10-21,NA,NA,"Pseudoscorpiones",1,NA,NA,"not measured","ChAl","10",9
"LoneMtn",2014-02-27,NA,"trap_not_collected",NA,NA,NA,NA,NA,NA,"1",9
"LoneMtn",2014-02-27,NA,NA,"Acari",2,NA,NA,"not measured","RoOr","2",9
"LoneMtn",2014-02-27,NA,NA,"Cicadellidae",2,"TRUE",NA,"not measured","RoOr","2",9
"LoneMtn",2014-02-27,NA,NA,"Entomobryidae",4,NA,NA,"not measured","RoOr","2",9
"LoneMtn",2014-02-27,NA,NA,"Entomobryidae",4,NA,NA,"not measured","RoOr","3",9
"LoneMtn",2014-02-27,NA,NA,"Acari",2,NA,NA,"not measured","RoOr","4",9
"LoneMtn",2014-02-27,NA,NA,"Diapriidae",1,NA,NA,"not measured","RoOr","4",9
"LoneMtn",2014-02-27,NA,NA,"Exitianus",1,NA,NA,"not measured","RoOr","4",9
"LoneMtn",2014-02-27,NA,NA,"Pyralidae",1,"TRUE",NA,"not measured","RoOr","5",9
"LoneMtn",2014-02-27,NA,NA,"Cicadellidae",1,"TRUE",NA,"not measured","RoOr","6",9
"LoneMtn",2014-02-27,NA,NA,"Pyralidae",1,"TRUE",NA,"not measured","RoOr","6",9
"LoneMtn",2014-02-27,NA,NA,"Acari",1,NA,NA,"not measured","RoOr","7",9
"LoneMtn",2014-02-27,NA,NA,"Cicadellidae",1,"TRUE",NA,"not measured","RoOr","7",9
"LoneMtn",2014-02-27,NA,NA,"Habronattus",1,NA,NA,"not measured","RoOr","7",9
"LoneMtn",2014-02-27,NA,NA,"Pyralidae",1,"TRUE",NA,"not measured","RoOr","7",9
"LoneMtn",2014-02-27,NA,NA,"Cicadellidae",2,"TRUE",NA,"not measured","RoOr","8",9
"LoneMtn",2014-02-27,NA,NA,"Coccoidea",1,NA,NA,"not measured","RoOr","8",9
"LoneMtn",2014-02-27,NA,NA,"Entomobryidae",39,NA,NA,"not measured","RoOr","8",9
"LoneMtn",2014-02-27,NA,NA,"Erythraeoidea",2,NA,NA,"not measured","RoOr","8",9
"LoneMtn",2014-02-27,NA,NA,"Myrmecocystus",1,NA,NA,"not measured","RoOr","8",9
"LoneMtn",2014-02-27,NA,NA,"Entomobryidae",3,NA,NA,"not measured","RoOr","9",9
"LoneMtn",2014-02-27,NA,NA,"Micaria",1,NA,NA,"not measured","RoOr","9",9
"LoneMtn",2014-02-27,NA,NA,"Sminthuridae",1,NA,NA,"not measured","RoOr","9",9
"LoneMtn",2014-02-27,NA,NA,"Cicadellidae",2,"TRUE",NA,"not measured","RoOr","10",9
"LoneMtn",2014-02-27,NA,NA,"Cryptophagidae",1,NA,NA,"not measured","RoOr","10",9
"LoneMtn",2014-02-27,NA,NA,"Entomobryidae",2,NA,NA,"not measured","RoOr","10",9
"LoneMtn",2014-02-27,NA,NA,"Sminthuridae",1,NA,NA,"not measured","RoOr","10",9
"LoneMtn",2014-02-27,NA,NA,"Vaejovidae",1,NA,NA,"not measured","RoOr","10",9
"LoneMtn",2014-04-18,NA,"trap_not_collected",NA,NA,NA,NA,NA,NA,"1",9
"LoneMtn",2014-04-18,NA,NA,"Entomobryidae",2,NA,NA,"not measured","RoOr","2",9
"LoneMtn",2014-04-18,NA,NA,"Anystoidea",2,NA,NA,"not measured","RoOr","3",9
"LoneMtn",2014-04-18,NA,NA,"Araeoschizus",2,NA,NA,"between 2 and 5 mm","RoOr","3",9
"LoneMtn",2014-04-18,NA,NA,"Entomobryidae",23,NA,NA,"not measured","RoOr","3",9
"LoneMtn",2014-04-18,NA,NA,"Pheidole desertorum",4,NA,NA,"not measured","RoOr","3",9
"LoneMtn",2014-04-18,NA,NA,"Pogonomyrmex rugosus",1,NA,NA,"not measured","RoOr","3",9
"LoneMtn",2014-04-18,NA,NA,"Anystoidea",9,NA,NA,"not measured","RoOr","4",9
"LoneMtn",2014-04-18,NA,NA,"Bdellidae",1,NA,NA,"not measured","RoOr","4",9
"LoneMtn",2014-04-18,NA,NA,"Dorymyrmex insanus",1,NA,NA,"not measured","RoOr","4",9
"LoneMtn",2014-04-18,NA,NA,"Entomobryidae",11,NA,NA,"not measured","RoOr","4",9
"LoneMtn",2014-04-18,NA,NA,"Forelius pruinosus",3,NA,NA,"not measured","RoOr","4",9
"LoneMtn",2014-04-18,NA,NA,"Meinertellidae",2,NA,NA,"not measured","RoOr","4",9
"LoneMtn",2014-04-18,NA,NA,"Solenopsis amblychila",1,NA,NA,"not measured","RoOr","4",9
"LoneMtn",2014-04-18,NA,NA,"Pheidole",4,NA,NA,"not measured","RoOr","5",9
"LoneMtn",2014-04-18,NA,NA,"Pogonomyrmex rugosus",1,NA,NA,"not measured","RoOr","5",9
"LoneMtn",2014-04-18,NA,NA,"Solenopsis",1,NA,NA,"not measured","RoOr","5",9
"LoneMtn",2014-04-18,NA,NA,"Anystoidea",4,NA,NA,"not measured","RoOr","6",9
"LoneMtn",2014-04-18,NA,NA,"Coccoidea",1,NA,NA,"not measured","RoOr","6",9
"LoneMtn",2014-04-18,NA,NA,"Entomobryidae",8,NA,NA,"not measured","RoOr","6",9
"LoneMtn",2014-04-18,NA,NA,"Erythraeoidea",1,NA,NA,"not measured","RoOr","6",9
"LoneMtn",2014-04-18,NA,NA,"Forelius pruinosus",9,NA,NA,"not measured","RoOr","6",9
"LoneMtn",2014-04-18,NA,NA,"Geocoris",1,NA,NA,"not measured","RoOr","6",9
"LoneMtn",2014-04-18,NA,NA,"Meinertellidae",2,NA,NA,"not measured","RoOr","6",9
"LoneMtn",2014-04-18,NA,NA,"Myrmecocystus",2,NA,NA,"not measured","RoOr","6",9
"LoneMtn",2014-04-18,NA,NA,"Novomessor cockerelli",8,NA,NA,"not measured","RoOr","6",9
"LoneMtn",2014-04-18,NA,NA,"Pheidole",2,NA,NA,"not measured","RoOr","6",9
"LoneMtn",2014-04-18,NA,NA,"Pogonomyrmex",1,NA,NA,"not measured","RoOr","6",9
"LoneMtn",2014-04-18,NA,NA,"Anystoidea",1,NA,NA,"not measured","RoOr","7",9
"LoneMtn",2014-04-18,NA,NA,"Cicadellidae",1,"TRUE",NA,"not measured","RoOr","7",9
"LoneMtn",2014-04-18,NA,NA,"Paratrechina",1,NA,NA,"not measured","RoOr","7",9
"LoneMtn",2014-04-18,NA,NA,"Acari",2,NA,NA,"not measured","RoOr","8",9
"LoneMtn",2014-04-18,NA,NA,"Caeculidae",1,NA,NA,"not measured","RoOr","8",9
"LoneMtn",2014-04-18,NA,NA,"Entomobryidae",6,NA,NA,"not measured","RoOr","8",9
"LoneMtn",2014-04-18,NA,NA,"Thripidae",1,NA,NA,"not measured","RoOr","8",9
"LoneMtn",2014-04-18,NA,NA,"Argoporis",1,NA,NA,"greater than 10 mm","RoOr","9",9
"LoneMtn",2014-04-18,NA,NA,"Cicadellidae",1,"TRUE",NA,"not measured","RoOr","9",9
"LoneMtn",2014-04-18,NA,NA,"Entomobryidae",1,NA,NA,"not measured","RoOr","9",9
"LoneMtn",2014-04-18,NA,NA,"Pogonomyrmex rugosus",2,NA,NA,"not measured","RoOr","9",9
"LoneMtn",2014-04-18,NA,NA,"Solenopsis amblychila",1,NA,NA,"not measured","RoOr","9",9
"LoneMtn",2014-04-18,NA,NA,"Caeculidae",1,NA,NA,"not measured","RoOr","10",9
"LoneMtn",2014-04-18,NA,NA,"Entomobryidae",1,NA,NA,"not measured","RoOr","10",9
"LoneMtn",2014-04-18,NA,NA,"Erythraeoidea",1,NA,NA,"not measured","RoOr","10",9
"LoneMtn",2014-04-18,NA,NA,"Forelius pruinosus",1,NA,NA,"not measured","RoOr","10",9
"LoneMtn",2014-04-18,NA,NA,"Pogonomyrmex",1,NA,NA,"not measured","RoOr","10",9
"LoneMtn",2014-04-18,NA,NA,"Pogonomyrmex rugosus",3,NA,NA,"not measured","RoOr","10",9
"LoneMtn",2014-04-18,NA,NA,"Pompilidae",1,NA,"TRUE","not measured","RoOr","10",9
"LoneMtn",2014-08-17,"Not collected","trap_not_collected",NA,NA,NA,NA,NA,NA,"1",9
"LoneMtn",2014-08-17,NA,NA,"Anystoidea",1,NA,NA,"not measured","RoOr","2",9
"LoneMtn",2014-08-17,NA,NA,"Forelius pruinosus",1,NA,NA,"not measured","RoOr","2",9
"LoneMtn",2014-08-17,NA,NA,"Neivamyrmex",4,NA,NA,"not measured","RoOr","2",9
"LoneMtn",2014-08-17,NA,NA,"Pheidole",1,NA,NA,"not measured","RoOr","2",9
"LoneMtn",2014-08-17,NA,NA,"Sminthuridae",2,NA,NA,"not measured","RoOr","2",9
"LoneMtn",2014-08-17,NA,NA,"Solenopsis xyloni",2,NA,NA,"not measured","RoOr","2",9
"LoneMtn",2014-08-17,NA,NA,"Tetramorium",1,NA,NA,"not measured","RoOr","2",9
"LoneMtn",2014-08-17,NA,NA,"Vacusus",1,NA,NA,"not measured","RoOr","2",9
"LoneMtn",2014-08-17,NA,NA,"Caeculidae",1,NA,NA,"not measured","RoOr","3",9
"LoneMtn",2014-08-17,NA,NA,"Gryllidae",1,NA,NA,"not measured","RoOr","3",9
"LoneMtn",2014-08-17,NA,NA,"Neoanagraphis",1,NA,NA,"not measured","RoOr","3",9
"LoneMtn",2014-08-17,NA,NA,"Novomessor cockerelli",1,NA,NA,"not measured","RoOr","3",9
"LoneMtn",2014-08-17,NA,NA,"Psocodea",1,"TRUE",NA,"not measured","RoOr","3",9
"LoneMtn",2014-08-17,NA,NA,"Anystoidea",2,NA,NA,"not measured","RoOr","4",9
"LoneMtn",2014-08-17,NA,NA,"Araeoschizus",1,NA,NA,"between 2 and 5 mm","RoOr","4",9
"LoneMtn",2014-08-17,NA,NA,"Argoporis",2,NA,NA,"greater than 10 mm","RoOr","4",9
"LoneMtn",2014-08-17,NA,NA,"Bdellidae",2,NA,NA,"not measured","RoOr","4",9
"LoneMtn",2014-08-17,NA,NA,"Caeculidae",1,NA,NA,"not measured","RoOr","4",9
"LoneMtn",2014-08-17,NA,NA,"Erythraeoidea",8,NA,NA,"not measured","RoOr","4",9
"LoneMtn",2014-08-17,NA,NA,"Isopoda",1,NA,NA,"not measured","RoOr","4",9
"LoneMtn",2014-08-17,NA,NA,"Lepismatidae",2,NA,NA,"not measured","RoOr","4",9
"LoneMtn",2014-08-17,NA,NA,"Linyphiidae",1,NA,NA,"not measured","RoOr","4",9
"LoneMtn",2014-08-17,NA,NA,"Nocibiotes",1,NA,NA,"between 2 and 5 mm","RoOr","4",9
"LoneMtn",2014-08-17,NA,NA,"Novomessor cockerelli",1,NA,NA,"not measured","RoOr","4",9
"LoneMtn",2014-08-17,NA,NA,"Anystoidea",1,NA,NA,"not measured","RoOr","5",9
"LoneMtn",2014-08-17,NA,NA,"Chrysomelidae",1,"TRUE",NA,"not measured","RoOr","5",9
"LoneMtn",2014-08-17,NA,NA,"Coleoptera",1,"TRUE",NA,"not measured","RoOr","5",9
"LoneMtn",2014-08-17,NA,NA,"Cryptoglossa",1,NA,NA,"greater than 10 mm","RoOr","5",9
"LoneMtn",2014-08-17,NA,NA,"Solenopsis",1,NA,NA,"not measured","RoOr","5",9
"LoneMtn",2014-08-17,NA,NA,"Isopoda",1,NA,NA,"not measured","RoOr","6",9
"LoneMtn",2014-08-17,NA,NA,"Novomessor cockerelli",1,NA,NA,"not measured","RoOr","6",9
"LoneMtn",2014-08-17,NA,NA,"Pheidole",3,NA,NA,"not measured","RoOr","6",9
"LoneMtn",2014-08-17,NA,NA,"Pogonomyrmex rugosus",1,NA,NA,"not measured","RoOr","6",9
"LoneMtn",2014-08-17,NA,NA,"Tetramorium",3,NA,NA,"not measured","RoOr","6",9
"LoneMtn",2014-08-17,NA,NA,"Vaejovidae",1,NA,NA,"not measured","RoOr","6",9
"LoneMtn",2014-08-17,NA,NA,"Ataenius",1,NA,NA,"not measured","RoOr","7",9
"LoneMtn",2014-08-17,NA,NA,"Bdellidae",1,NA,NA,"not measured","RoOr","7",9
"LoneMtn",2014-08-17,NA,NA,"Coccoidea",1,NA,NA,"not measured","RoOr","7",9
"LoneMtn",2014-08-17,NA,NA,"Entomobryidae",6,NA,NA,"not measured","RoOr","7",9
"LoneMtn",2014-08-17,NA,NA,"Erythraeoidea",3,NA,NA,"not measured","RoOr","7",9
"LoneMtn",2014-08-17,NA,NA,"Habronattus",1,NA,NA,"not measured","RoOr","7",9
"LoneMtn",2014-08-17,NA,NA,"Novomessor cockerelli",1,NA,NA,"not measured","RoOr","7",9
"LoneMtn",2014-08-17,NA,NA,"Sminthuridae",3,NA,NA,"not measured","RoOr","7",9
"LoneMtn",2014-08-17,NA,NA,"Cryptoglossa",5,NA,NA,"greater than 10 mm","RoOr","8",9
"LoneMtn",2014-08-17,NA,NA,"Novomessor cockerelli",2,NA,NA,"not measured","RoOr","8",9
"LoneMtn",2014-08-17,NA,NA,"Pogonomyrmex maricopa",1,NA,NA,"not measured","RoOr","8",9
"LoneMtn",2014-08-17,NA,NA,"Sminthuridae",2,NA,NA,"not measured","RoOr","8",9
"LoneMtn",2014-08-17,NA,NA,"Entomobryidae",1,NA,NA,"not measured","RoOr","9",9
"LoneMtn",2014-08-17,NA,NA,"Erythraeoidea",2,NA,NA,"not measured","RoOr","9",9
"LoneMtn",2014-08-17,NA,NA,"Euryopis",1,NA,NA,"not measured","RoOr","9",9
"LoneMtn",2014-08-17,NA,NA,"Pogonomyrmex maricopa",1,NA,NA,"not measured","RoOr","9",9
"LoneMtn",2014-08-17,NA,NA,"Coccoidea",1,NA,NA,"not measured","RoOr","10",9
"LoneMtn",2014-08-17,NA,NA,"Eleodes armata",1,NA,NA,"greater than 10 mm","RoOr","10",9
"LoneMtn",2014-08-17,NA,NA,"Entomobryidae",1,NA,NA,"not measured","RoOr","10",9
"LoneMtn",2014-08-17,NA,NA,"Erythraeoidea",8,NA,NA,"not measured","RoOr","10",9
"LoneMtn",2014-08-17,NA,NA,"Novomessor cockerelli",1,NA,NA,"not measured","RoOr","10",9
"LoneMtn",2014-08-17,NA,NA,"Pheidole",1,NA,NA,"not measured","RoOr","10",9
"LoneMtn",2014-08-17,NA,NA,"Pogonomyrmex maricopa",3,NA,NA,"not measured","RoOr","10",9
"LoneMtn",2014-08-17,NA,NA,"Pogonomyrmex rugosus",2,NA,NA,"not measured","RoOr","10",9
"LoneMtn",2014-08-17,NA,NA,"Ptilinus",1,NA,NA,"not measured","RoOr","10",9
"LoneMtn",2014-08-17,NA,NA,"Tetramorium",3,NA,NA,"not measured","RoOr","10",9
"LoneMtn",2014-11-14,NA,NA,"Acari",1,NA,NA,"not measured","AnDe","1",9
"LoneMtn",2014-11-14,NA,NA,"Entomobryidae",27,NA,NA,"not measured","AnDe","1",9
"LoneMtn",2014-11-14,NA,NA,"Pheidole",1,NA,NA,"not measured","AnDe","1",9
"LoneMtn",2014-11-14,NA,NA,"Acari",2,NA,NA,"not measured","AnDe","2",9
"LoneMtn",2014-11-14,NA,NA,"Araneidae",1,NA,NA,"not measured","AnDe","2",9
"LoneMtn",2014-11-14,NA,NA,"Entomobryidae",40,NA,NA,"not measured","AnDe","2",9
"LoneMtn",2014-11-14,NA,NA,"Linyphiidae",1,NA,NA,"not measured","AnDe","2",9
"LoneMtn",2014-11-14,NA,NA,"Pheidole",3,NA,NA,"not measured","AnDe","2",9
"LoneMtn",2014-11-14,NA,NA,"Tetramorium",4,NA,NA,"not measured","AnDe","2",9
"LoneMtn",2014-11-14,NA,NA,"Thripidae",1,NA,NA,"not measured","AnDe","2",9
"LoneMtn",2014-11-14,NA,NA,"Thyreocoridae",1,"TRUE",NA,"not measured","AnDe","2",9
"LoneMtn",2014-11-14,"lizard",NA,"Entomobryidae",7,NA,NA,"not measured","AnDe","3",9
"LoneMtn",2014-11-14,"lizard",NA,"Erythraeoidea",1,NA,NA,"not measured","AnDe","3",9
"LoneMtn",2014-11-14,"lizard",NA,"Formicidae",1,NA,NA,"not measured","AnDe","3",9
"LoneMtn",2014-11-14,"lizard",NA,"Hemiptera",3,"TRUE",NA,"not measured","AnDe","3",9
"LoneMtn",2014-11-14,"lizard",NA,"Sminthuridae",1,NA,NA,"not measured","AnDe","3",9
"LoneMtn",2014-11-14,"lizard",NA,"Tetramorium",1,NA,NA,"not measured","AnDe","3",9
"LoneMtn",2014-11-14,NA,NA,"Acari",1,NA,NA,"not measured","AnDe","4",9
"LoneMtn",2014-11-14,NA,NA,"Encyrtidae",1,NA,NA,"not measured","AnDe","4",9
"LoneMtn",2014-11-14,NA,NA,"Entomobryidae",2,NA,NA,"not measured","AnDe","4",9
"LoneMtn",2014-11-14,NA,NA,"Acari",1,NA,NA,"not measured","AnDe","5",9
"LoneMtn",2014-11-14,NA,NA,"Anystoidea",1,NA,NA,"not measured","AnDe","5",9
"LoneMtn",2014-11-14,NA,NA,"Entomobryidae",2,NA,NA,"not measured","AnDe","5",9
"LoneMtn",2014-11-14,NA,NA,"Formicidae",1,NA,NA,"not measured","AnDe","5",9
"LoneMtn",2014-11-14,NA,NA,"Pheidole",4,NA,NA,"not measured","AnDe","5",9
"LoneMtn",2014-11-14,NA,NA,"Pogonomyrmex",1,NA,NA,"not measured","AnDe","5",9
"LoneMtn",2014-11-14,NA,NA,"Araneidae",1,NA,NA,"not measured","AnDe","6",9
"LoneMtn",2014-11-14,NA,NA,"Caeculidae",1,NA,NA,"not measured","AnDe","6",9
"LoneMtn",2014-11-14,NA,NA,"Entomobryidae",10,NA,NA,"not measured","AnDe","6",9
"LoneMtn",2014-11-14,NA,NA,"Formicidae",1,NA,NA,"not measured","AnDe","6",9
"LoneMtn",2014-11-14,NA,NA,"Termitidae",1,NA,NA,"not measured","AnDe","6",9
"LoneMtn",2014-11-14,NA,NA,"Thripidae",1,NA,NA,"not measured","AnDe","6",9
"LoneMtn",2014-11-14,NA,NA,"Caeculidae",1,NA,NA,"not measured","AnDe","7",9
"LoneMtn",2014-11-14,NA,NA,"Entomobryidae",1,NA,NA,"not measured","AnDe","7",9
"LoneMtn",2014-11-14,NA,NA,"Acari",1,NA,NA,"not measured","AnDe","8",9
"LoneMtn",2014-11-14,NA,NA,"Entomobryidae",2,NA,NA,"not measured","AnDe","8",9
"LoneMtn",2014-11-14,NA,NA,"Erythraeoidea",1,NA,NA,"not measured","AnDe","8",9
"LoneMtn",2014-11-14,NA,NA,"Dorymyrmex",1,NA,NA,"not measured","AnDe","9",9
"LoneMtn",2014-11-14,NA,NA,"Entomobryidae",2,NA,NA,"not measured","AnDe","9",9
"LoneMtn",2014-11-14,NA,NA,"Erythraeoidea",1,NA,NA,"not measured","AnDe","9",9
"LoneMtn",2014-11-14,NA,NA,"Forelius",4,NA,NA,"not measured","AnDe","9",9
"LoneMtn",2014-11-14,NA,NA,"Hemiptera",1,"TRUE",NA,"not measured","AnDe","9",9
"LoneMtn",2014-11-14,NA,NA,"Hemiptera",1,NA,NA,"not measured","AnDe","9",9
"LoneMtn",2014-11-14,"not collected","trap_not_collected",NA,NA,NA,NA,NA,NA,"10",9
"LoneMtn",2015-05-01,NA,NA,"Anystoidea",1,NA,NA,"not measured","DaFl","1",10
"LoneMtn",2015-05-01,NA,NA,"Entomobryidae",2,NA,NA,"not measured","DaFl","1",10
"LoneMtn",2015-05-01,"Empty","empty_trap",NA,NA,NA,NA,NA,NA,"2",10
"LoneMtn",2015-05-01,NA,NA,"Anystoidea",4,NA,NA,"not measured","DaFl","3",10
"LoneMtn",2015-05-01,NA,NA,"Argoporis",1,NA,NA,"greater than 10 mm","DaFl","3",10
"LoneMtn",2015-05-01,NA,NA,"Entomobryidae",11,NA,NA,"not measured","DaFl","3",10
"LoneMtn",2015-05-01,NA,NA,"Alopecosa",1,NA,NA,"not measured","DaFl","4",10
"LoneMtn",2015-05-01,NA,NA,"Myrmeleontidae",1,"TRUE",NA,"not measured","DaFl","4",10
"LoneMtn",2015-05-01,NA,NA,"Novomessor cockerelli",1,NA,NA,"not measured","DaFl","4",10
"LoneMtn",2015-05-01,NA,NA,"Anystoidea",1,NA,NA,"not measured","DaFl","5",10
"LoneMtn",2015-05-01,"Empty","empty_trap",NA,NA,NA,NA,NA,NA,"6",10
"LoneMtn",2015-05-01,NA,NA,"Anystoidea",1,NA,NA,"not measured","DaFl","7",10
"LoneMtn",2015-05-01,NA,NA,"Entomobryidae",13,NA,NA,"not measured","DaFl","7",10
"LoneMtn",2015-05-01,NA,NA,"Gnaphosidae",1,NA,NA,"not measured","DaFl","7",10
"LoneMtn",2015-05-01,NA,NA,"Linyphiidae",1,NA,NA,"less than 2 mm","DaFl","7",10
"LoneMtn",2015-05-01,NA,NA,"Monomorium",1,NA,NA,"not measured","DaFl","7",10
"LoneMtn",2015-05-01,NA,NA,"Novomessor cockerelli",1,NA,NA,"not measured","DaFl","7",10
"LoneMtn",2015-05-01,NA,NA,"Entomobryidae",1,NA,NA,"not measured","DaFl","8",10
"LoneMtn",2015-05-01,"Empty","empty_trap",NA,NA,NA,NA,NA,NA,"9",10
"LoneMtn",2015-05-01,"Empty","empty_trap",NA,NA,NA,NA,NA,NA,"10",10
"LoneMtn",2015-07-31,NA,NA,"Pheidole",1,NA,NA,"not measured","DaFl","1",10
"LoneMtn",2015-07-31,NA,NA,"Pogonomyrmex",1,NA,NA,"not measured","DaFl","2",10
"LoneMtn",2015-07-31,NA,NA,"Coleoptera",1,"TRUE",NA,"not measured","DaFl","3",10
"LoneMtn",2015-07-31,NA,NA,"Isopoda",1,NA,NA,"not measured","DaFl","3",10
"LoneMtn",2015-07-31,NA,NA,"Solenopsis xyloni",2,NA,NA,"not measured","DaFl","4",10
"LoneMtn",2015-07-31,"Empty","empty_trap",NA,NA,NA,NA,NA,NA,"5",10
"LoneMtn",2015-07-31,NA,NA,"Entomobryidae",2,NA,NA,"not measured","DaFl","6",10
"LoneMtn",2015-07-31,"Lygaeidae damaged",NA,"Anystoidea",1,NA,NA,"not measured","DaFl","7",10
"LoneMtn",2015-07-31,"Lygaeidae damaged",NA,"Lygaeidae",1,NA,NA,"not measured","DaFl","7",10
"LoneMtn",2015-07-31,"Lygaeidae damaged",NA,"Pogonomyrmex",1,NA,NA,"not measured","DaFl","7",10
"LoneMtn",2015-07-31,NA,NA,"Pheidole",3,NA,NA,"not measured","DaFl","8",10
"LoneMtn",2015-07-31,NA,NA,"Solenopsis xyloni",1,NA,NA,"not measured","DaFl","8",10
"LoneMtn",2015-07-31,NA,NA,"Vaejovidae",1,NA,NA,"greater than 10 mm","DaFl","8",10
"LoneMtn",2015-07-31,NA,NA,"Entomobryidae",2,NA,NA,"not measured","DaFl","9",10
"LoneMtn",2015-07-31,"Empty","empty_trap",NA,NA,NA,NA,NA,NA,"10",10
"LoneMtn",2015-11-02,"Empty","empty_trap",NA,NA,NA,NA,NA,NA,"1",9
"LoneMtn",2015-11-02,"Empty","empty_trap",NA,NA,NA,NA,NA,NA,"2",9
"LoneMtn",2015-11-02,NA,NA,"Caeculidae",1,NA,NA,"not measured","DaFl","3",9
"LoneMtn",2015-11-02,NA,NA,"Solenopsis",20,NA,NA,"not measured","DaFl","3",9
"LoneMtn",2015-11-02,NA,NA,"Bdellidae",1,NA,NA,"not measured","DaFl","4",9
"LoneMtn",2015-11-02,NA,NA,"Oribatida",1,NA,NA,"not measured","DaFl","4",9
"LoneMtn",2015-11-02,NA,NA,"Solenopsis",18,NA,NA,"not measured","DaFl","4",9
"LoneMtn",2015-11-02,"Empty","empty_trap",NA,NA,NA,NA,NA,NA,"5",9
"LoneMtn",2015-11-02,"Empty","empty_trap",NA,NA,NA,NA,NA,NA,"6",9
"LoneMtn",2015-11-02,"Empty","empty_trap",NA,NA,NA,NA,NA,NA,"7",9
"LoneMtn",2015-11-02,NA,NA,"Entomobryidae",1,NA,NA,"not measured","DaFl","8",9
"LoneMtn",2015-11-02,NA,NA,"Pheidole",7,NA,NA,"not measured","DaFl","9",9
"LoneMtn",2015-11-02,NA,NA,"Solenopsis",8,NA,NA,"not measured","DaFl","9",9
"LoneMtn",2015-11-02,NA,NA,"Theridiidae",1,NA,NA,"not measured","DaFl","9",9
"LoneMtn",2015-11-02,NA,"trap_not_collected",NA,NA,NA,NA,NA,NA,"10",9
"LoneMtn",2016-01-21,NA,NA,"Acari",2,NA,NA,"not measured","DaFl","1",9
"LoneMtn",2016-01-21,NA,NA,"Bdellidae",1,NA,NA,"not measured","DaFl","1",9
"LoneMtn",2016-01-21,NA,NA,"Xysticus",1,NA,NA,"not measured","DaFl","1",9
"LoneMtn",2016-01-21,NA,NA,"Bdellidae",1,NA,NA,"not measured","DaFl","2",9
"LoneMtn",2016-01-21,NA,NA,"Isotomidae",2,NA,NA,"not measured","DaFl","2",9
"LoneMtn",2016-01-21,NA,NA,"Hypogastruridae",1,NA,NA,"not measured","DaFl","3",9
"LoneMtn",2016-01-21,NA,NA,"Pheidole",1,NA,NA,"not measured","DaFl","3",9
"LoneMtn",2016-01-21,NA,NA,"Ptomaphagus",1,NA,NA,"not measured","DaFl","3",9
"LoneMtn",2016-01-21,NA,NA,"Isotomidae",2,NA,NA,"not measured","DaFl","4",9
"LoneMtn",2016-01-21,NA,NA,"Ptomaphagus",2,NA,NA,"not measured","DaFl","4",9
"LoneMtn",2016-01-21,NA,NA,"Termitidae",2,NA,NA,"not measured","DaFl","4",9
"LoneMtn",2016-01-21,NA,NA,"Hypogastruridae",1,NA,NA,"not measured","DaFl","5",9
"LoneMtn",2016-01-21,NA,NA,"Isotomidae",4,NA,NA,"not measured","DaFl","5",9
"LoneMtn",2016-01-21,NA,NA,"Ptomaphagus",1,NA,NA,"not measured","DaFl","6",9
"LoneMtn",2016-01-21,NA,NA,"Isotomidae",4,NA,NA,"not measured","DaFl","7",9
"LoneMtn",2016-01-21,NA,NA,"Ptomaphagus",1,NA,NA,"not measured","DaFl","7",9
"LoneMtn",2016-01-21,NA,NA,"Isotomidae",3,NA,NA,"not measured","DaFl","8",9
"LoneMtn",2016-01-21,NA,NA,"Pheidole",6,NA,NA,"not measured","DaFl","9",9
"LoneMtn",2016-01-21,"Missing","trap_not_collected",NA,NA,NA,NA,NA,NA,"10",9
"LoneMtn",2016-04-21,NA,NA,"Anystoidea",3,NA,NA,"not measured","DaFl","1",9
"LoneMtn",2016-04-21,NA,NA,"Caeculidae",1,NA,NA,"not measured","DaFl","1",9
"LoneMtn",2016-04-21,NA,NA,"Coleoptera",2,"TRUE",NA,"not measured","DaFl","1",9
"LoneMtn",2016-04-21,NA,NA,"Elateridae",3,NA,NA,"not measured","DaFl","1",9
"LoneMtn",2016-04-21,NA,NA,"Entomobryidae",3,NA,NA,"not measured","DaFl","1",9
"LoneMtn",2016-04-21,NA,NA,"Isotomidae",1,NA,NA,"not measured","DaFl","1",9
"LoneMtn",2016-04-21,NA,NA,"Lepismatidae",2,NA,NA,"not measured","DaFl","1",9
"LoneMtn",2016-04-21,NA,NA,"Meinertellidae",1,NA,NA,"not measured","DaFl","1",9
"LoneMtn",2016-04-21,NA,NA,"Ptomaphagus",1,NA,NA,"not measured","DaFl","1",9
"LoneMtn",2016-04-21,NA,NA,"Solenopsis",2,NA,NA,"not measured","DaFl","1",9
"LoneMtn",2016-04-21,NA,NA,"Trombidioidea",1,NA,NA,"not measured","DaFl","1",9
"LoneMtn",2016-04-21,"Empty","empty_trap",NA,NA,NA,NA,NA,NA,"2",9
"LoneMtn",2016-04-21,NA,NA,"Anystoidea",8,NA,NA,"not measured","DaFl","3",9
"LoneMtn",2016-04-21,NA,NA,"Entomobryidae",1,NA,NA,"not measured","DaFl","3",9
"LoneMtn",2016-04-21,NA,NA,"Linyphiidae",1,NA,NA,"not measured","DaFl","3",9
"LoneMtn",2016-04-21,NA,NA,"Mantodea",1,"TRUE",NA,"not measured","DaFl","3",9
"LoneMtn",2016-04-21,NA,NA,"Meinertellidae",2,NA,NA,"not measured","DaFl","3",9
"LoneMtn",2016-04-21,NA,NA,"Novomessor cockerelli",1,NA,NA,"not measured","DaFl","3",9
"LoneMtn",2016-04-21,"Empty","empty_trap",NA,NA,NA,NA,NA,NA,"4",9
"LoneMtn",2016-04-21,NA,NA,"Acari",1,NA,NA,"not measured","DaFl","5",9
"LoneMtn",2016-04-21,NA,NA,"Forelius",1,NA,NA,"not measured","DaFl","5",9
"LoneMtn",2016-04-21,NA,NA,"Lepismatidae",1,NA,NA,"not measured","DaFl","5",9
"LoneMtn",2016-04-21,NA,NA,"Pogonomyrmex rugosus",1,NA,NA,"not measured","DaFl","5",9
"LoneMtn",2016-04-21,NA,NA,"Psilochorus",1,NA,NA,"not measured","DaFl","6",9
"LoneMtn",2016-04-21,NA,NA,"Pheidole",1,NA,NA,"not measured","DaFl","7",9
"LoneMtn",2016-04-21,NA,NA,"Trombidioidea",2,NA,NA,"not measured","DaFl","7",9
"LoneMtn",2016-04-21,NA,NA,"Coleoptera",1,"TRUE",NA,"not measured","DaFl","8",9
"LoneMtn",2016-04-21,NA,NA,"Entomobryidae",1,NA,NA,"not measured","DaFl","8",9
"LoneMtn",2016-04-21,NA,NA,"Caeculidae",1,NA,NA,"not measured","DaFl","9",9
"LoneMtn",2016-04-21,NA,NA,"Entomobryidae",1,NA,NA,"not measured","DaFl","9",9
"LoneMtn",2016-04-21,NA,NA,"Meinertellidae",1,NA,NA,"not measured","DaFl","9",9
"LoneMtn",2016-04-21,NA,NA,"Pheidole",4,NA,NA,"not measured","DaFl","9",9
"LoneMtn",2016-04-21,NA,NA,"Tetramorium",1,NA,NA,"not measured","DaFl","9",9
"LoneMtn",2016-04-21,"Not Collected","trap_not_collected",NA,NA,NA,NA,NA,NA,"10",9
"LoneMtn",2016-07-21,NA,NA,"Anystoidea",1,NA,NA,"not measured","DaFl","1",9
"LoneMtn",2016-07-21,NA,NA,"Hadrurus arizonensis",1,NA,NA,"greater than 10 mm","DaFl","1",9
"LoneMtn",2016-07-21,NA,NA,"Araneidae",1,NA,NA,"less than 2 mm","DaFl","2",9
"LoneMtn",2016-07-21,NA,NA,"Anystoidea",2,NA,NA,"not measured","DaFl","3",9
"LoneMtn",2016-07-21,NA,NA,"Linyphiidae",1,NA,NA,"not measured","DaFl","3",9
"LoneMtn",2016-07-21,NA,NA,"Tetramorium",1,NA,NA,"not measured","DaFl","3",9
"LoneMtn",2016-07-21,"Empty","empty_trap",NA,NA,NA,NA,NA,NA,"4",9
"LoneMtn",2016-07-21,"Empty","empty_trap",NA,NA,NA,NA,NA,NA,"5",9
"LoneMtn",2016-07-21,NA,NA,"Anystoidea",1,NA,NA,"not measured","DaFl","6",9
"LoneMtn",2016-07-21,NA,NA,"Entomobryidae",1,NA,NA,"not measured","DaFl","6",9
"LoneMtn",2016-07-21,NA,NA,"Linepithema humile",2,NA,NA,"not measured","DaFl","7",9
"LoneMtn",2016-07-21,NA,NA,"Novomessor cockerelli",1,NA,NA,"not measured","DaFl","7",9
"LoneMtn",2016-07-21,NA,NA,"Solenopsis",1,NA,NA,"not measured","DaFl","7",9
"LoneMtn",2016-07-21,NA,NA,"Meinertellidae",1,NA,NA,"not measured","DaFl","8",9
"LoneMtn",2016-07-21,NA,NA,"Neivamyrmex",1,NA,NA,"not measured","DaFl","8",9
"LoneMtn",2016-07-21,NA,NA,"Monomorium",3,NA,NA,"not measured","DaFl","9",9
"LoneMtn",2016-07-21,NA,NA,"Pheidole",1,NA,NA,"not measured","DaFl","9",9
"LoneMtn",2016-07-21,"Not Collected","trap_not_collected",NA,NA,NA,NA,NA,NA,"10",9
"LoneMtn",2016-10-21,NA,NA,"Pholcidae",1,NA,NA,"not measured","DaFl","1",10
"LoneMtn",2016-10-21,NA,NA,"Forelius",1,NA,NA,"not measured","DaFl","2",10
"LoneMtn",2016-10-21,NA,NA,"Linyphiidae",2,NA,NA,"not measured","DaFl","2",10
"LoneMtn",2016-10-21,NA,NA,"Solenopsis",1,NA,NA,"not measured","DaFl","2",10
"LoneMtn",2016-10-21,NA,NA,"Tetramorium",1,NA,NA,"not measured","DaFl","2",10
"LoneMtn",2016-10-21,"Elateridae damaged",NA,"Elateridae",1,NA,NA,"not measured","DaFl","3",10
"LoneMtn",2016-10-21,"Empty","empty_trap",NA,NA,NA,NA,NA,NA,"4",10
"LoneMtn",2016-10-21,NA,NA,"Gnaphosidae",1,NA,NA,"not measured","DaFl","5",10
"LoneMtn",2016-10-21,NA,NA,"Pheidole",1,NA,NA,"not measured","DaFl","6",10
"LoneMtn",2016-10-21,NA,NA,"Forelius",1,NA,NA,"not measured","DaFl","7",10
"LoneMtn",2016-10-21,NA,NA,"Pheidole",3,NA,NA,"not measured","DaFl","7",10
"LoneMtn",2016-10-21,NA,NA,"Araeoschizus sulcicollis",1,NA,NA,"not measured","DaFl","8",10
"LoneMtn",2016-10-21,NA,NA,"Erythraeidae",1,NA,NA,"not measured","DaFl","9",10
"LoneMtn",2016-10-21,NA,NA,"Linyphiidae",1,NA,NA,"not measured","DaFl","9",10
"LoneMtn",2016-10-21,NA,NA,"Novomessor cockerelli",1,NA,NA,"not measured","DaFl","9",10
"LoneMtn",2016-10-21,NA,NA,"Pheidole",1,NA,NA,"not measured","DaFl","9",10
"LoneMtn",2016-10-21,NA,NA,"Vaejovidae",1,"TRUE",NA,"not measured","DaFl","10",10
"LoneMtn",2017-01-20,"Empty","empty_trap",NA,NA,NA,NA,NA,NA,"1",9
"LoneMtn",2017-01-20,NA,NA,"Ptomaphagus",1,NA,NA,"not measured","DaFl","2",9
"LoneMtn",2017-01-20,NA,NA,"Neivamyrmex",1,NA,NA,"not measured","DaFl","4",9
"LoneMtn",2017-01-20,NA,NA,"Ptomaphagus",1,NA,NA,"not measured","DaFl","4",9
"LoneMtn",2017-01-20,NA,NA,"Neivamyrmex",1,NA,NA,"not measured","DaFl","5",9
"LoneMtn",2017-01-20,"Empty","empty_trap",NA,NA,NA,NA,NA,NA,"6",9
"LoneMtn",2017-01-20,"Empty","empty_trap",NA,NA,NA,NA,NA,NA,"7",9
"LoneMtn",2017-01-20,NA,NA,"Neivamyrmex",25,NA,NA,"not measured","DaFl","8",9
"LoneMtn",2017-01-20,NA,NA,"Solenopsis amblychila",2,NA,NA,"not measured","DaFl","8",9
"LoneMtn",2017-01-20,NA,NA,"Neivamyrmex",1,NA,NA,"not measured","DaFl","9",9
"LoneMtn",2017-01-20,NA,NA,"Ptomaphagus",1,NA,NA,"not measured","DaFl","9",9
"LoneMtn",2017-01-20,NA,NA,"Staphylinidae",1,NA,NA,"not measured","DaFl","9",9
"LoneMtn",2017-01-20,NA,NA,"Lycosidae",1,NA,NA,"not measured","DaFl","10",9
"LoneMtn",2017-01-20,NA,NA,"Neivamyrmex",1,NA,NA,"not measured","DaFl","10",9
"LoneMtn",2017-04-21,NA,NA,"Anystidae",5,NA,NA,"not measured","DaFl","1",9
"LoneMtn",2017-04-21,NA,NA,"Entomobryidae",60,NA,NA,"not measured","DaFl","1",9
"LoneMtn",2017-04-21,NA,NA,"Myrmecocystus",1,NA,NA,"not measured","DaFl","1",9
"LoneMtn",2017-04-21,NA,NA,"Psilochorus",3,NA,NA,"not measured","DaFl","1",9
"LoneMtn",2017-04-21,NA,NA,"Entomobryidae",1,NA,NA,"not measured","DaFl","2",9
"LoneMtn",2017-04-21,"Empty","empty_trap",NA,NA,NA,NA,NA,NA,"3",9
"LoneMtn",2017-04-21,"one pinned",NA,"Dorymyrmex insanus",1,NA,NA,"not measured","DaFl","4",9
"LoneMtn",2017-04-21,"one pinned",NA,"Entomobryidae",2,NA,NA,"not measured","DaFl","4",9
"LoneMtn",2017-04-21,"one pinned",NA,"Hadrurus arizonensis",1,NA,NA,"greater than 10 mm","DaFl","4",9
"LoneMtn",2017-04-21,"one pinned",NA,"Mecinus",1,NA,NA,"not measured","DaFl","4",9
"LoneMtn",2017-04-21,NA,NA,"Anystidae",5,NA,NA,"not measured","DaFl","5",9
"LoneMtn",2017-04-21,NA,NA,"Entomobryidae",5,NA,NA,"not measured","DaFl","5",9
"LoneMtn",2017-04-21,NA,NA,"Gnaphosidae",1,NA,NA,"not measured","DaFl","5",9
"LoneMtn",2017-04-21,NA,NA,"Hemiptera",1,"TRUE",NA,"not measured","DaFl","5",9
"LoneMtn",2017-04-21,NA,NA,"Ptomaphagus",1,NA,NA,"not measured","DaFl","5",9
"LoneMtn",2017-04-21,NA,NA,"Steriphanus",1,NA,NA,"not measured","DaFl","5",9
"LoneMtn",2017-04-21,NA,NA,"Anystoidea",3,NA,NA,"not measured","DaFl","6",9
"LoneMtn",2017-04-21,NA,NA,"Coleoptera",3,"TRUE",NA,"not measured","DaFl","6",9
"LoneMtn",2017-04-21,NA,NA,"Entomobryidae",1,NA,NA,"not measured","DaFl","6",9
"LoneMtn",2017-04-21,NA,NA,"Erythraeoidea",1,NA,NA,"not measured","DaFl","6",9
"LoneMtn",2017-04-21,NA,NA,"Mutillidae",1,NA,NA,"not measured","DaFl","6",9
"LoneMtn",2017-04-21,NA,NA,"Oxyopes",1,NA,NA,"not measured","DaFl","6",9
"LoneMtn",2017-04-21,NA,NA,"Anystidae",4,NA,NA,"not measured","DaFl","7",9
"LoneMtn",2017-04-21,NA,NA,"Argoporis",1,NA,NA,"not measured","DaFl","7",9
"LoneMtn",2017-04-21,NA,NA,"Meinertellidae",1,NA,NA,"not measured","DaFl","7",9
"LoneMtn",2017-04-21,NA,NA,"Meinertellidae",1,NA,NA,"not measured","DaFl","8",9
"LoneMtn",2017-04-21,NA,NA,"Novomessor cockerelli",1,NA,NA,"not measured","DaFl","8",9
"LoneMtn",2017-04-21,"Empty","empty_trap",NA,NA,NA,NA,NA,NA,"9",9
"LoneMtn",2017-04-21,"Disturbed, not collected","trap_not_collected",NA,NA,NA,NA,NA,NA,"10",9
"LoneMtn",2017-10-23,NA,NA,"Hadrurus arizonensis",1,NA,NA,"not measured","DaFl","1",6
"LoneMtn",2017-10-23,NA,NA,"Neivamyrmex",1,NA,NA,"not measured","DaFl","2",6
"LoneMtn",2017-10-23,NA,NA,"Chrysomelidae",1,"TRUE",NA,"not measured","DaFl","3",6
"LoneMtn",2017-10-23,NA,NA,"Solenopsis xyloni",1,NA,NA,"not measured","DaFl","5",6
"LoneMtn",2017-10-23,"Empty","empty_trap",NA,NA,NA,NA,NA,NA,"6",6
"LoneMtn",2017-10-23,NA,NA,"Mutillidae",1,NA,NA,"not measured","DaFl","7",6
"LoneMtn",2018-01-26,NA,NA,"Erythraeidae",2,NA,NA,"not measured","DaFl","1",9
"LoneMtn",2018-01-26,NA,NA,"Ptomaphagus",1,NA,NA,"not measured","DaFl","1",9
"LoneMtn",2018-01-26,"specimens separated for further ID",NA,"Philodromidae",2,NA,NA,"not measured","DaFl","2",9
"LoneMtn",2018-01-26,"Empty","empty_trap",NA,NA,NA,NA,NA,NA,"3",9
"LoneMtn",2018-01-26,NA,NA,"Solenopsis",7,NA,NA,"not measured","DaFl","4",9
"LoneMtn",2018-01-26,NA,NA,"Solenopsis",1,NA,NA,"not measured","DaFl","5",9
"LoneMtn",2018-01-26,NA,NA,"Hemiptera",1,"TRUE",NA,"not measured","DaFl","6",9
"LoneMtn",2018-01-26,NA,NA,"Psocodea",1,"TRUE",NA,"not measured","DaFl","7",9
"LoneMtn",2018-01-26,"Empty","empty_trap",NA,NA,NA,NA,NA,NA,"8",9
"LoneMtn",2018-01-26,NA,NA,"Xysticus",1,NA,NA,"not measured","DaFl","9",9
"LoneMtn",2018-01-26,"not collected","trap_not_collected",NA,NA,NA,NA,NA,NA,"10",9
"LoneMtn",2018-04-27,NA,NA,"Argoporis",1,NA,NA,"not measured","DaFl","1",9
"LoneMtn",2018-04-27,NA,NA,"Erythraeidae",1,NA,NA,"not measured","DaFl","1",9
"LoneMtn",2018-04-27,NA,NA,"Termitidae",1,NA,NA,"not measured","DaFl","1",9
"LoneMtn",2018-04-27,"Empty","empty_trap",NA,NA,NA,NA,NA,NA,"2",9
"LoneMtn",2018-04-27,NA,NA,"Euryopis",1,NA,NA,"not measured","DaFl","3",9
"LoneMtn",2018-04-27,"Empty","empty_trap",NA,NA,NA,NA,NA,NA,"4",9
"LoneMtn",2018-04-27,NA,NA,"Solenopsis amblychila",2,NA,NA,"not measured","DaFl","5",9
"LoneMtn",2018-04-27,NA,NA,"Trombidioidea",1,NA,NA,"not measured","DaFl","5",9
"LoneMtn",2018-04-27,"Empty","empty_trap",NA,NA,NA,NA,NA,NA,"6",9
"LoneMtn",2018-04-27,NA,NA,"Erythraeidae",1,NA,NA,"not measured","DaFl","7",9
"LoneMtn",2018-04-27,NA,NA,"Nocibiotes",2,NA,NA,"not measured","DaFl","7",9
"LoneMtn",2018-04-27,NA,NA,"Xysticus",1,NA,NA,"not measured","DaFl","7",9
"LoneMtn",2018-04-27,"Empty","empty_trap",NA,NA,NA,NA,NA,NA,"8",9
"LoneMtn",2018-04-27,"Empty","empty_trap",NA,NA,NA,NA,NA,NA,"9",9
"LoneMtn",2018-04-27,"not collected","trap_not_collected",NA,NA,NA,NA,NA,NA,"10",9
"LoneMtn",2018-10-29,NA,NA,"Pheidole",1,NA,NA,"not measured","DaFl","1",9
"LoneMtn",2018-10-29,NA,NA,"Sminthuridae",2,NA,NA,"not measured","DaFl","1",9
"LoneMtn",2018-10-29,NA,NA,"Solenopsis xyloni",1,NA,NA,"not measured","DaFl","2",9
"LoneMtn",2018-10-29,NA,NA,"Bdellidae",1,NA,NA,"not measured","DaFl","3",9
"LoneMtn",2018-10-29,NA,NA,"Hypogastruridae",3,NA,NA,"not measured","DaFl","3",9
"LoneMtn",2018-10-29,NA,NA,"Sminthuridae",2,NA,NA,"not measured","DaFl","3",9
"LoneMtn",2018-10-29,NA,NA,"Anystoidea",6,NA,NA,"not measured","DaFl","4",9
"LoneMtn",2018-10-29,NA,NA,"Isotomidae",1,NA,NA,"not measured","DaFl","4",9
"LoneMtn",2018-10-29,NA,NA,"Sminthuridae",2,NA,NA,"not measured","DaFl","4",9
"LoneMtn",2018-10-29,NA,NA,"Gnaphosidae",1,NA,NA,"not measured","DaFl","5",9
"LoneMtn",2018-10-29,NA,NA,"Novomessor cockerelli",4,NA,NA,"not measured","DaFl","5",9
"LoneMtn",2018-10-29,NA,NA,"Sminthuridae",2,NA,NA,"not measured","DaFl","5",9
"LoneMtn",2018-10-29,NA,NA,"Erythraeidae",1,NA,NA,"not measured","DaFl","6",9
"LoneMtn",2018-10-29,NA,NA,"Sminthuridae",3,NA,NA,"not measured","DaFl","6",9
"LoneMtn",2018-10-29,NA,NA,"Isotomidae",1,NA,NA,"not measured","DaFl","7",9
"LoneMtn",2018-10-29,NA,NA,"Sminthuridae",2,NA,NA,"not measured","DaFl","7",9
"LoneMtn",2018-10-29,NA,NA,"Sminthuridae",2,NA,NA,"not measured","DaFl","8",9
"LoneMtn",2018-10-29,NA,NA,"Solenopsis xyloni",1,NA,NA,"not measured","DaFl","8",9
"LoneMtn",2018-10-29,NA,NA,"Anystoidea",1,NA,NA,"not measured","DaFl","9",9
"LoneMtn",2018-10-29,NA,NA,"Argoporis bicolor",1,NA,NA,"greater than 10 mm","DaFl","9",9
"LoneMtn",2018-10-29,NA,NA,"Novomessor cockerelli",2,NA,NA,"not measured","DaFl","9",9
"LoneMtn",2018-10-29,NA,NA,"Sminthuridae",2,NA,NA,"not measured","DaFl","9",9
"LoneMtn",2018-10-29,NA,NA,"Solenopsis xyloni",1,NA,NA,"not measured","DaFl","9",9
"LoneMtn",2018-10-29,NA,NA,"Termitidae",1,NA,NA,"not measured","DaFl","9",9
"LoneMtn",2018-10-29,NA,NA,"Tetramorium hispidum",2,NA,NA,"not measured","DaFl","9",9
"LoneMtn",2018-10-29,"Not received","trap_not_collected",NA,NA,NA,NA,NA,NA,"10",9
"LoneMtn",2019-01-24,NA,NA,"Entomobryidae",1,NA,NA,"less than 2 mm","GaRi","1",9
"LoneMtn",2019-01-24,NA,NA,"Erythraeidae",5,NA,NA,"less than 2 mm","GaRi","1",9
"LoneMtn",2019-01-24,NA,NA,"Lepidoptera",1,NA,NA,"not measured","DaFl","1",9
"LoneMtn",2019-01-24,NA,NA,"Pheidole",1,NA,NA,"not measured","DaFl","1",9
"LoneMtn",2019-01-24,NA,NA,"Psilochorus",1,NA,NA,"not measured","DaFl","1",9
"LoneMtn",2019-01-24,NA,NA,"Sminthuridae",1,NA,NA,"less than 2 mm","GaRi","1",9
"LoneMtn",2019-01-24,NA,NA,"Caeculidae",1,NA,NA,"less than 2 mm","GaRi","2",9
"LoneMtn",2019-01-24,NA,NA,"Erythraeidae",2,NA,NA,"less than 2 mm","GaRi","2",9
"LoneMtn",2019-01-24,NA,NA,"Monomorium",1,NA,NA,"not measured","DaFl","2",9
"LoneMtn",2019-01-24,NA,NA,"Pheidole",1,NA,NA,"not measured","DaFl","2",9
"LoneMtn",2019-01-24,NA,NA,"Pseudoscorpiones",1,NA,NA,"not measured","DaFl","2",9
"LoneMtn",2019-01-24,NA,NA,"Psocodea",1,"TRUE",NA,"not measured","DaFl","2",9
"LoneMtn",2019-01-24,NA,NA,"Solenopsis xyloni",1,NA,NA,"not measured","DaFl","2",9
"LoneMtn",2019-01-24,NA,NA,"Entomobryidae",2,NA,NA,"less than 2 mm","GaRi","3",9
"LoneMtn",2019-01-24,NA,NA,"Erythraeidae",27,NA,NA,"less than 2 mm","GaRi","3",9
"LoneMtn",2019-01-24,NA,NA,"Hemiptera",2,"TRUE",NA,"not measured","DaFl","3",9
"LoneMtn",2019-01-24,NA,NA,"Hypogastruridae",2,NA,NA,"less than 2 mm","GaRi","3",9
"LoneMtn",2019-01-24,NA,NA,"Bdellidae",2,NA,NA,"less than 2 mm","GaRi","4",9
"LoneMtn",2019-01-24,NA,NA,"Entomobryidae",1,NA,NA,"less than 2 mm","GaRi","4",9
"LoneMtn",2019-01-24,NA,NA,"Erythraeidae",1,NA,NA,"less than 2 mm","GaRi","4",9
"LoneMtn",2019-01-24,NA,NA,"Entomobryidae",21,NA,NA,"less than 2 mm","GaRi","5",9
"LoneMtn",2019-01-24,NA,NA,"Erythraeidae",18,NA,NA,"less than 2 mm","GaRi","5",9
"LoneMtn",2019-01-24,NA,NA,"Hemiptera",1,"TRUE",NA,"not measured","DaFl","5",9
"LoneMtn",2019-01-24,NA,NA,"Lepidoptera",1,"TRUE",NA,"not measured","DaFl","5",9
"LoneMtn",2019-01-24,NA,NA,"Sminthuridae",2,NA,NA,"less than 2 mm","GaRi","5",9
"LoneMtn",2019-01-24,NA,NA,"Solenopsis xyloni",7,NA,NA,"not measured","DaFl","5",9
"LoneMtn",2019-01-24,NA,NA,"Aphididae",1,NA,NA,"not measured","DaFl","6",9
"LoneMtn",2019-01-24,NA,NA,"Chalcidoidea",1,NA,NA,"not measured","DaFl","6",9
"LoneMtn",2019-01-24,NA,NA,"Entomobryidae",1,NA,NA,"less than 2 mm","GaRi","6",9
"LoneMtn",2019-01-24,NA,NA,"Erythraeidae",5,NA,NA,"less than 2 mm","GaRi","6",9
"LoneMtn",2019-01-24,NA,NA,"Hemiptera",1,"TRUE",NA,"not measured","DaFl","6",9
"LoneMtn",2019-01-24,NA,NA,"Lepidoptera",1,"TRUE",NA,"not measured","DaFl","6",9
"LoneMtn",2019-01-24,NA,NA,"Sminthuridae",1,NA,NA,"less than 2 mm","GaRi","6",9
"LoneMtn",2019-01-24,NA,NA,"Bdellidae",2,NA,NA,"less than 2 mm","GaRi","7",9
"LoneMtn",2019-01-24,NA,NA,"Erythraeidae",3,NA,NA,"less than 2 mm","GaRi","7",9
"LoneMtn",2019-01-24,NA,NA,"Hemiptera",1,"TRUE",NA,"not measured","DaFl","7",9
"LoneMtn",2019-01-24,NA,NA,"Dorymyrmex",1,NA,NA,"not measured","DaFl","8",9
"LoneMtn",2019-01-24,NA,NA,"Entomobryidae",1,NA,NA,"less than 2 mm","GaRi","8",9
"LoneMtn",2019-01-24,NA,NA,"Erythraeidae",4,NA,NA,"less than 2 mm","GaRi","8",9
"LoneMtn",2019-01-24,NA,NA,"Hemiptera",1,"TRUE",NA,"not measured","DaFl","8",9
"LoneMtn",2019-01-24,NA,NA,"Mecinus",1,NA,NA,"not measured","DaFl","8",9
"LoneMtn",2019-01-24,NA,NA,"Semium",1,NA,NA,"not measured","DaFl","8",9
"LoneMtn",2019-01-24,NA,NA,"Theridiidae",1,NA,NA,"not measured","DaFl","8",9
"LoneMtn",2019-01-24,NA,NA,"Erythraeidae",1,NA,NA,"less than 2 mm","GaRi","9",9
"LoneMtn",2019-01-24,NA,"trap_not_collected",NA,NA,NA,NA,NA,NA,"10",9
"LoneMtn",2019-04-25,NA,NA,"Rhaphidophorinae",1,NA,NA,"not measured","DaFl","1",9
"LoneMtn",2019-04-25,NA,NA,"Solenopsis xyloni",2,NA,NA,"not measured","DaFl","2",9
"LoneMtn",2019-04-25,NA,NA,"Anystoidea",3,NA,NA,"not measured","DaFl","3",9
"LoneMtn",2019-04-25,NA,NA,"Entomobryidae",23,NA,NA,"not measured","DaFl","3",9
"LoneMtn",2019-04-25,NA,NA,"Phalangiidae",1,NA,NA,"not measured","DaFl","3",9
"LoneMtn",2019-04-25,NA,NA,"Thripidae",2,NA,NA,"not measured","DaFl","3",9
"LoneMtn",2019-04-25,NA,NA,"Linyphiidae",1,NA,NA,"not measured","DaFl","4",9
"LoneMtn",2019-04-25,NA,NA,"Myrmeleontidae",1,NA,NA,"not measured","DaFl","4",9
"LoneMtn",2019-04-25,NA,NA,"Aphididae",3,NA,NA,"not measured","DaFl","5",9
"LoneMtn",2019-04-25,NA,NA,"Coleoptera",1,"TRUE",NA,"not measured","DaFl","5",9
"LoneMtn",2019-04-25,NA,NA,"Entomobryidae",2,NA,NA,"not measured","DaFl","5",9
"LoneMtn",2019-04-25,NA,NA,"Mecinus",1,NA,NA,"not measured","DaFl","5",9
"LoneMtn",2019-04-25,NA,NA,"Pheidole",1,NA,NA,"not measured","DaFl","6",9
"LoneMtn",2019-04-25,"Empty","empty_trap",NA,NA,NA,NA,NA,NA,"7",9
"LoneMtn",2019-04-25,NA,NA,"Myrmosidae",1,NA,NA,"not measured","DaFl","8",9
"LoneMtn",2019-04-25,NA,NA,"Forelius",3,NA,NA,"not measured","DaFl","9",9
"LoneMtn",2019-04-25,NA,NA,"Novomessor cockerelli",2,NA,NA,"not measured","DaFl","9",9
"LoneMtn",2019-10-25,NA,NA,"Anystoidea",2,NA,NA,"not measured","DaFl","1",9
"LoneMtn",2019-10-25,NA,NA,"Gnaphosidae",1,NA,NA,"not measured","DaFl","1",9
"LoneMtn",2019-10-25,NA,NA,"Pheidole",1,NA,NA,"not measured","DaFl","1",9
"LoneMtn",2019-10-25,NA,NA,"Psilochorus",1,NA,NA,"not measured","DaFl","2",9
"LoneMtn",2019-10-25,NA,NA,"Meinertellidae",1,NA,NA,"not measured","DaFl","3",9
"LoneMtn",2019-10-25,NA,NA,"Anystoidea",1,NA,NA,"not measured","DaFl","4",9
"LoneMtn",2019-10-25,NA,NA,"Latrodectus",1,NA,NA,"not measured","DaFl","4",9
"LoneMtn",2019-10-25,NA,NA,"Anystoidea",1,NA,NA,"not measured","DaFl","5",9
"LoneMtn",2019-10-25,NA,NA,"Deltocephalus",1,NA,NA,"not measured","DaFl","5",9
"LoneMtn",2019-10-25,NA,NA,"Erythraeoidea",1,NA,NA,"not measured","DaFl","5",9
"LoneMtn",2019-10-25,NA,NA,"Solenopsis xyloni",4,NA,NA,"not measured","DaFl","5",9
"LoneMtn",2019-10-25,NA,NA,"Psilochorus",2,NA,NA,"not measured","DaFl","6",9
"LoneMtn",2019-10-25,NA,NA,"Anystoidea",1,NA,NA,"not measured","DaFl","7",9
"LoneMtn",2019-10-25,NA,NA,"Paravaejovis spinigerus",1,NA,NA,"greater than 10 mm","DaFl","7",9
"LoneMtn",2019-10-25,NA,NA,"Anystoidea",1,NA,NA,"not measured","DaFl","8",9
"LoneMtn",2019-10-25,NA,NA,"Erythraeoidea",1,NA,NA,"not measured","DaFl","8",9
"LoneMtn",2019-10-25,NA,NA,"Erythraeoidea",2,NA,NA,"not measured","DaFl","9",9
"LoneMtn",2019-10-25,NA,NA,"Lepismatidae",1,NA,NA,"not measured","DaFl","9",9
"LoneMtn",2019-10-25,NA,NA,"Meinertellidae",1,NA,NA,"not measured","DaFl","9",9
"LoneMtn",2019-10-25,NA,NA,"Solenopsis xyloni",1,NA,NA,"not measured","DaFl","9",9
"LoneMtn",2020-01-20,NA,NA,"Chironomidae",1,NA,NA,"not measured","DaFl","1",9
"LoneMtn",2020-01-20,NA,NA,"Erythraeoidea",16,NA,NA,"not measured","DaFl","1",9
"LoneMtn",2020-01-20,NA,NA,"Hypogastruridae",1,NA,NA,"not measured","DaFl","1",9
"LoneMtn",2020-01-20,NA,NA,"Isotomidae",3,NA,NA,"not measured","DaFl","1",9
"LoneMtn",2020-01-20,NA,NA,"Sminthuridae",3,NA,NA,"not measured","DaFl","1",9
"LoneMtn",2020-01-20,NA,NA,"Hypogastruridae",3,NA,NA,"not measured","DaFl","2",9
"LoneMtn",2020-01-20,NA,NA,"Isotomidae",2,NA,NA,"not measured","DaFl","2",9
"LoneMtn",2020-01-20,NA,NA,"Linyphiidae",3,NA,NA,"not measured","DaFl","2",9
"LoneMtn",2020-01-20,NA,NA,"Oribatida",22,NA,NA,"not measured","DaFl","2",9
"LoneMtn",2020-01-20,NA,NA,"Psilochorus",1,NA,NA,"not measured","DaFl","2",9
"LoneMtn",2020-01-20,NA,NA,"Ptomaphagus",1,NA,NA,"not measured","DaFl","2",9
"LoneMtn",2020-01-20,NA,NA,"Erythraeidae",1,NA,NA,"not measured","DaFl","3",9
"LoneMtn",2020-01-20,NA,NA,"Isotomidae",3,NA,NA,"not measured","DaFl","3",9
"LoneMtn",2020-01-20,NA,NA,"Linyphiidae",2,NA,NA,"not measured","DaFl","3",9
"LoneMtn",2020-01-20,NA,NA,"Oribatida",7,NA,NA,"not measured","DaFl","3",9
"LoneMtn",2020-01-20,NA,NA,"Anystoidea",1,NA,NA,"not measured","DaFl","4",9
"LoneMtn",2020-01-20,NA,NA,"Erythraeidae",2,NA,NA,"not measured","DaFl","4",9
"LoneMtn",2020-01-20,NA,NA,"Isotomidae",6,NA,NA,"not measured","DaFl","4",9
"LoneMtn",2020-01-20,NA,NA,"Oribatida",115,NA,NA,"not measured","DaFl","4",9
"LoneMtn",2020-01-20,NA,NA,"Sciaridae",1,NA,NA,"not measured","DaFl","4",9
"LoneMtn",2020-01-20,NA,NA,"Sminthuridae",1,NA,NA,"not measured","DaFl","4",9
"LoneMtn",2020-01-20,NA,NA,"Alopecosa",1,NA,NA,"not measured","DaFl","5",9
"LoneMtn",2020-01-20,NA,NA,"Erythraeidae",1,NA,NA,"not measured","DaFl","5",9
"LoneMtn",2020-01-20,NA,NA,"Isotomidae",2,NA,NA,"not measured","DaFl","5",9
"LoneMtn",2020-01-20,NA,NA,"Oribatida",11,NA,NA,"not measured","DaFl","5",9
"LoneMtn",2020-01-20,NA,NA,"Psilochorus",1,NA,NA,"not measured","DaFl","5",9
"LoneMtn",2020-01-20,NA,NA,"Solenopsis xyloni",1,NA,NA,"not measured","DaFl","5",9
"LoneMtn",2020-01-20,NA,NA,"Diptera",1,"TRUE",NA,"not measured","DaFl","6",9
"LoneMtn",2020-01-20,NA,NA,"Isotomidae",1,NA,NA,"not measured","DaFl","6",9
"LoneMtn",2020-01-20,NA,NA,"Oribatida",13,NA,NA,"not measured","DaFl","6",9
"LoneMtn",2020-01-20,NA,NA,"Ptomaphagus",1,NA,NA,"not measured","DaFl","6",9
"LoneMtn",2020-01-20,NA,NA,"Isotomidae",1,NA,NA,"not measured","DaFl","7",9
"LoneMtn",2020-01-20,NA,NA,"Oribatida",32,NA,NA,"not measured","DaFl","7",9
"LoneMtn",2020-01-20,NA,NA,"Phalangiidae",1,NA,NA,"not measured","DaFl","7",9
"LoneMtn",2020-01-20,NA,NA,"Psilochorus",1,NA,NA,"not measured","DaFl","7",9
"LoneMtn",2020-01-20,NA,NA,"Thripidae",1,NA,NA,"not measured","DaFl","7",9
"LoneMtn",2020-01-20,NA,NA,"Oribatida",2,NA,NA,"not measured","DaFl","8",9
"LoneMtn",2020-01-20,NA,NA,"Psilochorus",1,NA,NA,"not measured","DaFl","8",9
"LoneMtn",2020-01-20,NA,NA,"Anystoidea",1,NA,NA,"not measured","DaFl","9",9
"LoneMtn",2020-01-20,NA,NA,"Bdellidae",1,NA,NA,"not measured","DaFl","9",9
"LoneMtn",2020-01-20,NA,NA,"Erythraeidae",5,NA,NA,"not measured","DaFl","9",9
"LoneMtn",2020-01-20,NA,NA,"Lepidoptera",1,"TRUE",NA,"not measured","DaFl","9",9
"LoneMtn",2020-01-20,NA,NA,"Phalangiidae",1,NA,NA,"not measured","DaFl","9",9
"LoneMtn",2020-04-24,NA,NA,"Anystoidea",5,NA,NA,"not measured","DaFl","1",9
"LoneMtn",2020-04-24,NA,NA,"Arctosa",1,NA,NA,"not measured","DaFl","1",9
"LoneMtn",2020-04-24,NA,NA,"Entomobryidae",3,NA,NA,"not measured","DaFl","1",9
"LoneMtn",2020-04-24,NA,NA,"Sminthuridae",1,NA,NA,"not measured","DaFl","1",9
"LoneMtn",2020-04-24,NA,NA,"Solenopsis xyloni",1,NA,NA,"not measured","DaFl","1",9
"LoneMtn",2020-04-24,NA,NA,"Anystoidea",3,NA,NA,"not measured","DaFl","2",9
"LoneMtn",2020-04-24,NA,NA,"Araeoschizus",1,NA,NA,"not measured","DaFl","2",9
"LoneMtn",2020-04-24,NA,NA,"Myrmecocystus",1,NA,NA,"not measured","DaFl","2",9
"LoneMtn",2020-04-24,NA,NA,"Opiliones",1,NA,NA,"not measured","DaFl","2",9
"LoneMtn",2020-04-24,NA,NA,"Tetramorium",1,NA,NA,"not measured","DaFl","2",9
"LoneMtn",2020-04-24,NA,NA,"Anystoidea",1,NA,NA,"not measured","DaFl","3",9
"LoneMtn",2020-04-24,NA,NA,"Bdellidae",2,NA,NA,"not measured","DaFl","3",9
"LoneMtn",2020-04-24,NA,NA,"Sminthuridae",3,NA,NA,"not measured","DaFl","3",9
"LoneMtn",2020-04-24,NA,NA,"Syntomus americanus",1,NA,NA,"not measured","DaFl","3",9
"LoneMtn",2020-04-24,NA,NA,"Thripidae",1,NA,NA,"not measured","DaFl","3",9
"LoneMtn",2020-04-24,NA,NA,"Anystoidea",6,NA,NA,"not measured","DaFl","4",9
"LoneMtn",2020-04-24,NA,NA,"Bdellidae",1,NA,NA,"not measured","DaFl","4",9
"LoneMtn",2020-04-24,NA,NA,"Chrysomelidae",1,"TRUE",NA,"not measured","DaFl","4",9
"LoneMtn",2020-04-24,NA,NA,"Curculionidae",2,NA,NA,"not measured","DaFl","4",9
"LoneMtn",2020-04-24,NA,NA,"Entomobryidae",5,NA,NA,"not measured","DaFl","4",9
"LoneMtn",2020-04-24,NA,NA,"Erythraeoidea",3,NA,NA,"not measured","DaFl","4",9
"LoneMtn",2020-04-24,NA,NA,"Sciaridae",1,NA,NA,"not measured","DaFl","4",9
"LoneMtn",2020-04-24,NA,NA,"Anystoidea",25,NA,NA,"not measured","DaFl","5",9
"LoneMtn",2020-04-24,NA,NA,"Solenopsis xyloni",1,NA,NA,"not measured","DaFl","5",9
"LoneMtn",2020-04-24,NA,NA,"Thinoxenus",1,NA,NA,"not measured","DaFl","5",9
"LoneMtn",2020-04-24,NA,NA,"Anystoidea",9,NA,NA,"not measured","DaFl","6",9
"LoneMtn",2020-04-24,NA,NA,"Bdellidae",1,NA,NA,"not measured","DaFl","6",9
"LoneMtn",2020-04-24,NA,NA,"Curculionidae",2,NA,NA,"not measured","DaFl","6",9
"LoneMtn",2020-04-24,NA,NA,"Thripidae",1,NA,NA,"not measured","DaFl","6",9
"LoneMtn",2020-04-24,NA,NA,"Anystoidea",18,NA,NA,"not measured","DaFl","7",9
"LoneMtn",2020-04-24,NA,NA,"Cicadellidae",1,"TRUE",NA,"not measured","DaFl","7",9
"LoneMtn",2020-04-24,NA,NA,"Entomobryidae",2,NA,NA,"not measured","DaFl","7",9
"LoneMtn",2020-04-24,NA,NA,"Erythraeoidea",2,NA,NA,"not measured","DaFl","7",9
"LoneMtn",2020-04-24,NA,NA,"Melanaethus",1,NA,NA,"not measured","DaFl","7",9
"LoneMtn",2020-04-24,NA,NA,"Novomessor cockerelli",1,NA,NA,"not measured","DaFl","7",9
"LoneMtn",2020-04-24,NA,NA,"Termitidae",1,NA,NA,"not measured","DaFl","7",9
"LoneMtn",2020-04-24,NA,NA,"Triorophus",1,NA,NA,"not measured","DaFl","7",9
"LoneMtn",2020-04-24,NA,NA,"Anystoidea",8,NA,NA,"not measured","DaFl","8",9
"LoneMtn",2020-04-24,NA,NA,"Curculionidae",1,NA,NA,"not measured","DaFl","8",9
"LoneMtn",2020-04-24,NA,NA,"Entomobryidae",6,NA,NA,"not measured","DaFl","8",9
"LoneMtn",2020-04-24,NA,NA,"Nocibiotes",2,NA,NA,"not measured","DaFl","8",9
"LoneMtn",2020-04-24,NA,NA,"Novomessor cockerelli",3,NA,NA,"not measured","DaFl","8",9
"LoneMtn",2020-04-24,NA,NA,"Sminthuridae",1,NA,NA,"not measured","DaFl","8",9
"LoneMtn",2020-04-24,NA,NA,"Triorophus",1,NA,NA,"not measured","DaFl","8",9
"LoneMtn",2020-04-24,NA,NA,"Anystoidea",4,NA,NA,"not measured","DaFl","9",9
"LoneMtn",2020-04-24,NA,NA,"Bdellidae",2,NA,NA,"not measured","DaFl","9",9
"LoneMtn",2020-04-24,NA,NA,"Entomobryidae",11,NA,NA,"not measured","DaFl","9",9
"LoneMtn",2020-04-24,NA,NA,"Novomessor cockerelli",1,NA,NA,"not measured","DaFl","9",9
"LoneMtn",2020-04-24,NA,NA,"Sminthuridae",1,NA,NA,"not measured","DaFl","9",9
"LoneMtn",2020-04-24,NA,NA,"Solenopsis aurea",1,NA,NA,"not measured","DaFl","9",9
"LoneMtn",2020-04-24,NA,NA,"Steatoda",1,NA,NA,"not measured","DaFl","9",9
"LoneMtn",2020-04-24,"not collected","trap_not_collected",NA,NA,NA,NA,NA,NA,"10",9
"LoneMtn",2020-10-22,NA,NA,"Pheidole",2,NA,NA,"not measured","DaFl","1",9
"LoneMtn",2020-10-22,NA,NA,"Psocodea",1,"TRUE",NA,"not measured","DaFl","1",9
"LoneMtn",2020-10-22,NA,NA,"Tetramorium",2,NA,NA,"not measured","DaFl","2",9
"LoneMtn",2020-10-22,NA,NA,"Crematogaster",1,NA,NA,"not measured","DaFl","3",9
"LoneMtn",2020-10-22,NA,NA,"Neivamyrmex",1,NA,NA,"not measured","DaFl","3",9
"LoneMtn",2020-10-22,NA,NA,"Tetramorium",1,NA,NA,"not measured","DaFl","3",9
"LoneMtn",2020-10-22,NA,NA,"Nocibiotes",1,NA,NA,"not measured","DaFl","4",9
"LoneMtn",2020-10-22,NA,NA,"Paravaejovis spinigerus",1,NA,NA,"not measured","DaFl","4",9
"LoneMtn",2020-10-22,NA,NA,"Anystoidea",3,NA,NA,"not measured","DaFl","5",9
"LoneMtn",2020-10-22,NA,NA,"Paravaejovis spinigerus",1,NA,NA,"greater than 10 mm","DaFl","5",9
"LoneMtn",2020-10-22,NA,NA,"Pheidole",2,NA,NA,"not measured","DaFl","5",9
"LoneMtn",2020-10-22,"empty","empty_trap",NA,NA,NA,NA,NA,NA,"6",9
"LoneMtn",2020-10-22,NA,NA,"Nocibiotes",1,NA,NA,"not measured","DaFl","7",9
"LoneMtn",2020-10-22,NA,NA,"Novomessor cockerelli",1,NA,NA,"not measured","DaFl","8",9
"LoneMtn",2020-10-22,NA,NA,"Salticidae",2,NA,NA,"not measured","DaFl","8",9
"LoneMtn",2020-10-22,"empty","empty_trap",NA,NA,NA,NA,NA,NA,"9",9
"LoneMtn",2020-10-22,"jar missing","trap_not_collected",NA,NA,NA,NA,NA,NA,"10",9
"LoneMtn",2021-01-21,"empty","empty_trap",NA,NA,NA,NA,NA,NA,"1",9
"LoneMtn",2021-01-21,"empty","empty_trap",NA,NA,NA,NA,NA,NA,"2",9
"LoneMtn",2021-01-21,"empty","empty_trap",NA,NA,NA,NA,NA,NA,"3",9
"LoneMtn",2021-01-21,NA,NA,"Erythraeoidea",2,NA,NA,"not measured","DaFl","4",9
"LoneMtn",2021-01-21,NA,NA,"Lepismatidae",1,NA,NA,"not measured","DaFl","5",9
"LoneMtn",2021-01-21,NA,NA,"Pheidole",1,NA,NA,"not measured","DaFl","6",9
"LoneMtn",2021-01-21,"empty","empty_trap",NA,NA,NA,NA,NA,NA,"7",9
"LoneMtn",2021-01-21,"empty","empty_trap",NA,NA,NA,NA,NA,NA,"8",9
"LoneMtn",2021-01-21,"empty","empty_trap",NA,NA,NA,NA,NA,NA,"9",9
"LoneMtn",2021-01-21,"not collected","trap_not_collected",NA,NA,NA,NA,NA,NA,"10",9
"LoneMtn",2021-04-22,NA,NA,"Dacoderus",1,NA,NA,"not measured","DaFl","1",9
"LoneMtn",2021-04-22,NA,NA,"Drassyllus",1,NA,NA,"not measured","DaFl","1",9
"LoneMtn",2021-04-22,NA,NA,"Tenebrionidae",1,NA,NA,"not measured","DaFl","1",9
"LoneMtn",2021-04-22,NA,NA,"Bdellidae",1,NA,NA,"not measured","DaFl","2",9
"LoneMtn",2021-04-22,NA,NA,"Tenebrionidae",1,NA,NA,"not measured","DaFl","2",9
"LoneMtn",2021-04-22,NA,NA,"Tenebrionidae",1,NA,NA,"not measured","DaFl","3",9
"LoneMtn",2021-04-22,NA,NA,"Paravaejovis spinigerus",1,NA,NA,"not measured","DaFl","4",9
"LoneMtn",2021-04-22,"empty","empty_trap",NA,NA,NA,NA,NA,NA,"5",9
"LoneMtn",2021-04-22,NA,NA,"Nocibiotes",1,NA,NA,"not measured","DaFl","6",9
"LoneMtn",2021-04-22,NA,NA,"Nocibiotes",2,NA,NA,"not measured","DaFl","7",9
"LoneMtn",2021-04-22,NA,NA,"Ptomaphagus",1,NA,NA,"not measured","DaFl","7",9
"LoneMtn",2021-04-22,NA,NA,"Termitidae",1,NA,NA,"not measured","DaFl","7",9
"LoneMtn",2021-04-22,NA,NA,"Aphididae",1,NA,NA,"not measured","DaFl","8",9
"LoneMtn",2021-04-22,NA,NA,"Erythraeoidea",1,NA,NA,"not measured","DaFl","8",9
"LoneMtn",2021-04-22,NA,NA,"Psilochorus",1,NA,NA,"not measured","DaFl","8",9
"LoneMtn",2021-04-22,NA,NA,"Erythraeoidea",1,NA,NA,"not measured","DaFl","9",9
"LoneMtn",2021-04-22,"not collected","trap_not_collected",NA,NA,NA,NA,NA,NA,"10",9
"LoneMtn",2021-10-21,"Jars had dried out",NA,"Hemiptera",3,"TRUE","FALSE","not measured","DaFl","1",9
"LoneMtn",2021-10-21,"Jars had dried out",NA,"Solenopsis xyloni",10,"FALSE","FALSE","not measured","DaFl","1",9
"LoneMtn",2021-10-21,NA,NA,"Blapstinus",1,"FALSE","FALSE","not measured","DaFl","2",9
"LoneMtn",2021-10-21,NA,NA,"Caeculidae",1,"FALSE","FALSE","not measured","DaFl","2",9
"LoneMtn",2021-10-21,NA,NA,"Hemiptera",6,"TRUE","FALSE","not measured","DaFl","2",9
"LoneMtn",2021-10-21,NA,NA,"Nysius",13,"FALSE","FALSE","not measured","DaFl","2",9
"LoneMtn",2021-10-21,NA,NA,"Pogonomyrmex",1,"FALSE","FALSE","not measured","DaFl","2",9
"LoneMtn",2021-10-21,NA,NA,"Anystoidea",1,"FALSE","FALSE","not measured","DaFl","3",9
"LoneMtn",2021-10-21,NA,NA,"Hemiptera",2,"FALSE","FALSE","not measured","DaFl","3",9
"LoneMtn",2021-10-21,NA,NA,"Pogonomyrmex",1,"FALSE","FALSE","not measured","DaFl","3",9
"LoneMtn",2021-10-21,NA,NA,"Hemiptera",5,"TRUE","FALSE","not measured","DaFl","4",9
"LoneMtn",2021-10-21,NA,NA,"Melanaethus",4,"FALSE","FALSE","not measured","DaFl","4",9
"LoneMtn",2021-10-21,NA,NA,"Solenopsis xyloni",3,"FALSE","FALSE","not measured","DaFl","4",9
"LoneMtn",2021-10-21,NA,NA,"Syntomus americanus",1,"FALSE","FALSE","not measured","DaFl","4",9
"LoneMtn",2021-10-21,NA,NA,"Hemiptera",1,"TRUE","FALSE","not measured","DaFl","5",9
"LoneMtn",2021-10-21,NA,NA,"Solenopsis xyloni",15,"FALSE","FALSE","not measured","DaFl","5",9
"LoneMtn",2021-10-21,NA,NA,"Tenebrionidae",1,"FALSE","FALSE","not measured","DaFl","5",9
"LoneMtn",2021-10-21,NA,NA,"Eleodes longicollis",1,"FALSE","FALSE","not measured","DaFl","6",9
"LoneMtn",2021-10-21,NA,NA,"Hemiptera",2,"TRUE","FALSE","not measured","DaFl","6",9
"LoneMtn",2021-10-21,NA,NA,"Novomessor cockerelli",1,"FALSE","FALSE","not measured","DaFl","6",9
"LoneMtn",2021-10-21,NA,NA,"Hemiptera",3,"TRUE","FALSE","not measured","DaFl","7",9
"LoneMtn",2021-10-21,NA,NA,"Solenopsis xyloni",2,"FALSE","FALSE","not measured","DaFl","7",9
"LoneMtn",2021-10-21,NA,NA,"Entomobryidae",3,"FALSE","FALSE","not measured","DaFl","8",9
"LoneMtn",2021-10-21,NA,NA,"Hemiptera",17,"TRUE","FALSE","not measured","DaFl","8",9
"LoneMtn",2021-10-21,NA,NA,"Nocibiotes",1,"FALSE","FALSE","not measured","DaFl","8",9
"LoneMtn",2021-10-21,NA,NA,"Solenopsis xyloni",2,"FALSE","FALSE","not measured","DaFl","8",9
"LoneMtn",2021-10-21,NA,NA,"Forelius",1,"FALSE","FALSE","not measured","DaFl","9",9
"LoneMtn",2021-10-21,NA,NA,"Hemiptera",54,"TRUE","FALSE","not measured","DaFl","9",9
"LoneMtn",2021-10-21,NA,NA,"Melanaethus",1,"FALSE","FALSE","not measured","DaFl","9",9
"LoneMtn",2021-10-21,NA,NA,"Notiobia",1,"FALSE","FALSE","not measured","DaFl","9",9
"LoneMtn",2021-10-21,NA,NA,"Pogonomyrmex",1,"FALSE","FALSE","not measured","DaFl","9",9
"LoneMtn",2021-10-21,NA,"trap_not_collected",NA,NA,NA,NA,NA,NA,"10",9
"LoneMtn",2022-01-20,NA,"trap_not_collected",NA,NA,NA,NA,NA,NA,"1",9
"LoneMtn",2022-01-20,NA,NA,"Psilochorus",1,"FALSE","FALSE","not measured","DaFl","2",9
"LoneMtn",2022-01-20,NA,NA,"Ptomaphagus",3,"FALSE","FALSE","not measured","DaFl","2",9
"LoneMtn",2022-01-20,NA,NA,"Tetramorium",3,"FALSE","FALSE","not measured","DaFl","2",9
"LoneMtn",2022-01-20,NA,"empty_trap",NA,NA,NA,NA,NA,NA,"3",9
"LoneMtn",2022-01-20,NA,NA,"Isotomidae",1,"FALSE","FALSE","not measured","DaFl","4",9
"LoneMtn",2022-01-20,NA,NA,"Ptomaphagus",1,"FALSE","FALSE","not measured","DaFl","4",9
"LoneMtn",2022-01-20,NA,NA,"Linyphiidae",2,"FALSE","FALSE","not measured","DaFl","5",9
"LoneMtn",2022-01-20,NA,NA,"Solenopsis xyloni",1,"FALSE","FALSE","not measured","DaFl","5",9
"LoneMtn",2022-01-20,NA,"empty_trap",NA,NA,NA,NA,NA,NA,"6",9
"LoneMtn",2022-01-20,NA,NA,"Brachymyrmex",1,"FALSE","FALSE","not measured","DaFl","7",9
"LoneMtn",2022-01-20,NA,NA,"Entomobryidae",1,"FALSE","FALSE","not measured","DaFl","7",9
"LoneMtn",2022-01-20,NA,NA,"Isotomidae",1,"FALSE","FALSE","not measured","DaFl","7",9
"LoneMtn",2022-01-20,NA,NA,"Lycosidae",1,"FALSE","FALSE","not measured","DaFl","8",9
"LoneMtn",2022-01-20,NA,NA,"Ptomaphagus",1,"FALSE","FALSE","not measured","DaFl","8",9
"LoneMtn",2022-01-20,NA,NA,"Gnaphosidae",1,"FALSE","FALSE","not measured","DaFl","9",9
"LoneMtn",2022-01-20,NA,NA,"Ptomaphagus",1,"FALSE","FALSE","not measured","DaFl","9",9
"LoneMtn",2022-01-20,NA,NA,"Tetramorium",1,"FALSE","FALSE","not measured","DaFl","9",9
"LoneMtn",2022-01-20,NA,NA,"Entomobryidae",3,"FALSE","FALSE","not measured","DaFl","10",9
"LoneMtn",2022-01-20,NA,NA,"Psilochorus",1,"FALSE","FALSE","not measured","DaFl","10",9
"LoneMtn",2022-01-20,NA,NA,"Solenopsis xyloni",1,"FALSE","FALSE","not measured","DaFl","10",9
"LoneMtn",2022-04-21,NA,NA,"Anystoidea",1,"FALSE","FALSE","not measured","DaFl","1",9
"LoneMtn",2022-04-21,NA,NA,"Myrmosula",1,"FALSE","FALSE","not measured","DaFl","1",9
"LoneMtn",2022-04-21,NA,NA,"Solenopsis xyloni",5,"FALSE","FALSE","not measured","DaFl","1",9
"LoneMtn",2022-04-21,NA,NA,"Anystoidea",9,"FALSE","FALSE","not measured","DaFl","2",9
"LoneMtn",2022-04-21,NA,NA,"Lepismatidae",1,"FALSE","FALSE","not measured","DaFl","2",9
"LoneMtn",2022-04-21,NA,NA,"Sphaeropthalma",1,"FALSE","FALSE","not measured","DaFl","2",9
"LoneMtn",2022-04-21,NA,NA,"Anystoidea",5,"FALSE","FALSE","not measured","DaFl","3",9
"LoneMtn",2022-04-21,NA,NA,"Caeculidae",1,"FALSE","FALSE","not measured","DaFl","3",9
"LoneMtn",2022-04-21,NA,NA,"Mecinus",1,"FALSE","FALSE","not measured","DaFl","3",9
"LoneMtn",2022-04-21,NA,NA,"Tetramorium",1,"FALSE","FALSE","not measured","DaFl","3",9
"LoneMtn",2022-04-21,NA,NA,"Anystoidea",5,"FALSE","FALSE","not measured","DaFl","4",9
"LoneMtn",2022-04-21,NA,NA,"Lepismatidae",1,"FALSE","FALSE","not measured","DaFl","4",9
"LoneMtn",2022-04-21,NA,NA,"Melanaethus",1,"FALSE","FALSE","not measured","DaFl","4",9
"LoneMtn",2022-04-21,NA,NA,"Anystoidea",1,"FALSE","FALSE","not measured","DaFl","5",9
"LoneMtn",2022-04-21,NA,NA,"Anystoidea",4,"FALSE","FALSE","not measured","DaFl","5",9
"LoneMtn",2022-04-21,NA,NA,"Entomobryidae",3,"FALSE","FALSE","not measured","DaFl","5",9
"LoneMtn",2022-04-21,NA,NA,"Forelius",1,"FALSE","FALSE","not measured","DaFl","5",9
"LoneMtn",2022-04-21,NA,NA,"Nocibiotes",1,"FALSE","FALSE","not measured","DaFl","5",9
"LoneMtn",2022-04-21,NA,NA,"Ptomaphagus",1,"FALSE","FALSE","not measured","DaFl","5",9
"LoneMtn",2022-04-21,NA,NA,"Syntomus americanus",1,"FALSE","FALSE","not measured","DaFl","5",9
"LoneMtn",2022-04-21,NA,NA,"Anystoidea",1,"FALSE","FALSE","not measured","DaFl","6",9
"LoneMtn",2022-04-21,NA,NA,"Araeoschizus",1,"FALSE","FALSE","not measured","DaFl","6",9
"LoneMtn",2022-04-21,NA,NA,"Ptomaphagus",1,"FALSE","FALSE","not measured","DaFl","6",9
"LoneMtn",2022-04-21,NA,NA,"Solenopsis xyloni",5,"FALSE","FALSE","not measured","DaFl","6",9
"LoneMtn",2022-04-21,NA,NA,"Tetramorium",1,"FALSE","FALSE","not measured","DaFl","6",9
"LoneMtn",2022-04-21,NA,NA,"Anystoidea",18,"FALSE","FALSE","not measured","DaFl","7",9
"LoneMtn",2022-04-21,NA,NA,"Chrysomelidae",1,"TRUE","FALSE","not measured","DaFl","7",9
"LoneMtn",2022-04-21,NA,NA,"Entomobryidae",4,"FALSE","FALSE","not measured","DaFl","7",9
"LoneMtn",2022-04-21,NA,NA,"Nocibiotes",1,"FALSE","FALSE","not measured","DaFl","7",9
"LoneMtn",2022-04-21,NA,NA,"Paravaejovis spinigerus",1,"FALSE","FALSE","not measured","DaFl","7",9
"LoneMtn",2022-04-21,NA,NA,"Psocodea",1,"FALSE","FALSE","not measured","DaFl","7",9
"LoneMtn",2022-04-21,NA,NA,"Anystoidea",8,"FALSE","FALSE","not measured","DaFl","8",9
"LoneMtn",2022-04-21,NA,NA,"Bdellidae",1,"FALSE","FALSE","not measured","DaFl","8",9
"LoneMtn",2022-04-21,NA,NA,"Mecinus",1,"FALSE","FALSE","not measured","DaFl","8",9
"LoneMtn",2022-04-21,NA,NA,"Entomobryidae",11,"FALSE","FALSE","not measured","DaFl","9",9
"LoneMtn",2022-04-21,NA,NA,"Psilochorus",1,"FALSE","FALSE","not measured","DaFl","9",9
"LoneMtn",2022-04-21,NA,NA,"Solenopsis xyloni",47,"FALSE","FALSE","not measured","DaFl","9",9
"LoneMtn",2022-04-21,"no trap","trap_not_collected",NA,NA,NA,NA,NA,NA,"10",9
"LoneMtn",2022-10-27,NA,NA,"Bethylidae",1,"FALSE","FALSE","not measured","DaFl","1",9
"LoneMtn",2022-10-27,NA,NA,"Novomessor cockerelli",3,"FALSE","FALSE","not measured","DaFl","2",9
"LoneMtn",2022-10-27,NA,NA,"Pheidole",1,"FALSE","FALSE","not measured","DaFl","2",9
"LoneMtn",2022-10-27,NA,NA,"Pheidole",1,"FALSE","FALSE","not measured","DaFl","2",9
"LoneMtn",2022-10-27,NA,NA,"Solenopsis xyloni",1,"FALSE","FALSE","not measured","DaFl","2",9
"LoneMtn",2022-10-27,NA,NA,"Termitidae",1,"FALSE","FALSE","not measured","DaFl","2",9
"LoneMtn",2022-10-27,NA,NA,"Tetramorium",1,"FALSE","FALSE","not measured","DaFl","2",9
"LoneMtn",2022-10-27,NA,NA,"Entomobryidae",1,"FALSE","FALSE","not measured","DaFl","3",9
"LoneMtn",2022-10-27,NA,NA,"Gnaphosidae",1,"FALSE","FALSE","not measured","DaFl","3",9
"LoneMtn",2022-10-27,NA,NA,"Tetramorium",4,"FALSE","FALSE","not measured","DaFl","3",9
"LoneMtn",2022-10-27,NA,NA,"Novomessor cockerelli",1,"FALSE","FALSE","not measured","DaFl","4",9
"LoneMtn",2022-10-27,NA,NA,"Oxyopes",1,"FALSE","FALSE","not measured","DaFl","4",9
"LoneMtn",2022-10-27,NA,NA,"Solenopsis xyloni",1,"FALSE","FALSE","not measured","DaFl","4",9
"LoneMtn",2022-10-27,NA,NA,"Tetramorium",1,"FALSE","FALSE","not measured","DaFl","4",9
"LoneMtn",2022-10-27,NA,NA,"Thomisidae",1,"FALSE","FALSE","not measured","DaFl","4",9
"LoneMtn",2022-10-27,NA,NA,"Nocibiotes",2,"FALSE","FALSE","not measured","DaFl","5",9
"LoneMtn",2022-10-27,NA,NA,"Psilochorus",1,"FALSE","FALSE","not measured","DaFl","5",9
"LoneMtn",2022-10-27,NA,NA,"Solenopsis xyloni",2,"FALSE","FALSE","not measured","DaFl","5",9
"LoneMtn",2022-10-27,NA,NA,"Forelius",1,"FALSE","FALSE","not measured","DaFl","6",9
"LoneMtn",2022-10-27,"Live lizard in cup",NA,"Lygaeidae",1,"FALSE","FALSE","not measured","DaFl","7",9
"LoneMtn",2022-10-27,"Live lizard in cup",NA,"Novomessor cockerelli",1,"FALSE","FALSE","not measured","DaFl","7",9
"LoneMtn",2022-10-27,"Live lizard in cup",NA,"Thomisidae",1,"FALSE","FALSE","not measured","DaFl","7",9
"LoneMtn",2022-10-27,NA,NA,"Lygaeidae",1,"FALSE","FALSE","not measured","DaFl","8",9
"LoneMtn",2022-10-27,NA,NA,"Solenopsis xyloni",2,"FALSE","FALSE","not measured","DaFl","8",9
"LoneMtn",2022-10-27,NA,NA,"Pheidole",5,"FALSE","FALSE","not measured","DaFl","9",9
"LoneMtn",2022-10-27,NA,NA,"Psilochorus",1,"FALSE","FALSE","not measured","DaFl","9",9
"LoneMtn",2022-10-27,NA,"trap_not_collected",NA,NA,NA,NA,NA,NA,"10",9
"LoneMtn",2023-01-26,NA,NA,"Caeculidae",1,"FALSE","FALSE","not measured","DaFl","1",9
"LoneMtn",2023-01-26,NA,NA,"Oribatida",1,"FALSE","FALSE","not measured","DaFl","1",9
"LoneMtn",2023-01-26,NA,NA,"Pyralidae",1,"TRUE","FALSE","not measured","DaFl","1",9
"LoneMtn",2023-01-26,NA,"empty_trap",NA,NA,NA,NA,NA,NA,"2",9
"LoneMtn",2023-01-26,NA,"empty_trap",NA,NA,NA,NA,NA,NA,"3",9
"LoneMtn",2023-01-26,NA,NA,"Erythraeoidea",1,"FALSE","FALSE","not measured","DaFl","4",9
"LoneMtn",2023-01-26,NA,NA,"Isotomidae",1,"FALSE","FALSE","not measured","DaFl","4",9
"LoneMtn",2023-01-26,NA,NA,"Oribatida",3,"FALSE","FALSE","not measured","DaFl","4",9
"LoneMtn",2023-01-26,NA,NA,"Staphylinidae",1,"FALSE","FALSE","not measured","DaFl","4",9
"LoneMtn",2023-01-26,NA,NA,"Hemiptera",1,"TRUE","FALSE","not measured","DaFl","5",9
"LoneMtn",2023-01-26,NA,NA,"Linyphiidae",1,"FALSE","FALSE","not measured","DaFl","5",9
"LoneMtn",2023-01-26,NA,NA,"Oribatida",3,"FALSE","FALSE","not measured","DaFl","5",9
"LoneMtn",2023-01-26,NA,NA,"Oribatida",3,"FALSE","FALSE","not measured","DaFl","6",9
"LoneMtn",2023-01-26,NA,NA,"Sminthuridae",1,"FALSE","FALSE","not measured","DaFl","6",9
"LoneMtn",2023-01-26,NA,NA,"Solenopsis xyloni",1,"FALSE","FALSE","not measured","DaFl","6",9
"LoneMtn",2023-01-26,NA,NA,"Hemiptera",1,"TRUE","FALSE","not measured","DaFl","7",9
"LoneMtn",2023-01-26,NA,NA,"Oribatida",1,"FALSE","FALSE","not measured","DaFl","7",9
"LoneMtn",2023-01-26,NA,NA,"Ptomaphagus",1,"FALSE","FALSE","not measured","DaFl","8",9
"LoneMtn",2023-01-26,NA,NA,"Solenopsis xyloni",1,"FALSE","FALSE","not measured","DaFl","9",9
"LoneMtn",2023-01-26,NA,"trap_not_collected",NA,NA,NA,NA,NA,NA,"10",9
"LoneMtn",2023-04-20,NA,NA,"Anystoidea",2,"FALSE","FALSE","not measured","DaFl","1",9
"LoneMtn",2023-04-20,NA,NA,"Aphididae",1,"FALSE","FALSE","not measured","DaFl","1",9
"LoneMtn",2023-04-20,NA,NA,"Entomobryidae",1,"FALSE","FALSE","not measured","DaFl","1",9
"LoneMtn",2023-04-20,NA,NA,"Paravaejovis spinigerus",1,"FALSE","FALSE","not measured","DaFl","1",9
"LoneMtn",2023-04-20,NA,NA,"Pogonomyrmex",1,"FALSE","FALSE","not measured","DaFl","1",9
"LoneMtn",2023-04-20,NA,NA,"Chalcidoidea",1,"FALSE","FALSE","not measured","DaFl","2",9
"LoneMtn",2023-04-20,NA,NA,"Tenebrionidae",1,"FALSE","FALSE","not measured","DaFl","2",9
"LoneMtn",2023-04-20,NA,"empty_trap",NA,NA,NA,NA,NA,NA,"3",9
"LoneMtn",2023-04-20,NA,NA,"Anystoidea",1,"FALSE","FALSE","not measured","DaFl","4",9
"LoneMtn",2023-04-20,NA,NA,"Aphididae",1,"FALSE","FALSE","not measured","DaFl","4",9
"LoneMtn",2023-04-20,NA,NA,"Myrmecocystus",1,"FALSE","FALSE","not measured","DaFl","4",9
"LoneMtn",2023-04-20,NA,NA,"Solenopsis xyloni",2,"FALSE","FALSE","not measured","DaFl","4",9
"LoneMtn",2023-04-20,NA,NA,"Anystoidea",18,"FALSE","FALSE","not measured","DaFl","5",9
"LoneMtn",2023-04-20,NA,NA,"Myrmecocystus",1,"FALSE","FALSE","not measured","DaFl","5",9
"LoneMtn",2023-04-20,NA,NA,"Paravaejovis spinigerus",1,"FALSE","FALSE","not measured","DaFl","5",9
"LoneMtn",2023-04-20,NA,NA,"Dasymutilla",1,"FALSE","FALSE","not measured","DaFl","6",9
"LoneMtn",2023-04-20,NA,NA,"Hemiptera",1,"TRUE","FALSE","not measured","DaFl","6",9
"LoneMtn",2023-04-20,NA,NA,"Paravaejovis spinigerus",1,"FALSE","FALSE","not measured","DaFl","6",9
"LoneMtn",2023-04-20,NA,NA,"Solenopsis xyloni",8,"FALSE","FALSE","not measured","DaFl","6",9
"LoneMtn",2023-04-20,NA,NA,"Anystoidea",2,"FALSE","FALSE","not measured","DaFl","7",9
"LoneMtn",2023-04-20,NA,NA,"Hemiptera",1,"TRUE","FALSE","not measured","DaFl","7",9
"LoneMtn",2023-04-20,NA,NA,"Novomessor cockerelli",1,"FALSE","FALSE","not measured","DaFl","7",9
"LoneMtn",2023-04-20,NA,NA,"Paravaejovis spinigerus",1,"FALSE","FALSE","not measured","DaFl","7",9
"LoneMtn",2023-04-20,NA,NA,"Anystoidea",2,"FALSE","FALSE","not measured","DaFl","8",9
"LoneMtn",2023-04-20,NA,NA,"Aphididae",1,"FALSE","FALSE","not measured","DaFl","8",9
"LoneMtn",2023-04-20,NA,NA,"Hemiptera",3,"TRUE","FALSE","not measured","DaFl","8",9
"LoneMtn",2023-04-20,NA,NA,"Oxyopes",1,"FALSE","FALSE","not measured","DaFl","8",9
"LoneMtn",2023-04-20,NA,NA,"Anystoidea",2,"FALSE","FALSE","not measured","DaFl","9",9
"LoneMtn",2023-04-20,NA,NA,"Araeoschizus",1,"FALSE","FALSE","not measured","DaFl","9",9
"LoneMtn",2023-04-20,NA,NA,"Entomobryidae",4,"FALSE","FALSE","not measured","DaFl","9",9
"LoneMtn",2023-04-20,NA,NA,"Lepismatidae",1,"FALSE","FALSE","not measured","DaFl","9",9
"LoneMtn",2023-04-20,NA,NA,"Paravaejovis spinigerus",1,"FALSE","FALSE","not measured","DaFl","9",9
"LoneMtn",2023-04-20,NA,NA,"Solenopsis xyloni",13,"FALSE","FALSE","not measured","DaFl","9",9
"LoneMtn",2023-04-20,NA,NA,"Steatoda",2,"FALSE","FALSE","not measured","DaFl","9",9
"LoneMtn",2023-04-20,NA,NA,"Theridiidae",1,"FALSE","FALSE","not measured","DaFl","9",9
"LoneMtn",2023-04-20,NA,"trap_not_collected",NA,NA,NA,NA,NA,NA,"10",9
"LoneMtn",2023-07-27,NA,NA,"Anystoidea",13,"FALSE","FALSE","not measured","DaFl","1",9
"LoneMtn",2023-07-27,NA,NA,"Monomorium",1,"FALSE","FALSE","not measured","DaFl","1",9
"LoneMtn",2023-07-27,NA,NA,"Novomessor cockerelli",2,"FALSE","FALSE","not measured","DaFl","1",9
"LoneMtn",2023-07-27,NA,NA,"Pheidole",2,"FALSE","FALSE","not measured","DaFl","1",9
"LoneMtn",2023-07-27,NA,NA,"Solenopsis xyloni",3,"FALSE","FALSE","not measured","DaFl","1",9
"LoneMtn",2023-07-27,NA,NA,"Anystoidea",12,"FALSE","FALSE","not measured","DaFl","2",9
"LoneMtn",2023-07-27,NA,NA,"Hadrurus arizonensis",1,"FALSE","FALSE","not measured","DaFl","2",9
"LoneMtn",2023-07-27,NA,NA,"Nocibiotes",2,"FALSE","FALSE","not measured","DaFl","2",9
"LoneMtn",2023-07-27,NA,NA,"Solenopsis xyloni",4,"FALSE","FALSE","not measured","DaFl","2",9
"LoneMtn",2023-07-27,NA,NA,"Tetramorium",1,"FALSE","FALSE","not measured","DaFl","2",9
"LoneMtn",2023-07-27,NA,NA,"Triorophus",1,"FALSE","FALSE","not measured","DaFl","2",9
"LoneMtn",2023-07-27,NA,NA,"Anystoidea",11,"FALSE","FALSE","not measured","DaFl","3",9
"LoneMtn",2023-07-27,NA,NA,"Forelius",53,"FALSE","FALSE","not measured","DaFl","3",9
"LoneMtn",2023-07-27,NA,NA,"Monomorium",1,"FALSE","FALSE","not measured","DaFl","3",9
"LoneMtn",2023-07-27,NA,NA,"Nocibiotes",1,"FALSE","FALSE","not measured","DaFl","3",9
"LoneMtn",2023-07-27,NA,NA,"Pheidole",4,"FALSE","FALSE","not measured","DaFl","3",9
"LoneMtn",2023-07-27,NA,NA,"Scolopendridae",1,"FALSE","FALSE","not measured","DaFl","3",9
"LoneMtn",2023-07-27,NA,NA,"Syntomus americanus",1,"FALSE","FALSE","not measured","DaFl","3",9
"LoneMtn",2023-07-27,NA,NA,"Tetramorium",4,"FALSE","FALSE","not measured","DaFl","3",9
"LoneMtn",2023-07-27,NA,NA,"Ammotrechidae",1,"FALSE","FALSE","not measured","DaFl","4",9
"LoneMtn",2023-07-27,NA,NA,"Anystoidea",12,"FALSE","FALSE","not measured","DaFl","4",9
"LoneMtn",2023-07-27,NA,NA,"Curculionidae",1,"FALSE","FALSE","not measured","DaFl","4",9
"LoneMtn",2023-07-27,NA,NA,"Nocibiotes",1,"FALSE","FALSE","not measured","DaFl","4",9
"LoneMtn",2023-07-27,NA,NA,"Oxyopes",1,"FALSE","FALSE","not measured","DaFl","4",9
"LoneMtn",2023-07-27,NA,NA,"Pheidole",1,"FALSE","FALSE","not measured","DaFl","4",9
"LoneMtn",2023-07-27,NA,NA,"Solenopsis xyloni",3,"FALSE","FALSE","not measured","DaFl","4",9
"LoneMtn",2023-07-27,NA,NA,"Tetramorium",1,"FALSE","FALSE","not measured","DaFl","4",9
"LoneMtn",2023-07-27,NA,NA,"Triorophus",1,"FALSE","FALSE","not measured","DaFl","4",9
"LoneMtn",2023-07-27,NA,NA,"Anystoidea",13,"FALSE","FALSE","not measured","DaFl","5",9
"LoneMtn",2023-07-27,NA,NA,"Araeoschizus",1,"FALSE","FALSE","not measured","DaFl","5",9
"LoneMtn",2023-07-27,NA,NA,"Lepismatidae",1,"FALSE","FALSE","not measured","DaFl","5",9
"LoneMtn",2023-07-27,NA,NA,"Pogonomyrmex",1,"FALSE","FALSE","not measured","DaFl","5",9
"LoneMtn",2023-07-27,NA,NA,"Solenopsis xyloni",2,"FALSE","FALSE","not measured","DaFl","5",9
"LoneMtn",2023-07-27,NA,NA,"Trombidioidea",1,"FALSE","FALSE","not measured","DaFl","5",9
"LoneMtn",2023-07-27,NA,NA,"Anystoidea",7,"FALSE","FALSE","not measured","DaFl","6",9
"LoneMtn",2023-07-27,NA,NA,"Gnaphosidae",1,"FALSE","FALSE","not measured","DaFl","6",9
"LoneMtn",2023-07-27,NA,NA,"Lepismatidae",1,"FALSE","FALSE","not measured","DaFl","6",9
"LoneMtn",2023-07-27,NA,NA,"Novomessor cockerelli",19,"FALSE","FALSE","not measured","DaFl","6",9
"LoneMtn",2023-07-27,NA,NA,"Tarsonops",1,"FALSE","FALSE","not measured","DaFl","6",9
"LoneMtn",2023-07-27,NA,NA,"Tetramorium",1,"FALSE","FALSE","not measured","DaFl","6",9
"LoneMtn",2023-07-27,NA,NA,"Anystoidea",4,"FALSE","FALSE","not measured","DaFl","7",9
"LoneMtn",2023-07-27,NA,NA,"Solenopsis xyloni",1,"FALSE","FALSE","not measured","DaFl","7",9
"LoneMtn",2023-07-27,NA,NA,"Anystoidea",2,"FALSE","FALSE","not measured","DaFl","8",9
"LoneMtn",2023-07-27,NA,NA,"Novomessor cockerelli",3,"FALSE","FALSE","not measured","DaFl","8",9
"LoneMtn",2023-07-27,NA,NA,"Anystoidea",1,"FALSE","FALSE","not measured","DaFl","9",9
"LoneMtn",2023-07-27,NA,NA,"Novomessor cockerelli",1,"FALSE","FALSE","not measured","DaFl","9",9
"LoneMtn",2023-07-27,NA,"trap_not_collected",NA,NA,NA,NA,NA,NA,"10",9
"LoneMtn",2023-10-26,NA,"empty_trap",NA,NA,NA,NA,NA,NA,"1",10
"LoneMtn",2023-10-26,NA,NA,"Mecaphesa",1,"FALSE","FALSE","not measured","DaFl","2",10
"LoneMtn",2023-10-26,NA,NA,"Tetramorium",1,"FALSE","FALSE","not measured","DaFl","2",10
"LoneMtn",2023-10-26,NA,NA,"Mecaphesa",1,"FALSE","FALSE","not measured","DaFl","3",10
"LoneMtn",2023-10-26,NA,NA,"Pogonomyrmex",2,"FALSE","FALSE","not measured","DaFl","3",10
"LoneMtn",2023-10-26,NA,NA,"Forelius",1,"FALSE","FALSE","not measured","DaFl","4",10
"LoneMtn",2023-10-26,NA,NA,"Pheidole",1,"FALSE","FALSE","not measured","DaFl","4",10
"LoneMtn",2023-10-26,NA,"empty_trap",NA,NA,NA,NA,NA,NA,"5",10
"LoneMtn",2023-10-26,NA,"empty_trap",NA,NA,NA,NA,NA,NA,"6",10
"LoneMtn",2023-10-26,NA,"empty_trap",NA,NA,NA,NA,NA,NA,"7",10
"LoneMtn",2023-10-26,NA,NA,"Entomobryidae",1,"FALSE","FALSE","not measured","DaFl","8",10
"LoneMtn",2023-10-26,NA,NA,"Gnaphosidae",1,"FALSE","FALSE","not measured","DaFl","8",10
"LoneMtn",2023-10-26,NA,NA,"Nocibiotes",1,"FALSE","FALSE","not measured","DaFl","8",10
"LoneMtn",2023-10-26,NA,NA,"Chyphotes",1,"FALSE","FALSE","not measured","DaFl","9",10
"LoneMtn",2023-10-26,NA,NA,"Pheidole",1,"FALSE","FALSE","not measured","DaFl","9",10
"LoneMtn",2023-10-26,NA,NA,"Pogonomyrmex",1,"FALSE","FALSE","not measured","DaFl","9",10
"LoneMtn",2023-10-26,NA,NA,NA,NA,NA,NA,NA,NA,"10",10
"LoneMtn",2024-01-29,NA,NA,"Anystoidea",1,"FALSE","FALSE","not measured","DaFl","1",9
"LoneMtn",2024-01-29,NA,NA,"Chrysomelidae",1,"TRUE","FALSE","not measured","DaFl","1",9
"LoneMtn",2024-01-29,NA,NA,"Isotomidae",3,"FALSE","FALSE","not measured","DaFl","1",9
"LoneMtn",2024-01-29,NA,NA,"Ptomaphagus",1,"FALSE","FALSE","not measured","DaFl","1",9
"LoneMtn",2024-01-29,NA,NA,"Isotomidae",1,"FALSE","FALSE","not measured","DaFl","2",9
"LoneMtn",2024-01-29,NA,NA,"Neivamyrmex",1,"FALSE","FALSE","not measured","DaFl","2",9
"LoneMtn",2024-01-29,NA,NA,"Oribatida",2,"FALSE","FALSE","not measured","DaFl","2",9
"LoneMtn",2024-01-29,NA,NA,"Ptomaphagus",1,"FALSE","FALSE","not measured","DaFl","2",9
"LoneMtn",2024-01-29,NA,NA,"Erythraeoidea",1,"FALSE","FALSE","not measured","DaFl","3",9
"LoneMtn",2024-01-29,NA,NA,"Isotomidae",1,"FALSE","FALSE","not measured","DaFl","3",9
"LoneMtn",2024-01-29,NA,NA,"Oribatida",16,"FALSE","FALSE","not measured","DaFl","3",9
"LoneMtn",2024-01-29,NA,NA,"Phalangiidae",1,"FALSE","FALSE","not measured","DaFl","3",9
"LoneMtn",2024-01-29,NA,NA,"Sminthuridae",1,"FALSE","FALSE","not measured","DaFl","3",9
"LoneMtn",2024-01-29,NA,NA,"Alopecosa",1,"FALSE","FALSE","not measured","DaFl","4",9
"LoneMtn",2024-01-29,NA,NA,"Anystoidea",1,"FALSE","FALSE","not measured","DaFl","4",9
"LoneMtn",2024-01-29,NA,NA,"Isotomidae",3,"FALSE","FALSE","not measured","DaFl","4",9
"LoneMtn",2024-01-29,NA,NA,"Oribatida",3,"FALSE","FALSE","not measured","DaFl","4",9
"LoneMtn",2024-01-29,NA,NA,"Erythraeoidea",1,"FALSE","FALSE","not measured","DaFl","5",9
"LoneMtn",2024-01-29,NA,NA,"Isotomidae",5,"FALSE","FALSE","not measured","DaFl","5",9
"LoneMtn",2024-01-29,NA,NA,"Nocibiotes",1,"FALSE","FALSE","not measured","DaFl","5",9
"LoneMtn",2024-01-29,NA,NA,"Oribatida",2,"FALSE","FALSE","not measured","DaFl","5",9
"LoneMtn",2024-01-29,NA,NA,"Ptomaphagus",2,"FALSE","FALSE","not measured","DaFl","5",9
"LoneMtn",2024-01-29,NA,NA,"Isotomidae",1,"FALSE","FALSE","not measured","DaFl","6",9
"LoneMtn",2024-01-29,NA,NA,"Oribatida",1,"FALSE","FALSE","not measured","DaFl","6",9
"LoneMtn",2024-01-29,NA,NA,"Ptomaphagus",1,"FALSE","FALSE","not measured","DaFl","6",9
"LoneMtn",2024-01-29,NA,NA,"Isotomidae",1,"FALSE","FALSE","not measured","DaFl","7",9
"LoneMtn",2024-01-29,NA,NA,"Erythraeoidea",1,"FALSE","FALSE","not measured","DaFl","8",9
"LoneMtn",2024-01-29,NA,NA,"Isotomidae",5,"FALSE","FALSE","not measured","DaFl","8",9
"LoneMtn",2024-01-29,NA,NA,"Metepeira",1,"FALSE","FALSE","not measured","DaFl","8",9
"LoneMtn",2024-01-29,NA,NA,"Oribatida",1,"FALSE","FALSE","not measured","DaFl","8",9
"LoneMtn",2024-01-29,NA,NA,"Xysticus",1,"FALSE","FALSE","not measured","DaFl","8",9
"LoneMtn",2024-01-29,NA,NA,"Erythraeoidea",1,"FALSE","FALSE","not measured","DaFl","9",9
"LoneMtn",2024-01-29,NA,NA,"Isotomidae",1,"FALSE","FALSE","not measured","DaFl","9",9
"LoneMtn",2024-01-29,NA,NA,"Oribatida",1,"FALSE","FALSE","not measured","DaFl","9",9
"LoneMtn",2024-01-29,NA,"trap_not_collected",NA,NA,NA,NA,NA,NA,"10",9
"LoneMtn",2024-04-25,NA,NA,"Chrysomelidae",1,"TRUE","FALSE","not measured","DaFl","1",9
"LoneMtn",2024-04-25,NA,NA,"Entomobryidae",3,"FALSE","FALSE","not measured","DaFl","1",9
"LoneMtn",2024-04-25,NA,NA,"Erythraeoidea",1,"FALSE","FALSE","not measured","DaFl","1",9
"LoneMtn",2024-04-25,NA,NA,"Paravaejovis spinigerus",1,"FALSE","FALSE","not measured","DaFl","1",9
"LoneMtn",2024-04-25,NA,NA,"Anystoidea",5,"FALSE","FALSE","not measured","DaFl","2",9
"LoneMtn",2024-04-25,NA,NA,"Entomobryidae",2,"FALSE","FALSE","not measured","DaFl","2",9
"LoneMtn",2024-04-25,NA,NA,"Erythraeoidea",1,"FALSE","FALSE","not measured","DaFl","2",9
"LoneMtn",2024-04-25,NA,NA,"Hemiptera",1,"TRUE","FALSE","not measured","DaFl","2",9
"LoneMtn",2024-04-25,NA,NA,"Myrmosula",1,"FALSE","FALSE","not measured","DaFl","2",9
"LoneMtn",2024-04-25,NA,NA,"Thripidae",3,"FALSE","FALSE","not measured","DaFl","2",9
"LoneMtn",2024-04-25,NA,NA,"Anystoidea",1,"FALSE","FALSE","not measured","DaFl","3",9
"LoneMtn",2024-04-25,NA,NA,"Erythraeoidea",1,"FALSE","FALSE","not measured","DaFl","3",9
"LoneMtn",2024-04-25,NA,NA,"Anystoidea",2,"FALSE","FALSE","not measured","DaFl","4",9
"LoneMtn",2024-04-25,NA,NA,"Bdellidae",1,"FALSE","FALSE","not measured","DaFl","4",9
"LoneMtn",2024-04-25,NA,NA,"Coccinellidae",1,"TRUE","FALSE","not measured","DaFl","4",9
"LoneMtn",2024-04-25,NA,NA,"Gnaphosidae",1,"FALSE","FALSE","not measured","DaFl","4",9
"LoneMtn",2024-04-25,NA,NA,"Mantidae",1,"FALSE","FALSE","not measured","DaFl","4",9
"LoneMtn",2024-04-25,NA,NA,"Nocibiotes",1,"FALSE","FALSE","not measured","DaFl","4",9
"LoneMtn",2024-04-25,NA,NA,"Pardosa",2,"FALSE","FALSE","not measured","DaFl","4",9
"LoneMtn",2024-04-25,NA,NA,"Pheidole",1,"FALSE","FALSE","not measured","DaFl","4",9
"LoneMtn",2024-04-25,NA,NA,"Thripidae",1,"FALSE","FALSE","not measured","DaFl","4",9
"LoneMtn",2024-04-25,NA,NA,"Anystoidea",4,"FALSE","FALSE","not measured","DaFl","5",9
"LoneMtn",2024-04-25,NA,NA,"Araeoschizus",1,"FALSE","FALSE","not measured","DaFl","5",9
"LoneMtn",2024-04-25,NA,NA,"Chalcidoidea",1,"FALSE","FALSE","not measured","DaFl","5",9
"LoneMtn",2024-04-25,NA,NA,"Meinertellidae",1,"FALSE","FALSE","not measured","DaFl","5",9
"LoneMtn",2024-04-25,NA,NA,"Pardosa",1,"FALSE","FALSE","not measured","DaFl","5",9
"LoneMtn",2024-04-25,NA,NA,"Sminthuridae",1,"FALSE","FALSE","not measured","DaFl","5",9
"LoneMtn",2024-04-25,NA,NA,"Solenopsis",1,"FALSE","FALSE","not measured","DaFl","5",9
"LoneMtn",2024-04-25,NA,NA,"Lycosidae",1,"FALSE","FALSE","not measured","DaFl","6",9
"LoneMtn",2024-04-25,NA,NA,"Nocibiotes",1,"FALSE","FALSE","not measured","DaFl","6",9
"LoneMtn",2024-04-25,NA,NA,"Oribatida",1,"FALSE","FALSE","not measured","DaFl","6",9
"LoneMtn",2024-04-25,NA,NA,"Pogonomyrmex",1,"FALSE","FALSE","not measured","DaFl","6",9
"LoneMtn",2024-04-25,NA,NA,"Sminthuridae",1,"FALSE","FALSE","not measured","DaFl","6",9
"LoneMtn",2024-04-25,NA,NA,"Tetramorium",1,"FALSE","FALSE","not measured","DaFl","6",9
"LoneMtn",2024-04-25,NA,NA,"Thripidae",1,"FALSE","FALSE","not measured","DaFl","6",9
"LoneMtn",2024-04-25,NA,NA,"Anystoidea",1,"FALSE","FALSE","not measured","DaFl","7",9
"LoneMtn",2024-04-25,NA,NA,"Bdellidae",1,"FALSE","FALSE","not measured","DaFl","7",9
"LoneMtn",2024-04-25,NA,NA,"Entomobryidae",1,"FALSE","FALSE","not measured","DaFl","7",9
"LoneMtn",2024-04-25,NA,NA,"Rhaphidophoridae",1,"FALSE","FALSE","not measured","DaFl","7",9
"LoneMtn",2024-04-25,NA,NA,"Sminthuridae",2,"FALSE","FALSE","not measured","DaFl","7",9
"LoneMtn",2024-04-25,NA,NA,"Anystoidea",2,"FALSE","FALSE","not measured","DaFl","8",9
"LoneMtn",2024-04-25,NA,NA,"Araeoschizus",1,"FALSE","FALSE","not measured","DaFl","8",9
"LoneMtn",2024-04-25,NA,NA,"Bdellidae",1,"FALSE","FALSE","not measured","DaFl","8",9
"LoneMtn",2024-04-25,NA,NA,"Caeculidae",1,"FALSE","FALSE","not measured","DaFl","8",9
"LoneMtn",2024-04-25,NA,NA,"Erythraeoidea",1,"FALSE","FALSE","not measured","DaFl","8",9
"LoneMtn",2024-04-25,NA,NA,"Isopoda",1,"FALSE","FALSE","not measured","DaFl","8",9
"LoneMtn",2024-04-25,NA,NA,"Pardosa",1,"FALSE","FALSE","not measured","DaFl","8",9
"LoneMtn",2024-04-25,NA,NA,"Pheidole",1,"FALSE","FALSE","not measured","DaFl","8",9
"LoneMtn",2024-04-25,NA,NA,"Anystoidea",1,"FALSE","FALSE","not measured","DaFl","9",9
"LoneMtn",2024-04-25,NA,NA,"Drassyllus",1,"FALSE","FALSE","not measured","DaFl","9",9
"LoneMtn",2024-04-25,NA,NA,"Entomobryidae",1,"FALSE","FALSE","not measured","DaFl","9",9
"LoneMtn",2024-04-25,NA,NA,"Entomobryidae",3,"FALSE","FALSE","not measured","DaFl","9",9
"LoneMtn",2024-04-25,NA,NA,"Novomessor cockerelli",1,"FALSE","FALSE","not measured","DaFl","9",9
"LoneMtn",2024-04-25,NA,NA,"Phalangiidae",1,"FALSE","FALSE","not measured","DaFl","9",9
"LoneMtn",2024-04-25,NA,NA,"Pheidole",1,"FALSE","FALSE","not measured","DaFl","9",9
"LoneMtn",2024-04-25,NA,NA,"Tetramorium",1,"FALSE","FALSE","not measured","DaFl","9",9
"LoneMtn",2024-04-25,NA,NA,"Theridiidae",1,"FALSE","FALSE","not measured","DaFl","9",9
"LoneMtn",2024-04-25,NA,"trap_not_collected",NA,NA,NA,NA,NA,NA,"10",9
"LoneMtn",2024-07-12,NA,NA,"Anystoidea",3,"FALSE","FALSE","not measured","DaFl","1",9
"LoneMtn",2024-07-12,NA,NA,"Anystoidea",3,"FALSE","FALSE","not measured","DaFl","2",9
"LoneMtn",2024-07-12,NA,NA,"Chyphotes",1,"FALSE","FALSE","not measured","DaFl","2",9
"LoneMtn",2024-07-12,NA,NA,"Solenopsis xyloni",1,"FALSE","FALSE","not measured","DaFl","2",9
"LoneMtn",2024-07-12,NA,NA,"Tetramorium",1,"FALSE","FALSE","not measured","DaFl","2",9
"LoneMtn",2024-07-12,NA,NA,"Nocibiotes",1,"FALSE","FALSE","not measured","DaFl","3",9
"LoneMtn",2024-07-12,NA,NA,"Salticidae",1,"FALSE","FALSE","not measured","DaFl","3",9
"LoneMtn",2024-07-12,NA,NA,"Anystoidea",1,"FALSE","FALSE","not measured","DaFl","4",9
"LoneMtn",2024-07-12,NA,NA,"Anystoidea",7,"FALSE","FALSE","not measured","DaFl","5",9
"LoneMtn",2024-07-12,NA,NA,"Erythraeoidea",1,"FALSE","FALSE","not measured","DaFl","5",9
"LoneMtn",2024-07-12,NA,NA,"Nocibiotes",1,"FALSE","FALSE","not measured","DaFl","5",9
"LoneMtn",2024-07-12,NA,NA,"Pheidole",9,"FALSE","FALSE","not measured","DaFl","5",9
"LoneMtn",2024-07-12,NA,NA,"Tetramorium",1,"FALSE","FALSE","not measured","DaFl","5",9
"LoneMtn",2024-07-12,NA,NA,"Anystoidea",5,"FALSE","FALSE","not measured","DaFl","6",9
"LoneMtn",2024-07-12,NA,NA,"Pheidole",3,"FALSE","FALSE","not measured","DaFl","6",9
"LoneMtn",2024-07-12,NA,NA,"Solenopsis xyloni",1,"FALSE","FALSE","not measured","DaFl","6",9
"LoneMtn",2024-07-12,NA,NA,"Trombidioidea",1,"FALSE","FALSE","not measured","DaFl","6",9
"LoneMtn",2024-07-12,NA,NA,"Anystoidea",1,"FALSE","FALSE","not measured","DaFl","7",9
"LoneMtn",2024-07-12,NA,NA,"Novomessor cockerelli",2,"FALSE","FALSE","not measured","DaFl","7",9
"LoneMtn",2024-07-12,NA,NA,"Oxyopes",1,"FALSE","FALSE","not measured","DaFl","7",9
"LoneMtn",2024-07-12,NA,NA,"Solenopsis xyloni",1,"FALSE","FALSE","not measured","DaFl","7",9
"LoneMtn",2024-07-12,NA,NA,"Syntomus americanus",1,"FALSE","FALSE","not measured","DaFl","7",9
"LoneMtn",2024-07-12,NA,NA,"Tetramorium",1,"FALSE","FALSE","not measured","DaFl","7",9
"LoneMtn",2024-07-12,NA,NA,"Chyphotes",1,"FALSE","FALSE","not measured","DaFl","8",9
"LoneMtn",2024-07-12,NA,NA,"Meinertellidae",1,"FALSE","FALSE","not measured","DaFl","8",9
"LoneMtn",2024-07-12,NA,NA,"Novomessor cockerelli",1,"FALSE","FALSE","not measured","DaFl","8",9
"LoneMtn",2024-07-12,NA,NA,"Paravaejovis spinigerus",1,"FALSE","FALSE","not measured","DaFl","8",9
"LoneMtn",2024-07-12,NA,NA,"Pheidole",1,"FALSE","FALSE","not measured","DaFl","8",9
"LoneMtn",2024-07-12,NA,NA,"Anystoidea",3,"FALSE","FALSE","not measured","DaFl","9",9
"LoneMtn",2024-07-12,NA,"trap_not_collected",NA,NA,NA,NA,NA,NA,"10",9
"LoneMtn",2024-10-24,NA,NA,"Lepismatidae",1,"FALSE","FALSE","not measured","DaFl","1",9
"LoneMtn",2024-10-24,NA,NA,"Novomessor cockerelli",1,"FALSE","FALSE","not measured","DaFl","1",9
"LoneMtn",2024-10-24,NA,NA,"Stenomorpha",1,"FALSE","FALSE","not measured","DaFl","1",9
"LoneMtn",2024-10-24,NA,NA,"Anystoidea",2,"FALSE","FALSE","not measured","DaFl","2",9
"LoneMtn",2024-10-24,NA,NA,"Agroeca",1,"FALSE","FALSE","not measured","DaFl","3",9
"LoneMtn",2024-10-24,NA,NA,"Isotomidae",2,"FALSE","FALSE","not measured","DaFl","3",9
"LoneMtn",2024-10-24,NA,"empty_trap",NA,NA,NA,NA,NA,NA,"4",9
"LoneMtn",2024-10-24,NA,NA,"Lepismatidae",1,"FALSE","FALSE","not measured","DaFl","5",9
"LoneMtn",2024-10-24,NA,NA,"Meinertellidae",1,"FALSE","FALSE","not measured","DaFl","5",9
"LoneMtn",2024-10-24,NA,NA,"Anystoidea",1,"FALSE","FALSE","not measured","DaFl","6",9
"LoneMtn",2024-10-24,NA,NA,"Pogonomyrmex",2,"FALSE","FALSE","not measured","DaFl","6",9
"LoneMtn",2024-10-24,NA,NA,"Termitidae",1,"FALSE","FALSE","not measured","DaFl","6",9
"LoneMtn",2024-10-24,NA,NA,"Anystoidea",2,"FALSE","FALSE","not measured","DaFl","7",9
"LoneMtn",2024-10-24,NA,NA,"Novomessor cockerelli",1,"FALSE","FALSE","not measured","DaFl","7",9
"LoneMtn",2024-10-24,NA,NA,"Anystoidea",1,"FALSE","FALSE","not measured","DaFl","8",9
"LoneMtn",2024-10-24,NA,NA,"Anystoidea",2,"FALSE","FALSE","not measured","DaFl","9",9
"LoneMtn",2024-10-24,NA,"trap_not_collected",NA,NA,NA,NA,NA,NA,"10",9
"LoneMtn",2025-01-24,NA,"empty_trap",NA,NA,NA,NA,NA,NA,"1",9
"LoneMtn",2025-01-24,NA,"empty_trap",NA,NA,NA,NA,NA,NA,"2",9
"LoneMtn",2025-01-24,NA,NA,NA,NA,NA,NA,NA,NA,"3",9
"LoneMtn",2025-01-24,NA,"empty_trap",NA,NA,NA,NA,NA,NA,"4",9
"LoneMtn",2025-01-24,NA,"empty_trap",NA,NA,NA,NA,NA,NA,"5",9
"LoneMtn",2025-01-24,NA,NA,"Paravaejovis spinigerus",1,"FALSE","FALSE","not measured","DaFl","6",9
"LoneMtn",2025-01-24,NA,"empty_trap",NA,NA,NA,NA,NA,NA,"7",9
"LoneMtn",2025-01-24,NA,"empty_trap",NA,NA,NA,NA,NA,NA,"8",9
"LoneMtn",2025-01-24,NA,"empty_trap",NA,NA,NA,NA,NA,NA,"9",9
"LoneMtn",2025-01-24,NA,"trap_not_collected",NA,NA,NA,NA,NA,NA,"10",9
"Mine",2012-03-02,NA,NA,"Acari",4,NA,NA,"not measured","ChAl","1",10
"Mine",2012-03-02,NA,NA,"Aphididae",1,NA,NA,"not measured","ChAl","1",10
"Mine",2012-03-02,NA,NA,"Araeoschizus",1,NA,NA,"between 2 and 5 mm","ChAl","1",10
"Mine",2012-03-02,NA,NA,"Coccoidea",1,NA,NA,"not measured","ChAl","1",10
"Mine",2012-03-02,NA,NA,"Forelius pruinosus",2,NA,NA,"not measured","ChAl","1",10
"Mine",2012-03-02,NA,NA,"Pheidole xerophila",1,NA,NA,"not measured","ChAl","1",10
"Mine",2012-03-02,NA,NA,"Acari",2,NA,NA,"not measured","ChAl","2",10
"Mine",2012-03-02,NA,NA,"Araeoschizus",1,NA,NA,"between 2 and 5 mm","ChAl","2",10
"Mine",2012-03-02,NA,NA,"Mutillidae",1,NA,NA,"not measured","ChAl","2",10
"Mine",2012-03-02,NA,NA,"Acari",2,NA,NA,"not measured","ChAl","3",10
"Mine",2012-03-02,NA,NA,"Aphididae",2,NA,NA,"not measured","ChAl","3",10
"Mine",2012-03-02,NA,NA,"Chrysopidae",1,"TRUE",NA,"not measured","ChAl","3",10
"Mine",2012-03-02,NA,NA,"Mycetophilidae",1,NA,NA,"not measured","ChAl","3",10
"Mine",2012-03-02,NA,NA,"Aphididae",1,NA,NA,"not measured","ChAl","4",10
"Mine",2012-03-02,NA,NA,"Coccoidea",1,NA,NA,"not measured","ChAl","4",10
"Mine",2012-03-02,NA,NA,"Opiliones",1,NA,NA,"not measured","ChAl","4",10
"Mine",2012-03-02,NA,NA,"Phytocoris",1,NA,NA,"not measured","ChAl","4",10
"Mine",2012-03-02,NA,NA,"Acari",4,NA,NA,"not measured","ChAl","5",10
"Mine",2012-03-02,NA,NA,"Aphididae",1,NA,NA,"not measured","ChAl","5",10
"Mine",2012-03-02,NA,NA,"Phytocoris",1,NA,NA,"not measured","ChAl","5",10
"Mine",2012-03-02,NA,NA,"Psyllidae",1,NA,NA,"not measured","ChAl","5",10
"Mine",2012-03-02,NA,NA,"Acari",5,NA,NA,"not measured","ChAl","6",10
"Mine",2012-03-02,NA,NA,"Meinertellidae",1,NA,NA,"not measured","ChAl","6",10
"Mine",2012-03-02,NA,NA,"Phytocoris",1,NA,NA,"not measured","ChAl","6",10
"Mine",2012-03-02,NA,NA,"Acari",2,NA,NA,"not measured","ChAl","7",10
"Mine",2012-03-02,NA,NA,"Lepidoptera",1,"TRUE",NA,"not measured","ChAl","7",10
"Mine",2012-03-02,NA,NA,"Micaria",1,NA,NA,"not measured","ChAl","7",10
"Mine",2012-03-02,NA,NA,"Phytocoris",1,NA,NA,"not measured","ChAl","7",10
"Mine",2012-03-02,NA,NA,"Acari",6,NA,NA,"not measured","ChAl","8",10
"Mine",2012-03-02,NA,NA,"Cecidomyiidae",1,NA,NA,"not measured","ChAl","8",10
"Mine",2012-03-02,NA,NA,"Drassyllus",1,NA,NA,"not measured","ChAl","8",10
"Mine",2012-03-02,NA,NA,"Lepismatidae",1,NA,NA,"not measured","ChAl","8",10
"Mine",2012-03-02,NA,NA,"Acari",3,NA,NA,"not measured","ChAl","9",10
"Mine",2012-03-02,NA,NA,"Agroeca",1,NA,NA,"not measured","ChAl","9",10
"Mine",2012-03-02,NA,NA,"Ceratagallia (Aceratagallia)",1,NA,NA,"not measured","ChAl","9",10
"Mine",2012-03-02,NA,NA,"Coccoidea",4,NA,NA,"not measured","ChAl","9",10
"Mine",2012-03-02,NA,NA,"Entomobryidae",1,NA,NA,"not measured","ChAl","9",10
"Mine",2012-03-02,NA,NA,"Lepismatidae",1,NA,NA,"not measured","ChAl","9",10
"Mine",2012-03-02,NA,NA,"Mutillidae",1,NA,NA,"not measured","ChAl","9",10
"Mine",2012-03-02,NA,NA,"Acari",8,NA,NA,"not measured","ChAl","10",10
"Mine",2012-03-02,NA,NA,"Coccoidea",1,NA,NA,"not measured","ChAl","10",10
"Mine",2012-03-02,NA,NA,"Micaria",1,NA,NA,"not measured","ChAl","10",10
"Mine",2012-03-02,NA,NA,"Psilochorus",2,NA,NA,"not measured","ChAl","10",10
"Mine",2012-04-27,"All traps had some water in them from rain the previous day.",NA,"Acari",1,NA,NA,"not measured","ChAl","1",9
"Mine",2012-04-27,"All traps had some water in them from rain the previous day.",NA,"Cecidomyiidae",1,NA,NA,"not measured","ChAl","1",9
"Mine",2012-04-27,"All traps had some water in them from rain the previous day.",NA,"Forelius pruinosus",1,NA,NA,"not measured","ChAl","1",9
"Mine",2012-04-27,"All traps had some water in them from rain the previous day.",NA,"Heleomyzidae",1,NA,NA,"not measured","ChAl","1",9
"Mine",2012-04-27,"All traps had some water in them from rain the previous day.",NA,"Pheidole xerophila",14,NA,NA,"not measured","ChAl","1",9
"Mine",2012-04-27,"All traps had some water in them from rain the previous day.",NA,"Sminthuridae",5,NA,NA,"not measured","ChAl","1",9
"Mine",2012-04-27,"All traps had some water in them from rain the previous day.",NA,"Acari",1,NA,NA,"not measured","ChAl","2",9
"Mine",2012-04-27,"All traps had some water in them from rain the previous day.",NA,"Entomobryidae",4,NA,NA,"not measured","ChAl","2",9
"Mine",2012-04-27,"All traps had some water in them from rain the previous day.",NA,"Forelius pruinosus",9,NA,NA,"not measured","ChAl","2",9
"Mine",2012-04-27,"All traps had some water in them from rain the previous day.",NA,"Meinertellidae",1,NA,NA,"not measured","ChAl","2",9
"Mine",2012-04-27,"All traps had some water in them from rain the previous day.",NA,"Pheidole xerophila",17,NA,NA,"not measured","ChAl","2",9
"Mine",2012-04-27,"All traps had some water in them from rain the previous day.",NA,"Pogonomyrmex",1,NA,NA,"not measured","ChAl","2",9
"Mine",2012-04-27,"All traps had some water in them from rain the previous day.",NA,"Sminthuridae",2,NA,NA,"not measured","ChAl","2",9
"Mine",2012-04-27,"All traps had some water in them from rain the previous day.",NA,"Entomobryidae",5,NA,NA,"not measured","ChAl","3",9
"Mine",2012-04-27,"All traps had some water in them from rain the previous day.",NA,"Forelius pruinosus",2,NA,NA,"not measured","ChAl","3",9
"Mine",2012-04-27,"All traps had some water in them from rain the previous day.",NA,"Lepismatidae",1,NA,NA,"not measured","ChAl","3",9
"Mine",2012-04-27,"All traps had some water in them from rain the previous day.",NA,"Linyphiidae",1,NA,NA,"not measured","ChAl","3",9
"Mine",2012-04-27,"All traps had some water in them from rain the previous day.",NA,"Meinertellidae",1,NA,NA,"not measured","ChAl","3",9
"Mine",2012-04-27,"All traps had some water in them from rain the previous day.",NA,"Mutillidae",1,NA,NA,"not measured","ChAl","3",9
"Mine",2012-04-27,"All traps had some water in them from rain the previous day.",NA,"Neoanagraphis",1,NA,NA,"not measured","ChAl","3",9
"Mine",2012-04-27,"All traps had some water in them from rain the previous day.",NA,"Pheidole xerophila",10,NA,NA,"not measured","ChAl","3",9
"Mine",2012-04-27,"All traps had some water in them from rain the previous day.",NA,"Pogonomyrmex rugosus",1,NA,NA,"not measured","ChAl","3",9
"Mine",2012-04-27,"All traps had some water in them from rain the previous day.",NA,"Pseudoscorpiones",1,NA,NA,"not measured","ChAl","3",9
"Mine",2012-04-27,"All traps had some water in them from rain the previous day.",NA,"Sminthuridae",1,NA,NA,"not measured","ChAl","3",9
"Mine",2012-04-27,"All traps had some water in them from rain the previous day.",NA,"Thinoxenus",1,NA,NA,"not measured","ChAl","3",9
"Mine",2012-04-27,"All traps had some water in them from rain the previous day.",NA,"Vaejovidae",1,NA,NA,"not measured","ChAl","3",9
"Mine",2012-04-27,"All traps had some water in them from rain the previous day.",NA,"Cicadellidae",1,"TRUE",NA,"not measured","ChAl","4",9
"Mine",2012-04-27,"All traps had some water in them from rain the previous day.",NA,"Crematogaster",1,NA,NA,"not measured","ChAl","4",9
"Mine",2012-04-27,"All traps had some water in them from rain the previous day.",NA,"Dorymyrmex insanus",1,NA,NA,"not measured","ChAl","4",9
"Mine",2012-04-27,"All traps had some water in them from rain the previous day.",NA,"Entomobryidae",7,NA,NA,"not measured","ChAl","4",9
"Mine",2012-04-27,"All traps had some water in them from rain the previous day.",NA,"Meinertellidae",1,NA,NA,"not measured","ChAl","4",9
"Mine",2012-04-27,"All traps had some water in them from rain the previous day.",NA,"Micaria",1,NA,NA,"not measured","ChAl","4",9
"Mine",2012-04-27,"All traps had some water in them from rain the previous day.",NA,"Pogonomyrmex rugosus",8,NA,NA,"not measured","ChAl","4",9
"Mine",2012-04-27,"All traps had some water in them from rain the previous day.",NA,"Pseudoscorpiones",1,NA,NA,"not measured","ChAl","4",9
"Mine",2012-04-27,"All traps had some water in them from rain the previous day.",NA,"Sminthuridae",7,NA,NA,"not measured","ChAl","4",9
"Mine",2012-04-27,"All traps had some water in them from rain the previous day.",NA,"Acari",2,NA,NA,"not measured","ChAl","5",9
"Mine",2012-04-27,"All traps had some water in them from rain the previous day.",NA,"Cecidomyiidae",1,NA,NA,"not measured","ChAl","5",9
"Mine",2012-04-27,"All traps had some water in them from rain the previous day.",NA,"Lepismatidae",5,NA,NA,"not measured","ChAl","5",9
"Mine",2012-04-27,"All traps had some water in them from rain the previous day.",NA,"Meinertellidae",1,NA,NA,"not measured","ChAl","5",9
"Mine",2012-04-27,"All traps had some water in them from rain the previous day.",NA,"Pogonomyrmex rugosus",1,NA,NA,"not measured","ChAl","5",9
"Mine",2012-04-27,"All traps had some water in them from rain the previous day.",NA,"Scarabaeidae",1,NA,NA,"not measured","ChAl","5",9
"Mine",2012-04-27,"All traps had some water in them from rain the previous day.",NA,"Sminthuridae",1,NA,NA,"not measured","ChAl","5",9
"Mine",2012-04-27,"All traps had some water in them from rain the previous day.",NA,"Tetramorium",1,NA,NA,"not measured","ChAl","5",9
"Mine",2012-04-27,"Feces in cup, not collected.","trap_not_collected",NA,NA,NA,NA,NA,NA,"6",9
"Mine",2012-04-27,"All traps had some water in them from rain the previous day.",NA,"Acari",3,NA,NA,"not measured","ChAl","7",9
"Mine",2012-04-27,"All traps had some water in them from rain the previous day.",NA,"Chamaemyiidae",1,NA,NA,"not measured","ChAl","7",9
"Mine",2012-04-27,"All traps had some water in them from rain the previous day.",NA,"Cicadellidae",1,"TRUE",NA,"not measured","ChAl","7",9
"Mine",2012-04-27,"All traps had some water in them from rain the previous day.",NA,"Crematogaster",1,NA,NA,"not measured","ChAl","7",9
"Mine",2012-04-27,"All traps had some water in them from rain the previous day.",NA,"Forelius pruinosus",4,NA,NA,"not measured","ChAl","7",9
"Mine",2012-04-27,"All traps had some water in them from rain the previous day.",NA,"Gnaphosidae",1,NA,NA,"not measured","ChAl","7",9
"Mine",2012-04-27,"All traps had some water in them from rain the previous day.",NA,"Lepismatidae",3,NA,NA,"not measured","ChAl","7",9
"Mine",2012-04-27,"All traps had some water in them from rain the previous day.",NA,"Meinertellidae",2,NA,NA,"not measured","ChAl","7",9
"Mine",2012-04-27,"All traps had some water in them from rain the previous day.",NA,"Sminthuridae",3,NA,NA,"not measured","ChAl","7",9
"Mine",2012-04-27,"All traps had some water in them from rain the previous day.",NA,"Acari",2,NA,NA,"not measured","ChAl","8",9
"Mine",2012-04-27,"All traps had some water in them from rain the previous day.",NA,"Agroeca",1,NA,NA,"not measured","ChAl","8",9
"Mine",2012-04-27,"All traps had some water in them from rain the previous day.",NA,"Crematogaster",1,NA,NA,"not measured","ChAl","8",9
"Mine",2012-04-27,"All traps had some water in them from rain the previous day.",NA,"Entomobryidae",1,NA,NA,"not measured","ChAl","8",9
"Mine",2012-04-27,"All traps had some water in them from rain the previous day.",NA,"Forelius pruinosus",9,NA,NA,"not measured","ChAl","8",9
"Mine",2012-04-27,"All traps had some water in them from rain the previous day.",NA,"Gnaphosidae",3,NA,NA,"not measured","ChAl","8",9
"Mine",2012-04-27,"All traps had some water in them from rain the previous day.",NA,"Lepismatidae",2,NA,NA,"not measured","ChAl","8",9
"Mine",2012-04-27,"All traps had some water in them from rain the previous day.",NA,"Meinertellidae",2,NA,NA,"not measured","ChAl","8",9
"Mine",2012-04-27,"All traps had some water in them from rain the previous day.",NA,"Micaria",1,NA,NA,"not measured","ChAl","8",9
"Mine",2012-04-27,"All traps had some water in them from rain the previous day.",NA,"Pheidole desertorum",1,NA,NA,"not measured","ChAl","8",9
"Mine",2012-04-27,"All traps had some water in them from rain the previous day.",NA,"Sminthuridae",4,NA,NA,"not measured","ChAl","8",9
"Mine",2012-04-27,"All traps had some water in them from rain the previous day.",NA,"Crematogaster",1,NA,NA,"not measured","ChAl","9",9
"Mine",2012-04-27,"All traps had some water in them from rain the previous day.",NA,"Entomobryidae",1,NA,NA,"not measured","ChAl","9",9
"Mine",2012-04-27,"All traps had some water in them from rain the previous day.",NA,"Forelius pruinosus",1,NA,NA,"not measured","ChAl","9",9
"Mine",2012-04-27,"All traps had some water in them from rain the previous day.",NA,"Lepismatidae",3,NA,NA,"not measured","ChAl","9",9
"Mine",2012-04-27,"All traps had some water in them from rain the previous day.",NA,"Meinertellidae",3,NA,NA,"not measured","ChAl","9",9
"Mine",2012-04-27,"All traps had some water in them from rain the previous day.",NA,"Mutillidae",1,NA,NA,"not measured","ChAl","9",9
"Mine",2012-04-27,"All traps had some water in them from rain the previous day.",NA,"Tetramorium",3,NA,NA,"not measured","ChAl","9",9
"Mine",2012-04-27,"All traps had some water in them from rain the previous day.",NA,"Acari",1,NA,NA,"not measured","ChAl","10",9
"Mine",2012-04-27,"All traps had some water in them from rain the previous day.",NA,"Crematogaster",1,NA,NA,"not measured","ChAl","10",9
"Mine",2012-04-27,"All traps had some water in them from rain the previous day.",NA,"Euspilotus",4,NA,NA,"not measured","ChAl","10",9
"Mine",2012-04-27,"All traps had some water in them from rain the previous day.",NA,"Forelius pruinosus",1,NA,NA,"not measured","ChAl","10",9
"Mine",2012-04-27,"All traps had some water in them from rain the previous day.",NA,"Heleomyzidae",7,NA,NA,"not measured","ChAl","10",9
"Mine",2012-04-27,"All traps had some water in them from rain the previous day.",NA,"Lepismatidae",1,NA,NA,"not measured","ChAl","10",9
"Mine",2012-04-27,"All traps had some water in them from rain the previous day.",NA,"Salticidae",1,NA,NA,"not measured","ChAl","10",9
"Mine",2012-04-27,"All traps had some water in them from rain the previous day.",NA,"Sminthuridae",4,NA,NA,"not measured","ChAl","10",9
"Mine",2012-07-27,NA,NA,"Entomobryidae",1,NA,NA,"not measured","ChAl","1",10
"Mine",2012-07-27,NA,NA,"Lepismatidae",1,NA,NA,"not measured","ChAl","2",10
"Mine",2012-07-27,"No arthropods.","empty_trap",NA,NA,NA,NA,NA,NA,"3",10
"Mine",2012-07-27,NA,NA,"Oribatida",1,NA,NA,"not measured","ChAl","4",10
"Mine",2012-07-27,NA,NA,"Meinertellidae",1,NA,NA,"not measured","ChAl","5",10
"Mine",2012-07-27,NA,NA,"Oxyopes",1,NA,NA,"not measured","ChAl","5",10
"Mine",2012-07-27,"No arthropods.","empty_trap",NA,NA,NA,NA,NA,NA,"6",10
"Mine",2012-07-27,"No arthropods.","empty_trap",NA,NA,NA,NA,NA,NA,"7",10
"Mine",2012-07-27,NA,NA,"Acari",6,NA,NA,"not measured","ChAl","8",10
"Mine",2012-07-27,NA,NA,"Forelius pruinosus",1,NA,NA,"not measured","ChAl","8",10
"Mine",2012-07-27,NA,NA,"Lepismatidae",1,NA,NA,"not measured","ChAl","8",10
"Mine",2012-07-27,NA,NA,"Meinertellidae",1,NA,NA,"not measured","ChAl","8",10
"Mine",2012-07-27,"No arthropods.","empty_trap",NA,NA,NA,NA,NA,NA,"9",10
"Mine",2012-07-27,"No arthropods.","empty_trap",NA,NA,NA,NA,NA,NA,"10",10
"Mine",2012-11-08,NA,NA,"Stenomorpha (Asidina)",1,NA,NA,"greater than 10 mm","ChAl","1",9
"Mine",2012-11-08,"No arthropods","empty_trap",NA,NA,NA,NA,NA,NA,"2",9
"Mine",2012-11-08,"Not collecte; Trap out of ground","trap_not_collected",NA,NA,NA,NA,NA,NA,"3",9
"Mine",2012-11-08,NA,NA,"Entomobryidae",2,NA,NA,"not measured","ChAl","4",9
"Mine",2012-11-08,NA,NA,"Erythraeidae",1,NA,NA,"not measured","ChAl","4",9
"Mine",2012-11-08,NA,NA,"Pogonomyrmex rugosus",2,NA,NA,"not measured","ChAl","5",9
"Mine",2012-11-08,NA,NA,"Triorophus",1,NA,NA,"between 5 and 10 mm","ChAl","5",9
"Mine",2012-11-08,NA,NA,"Vaejovidae",1,NA,NA,"not measured","ChAl","5",9
"Mine",2012-11-08,"No arthropods","empty_trap",NA,NA,NA,NA,NA,NA,"6",9
"Mine",2012-11-08,NA,NA,"Entomobryidae",1,NA,NA,"not measured","ChAl","7",9
"Mine",2012-11-08,NA,NA,"Entomobryidae",1,NA,NA,"not measured","ChAl","8",9
"Mine",2012-11-08,NA,NA,"Lepismatidae",1,NA,NA,"not measured","ChAl","8",9
"Mine",2012-11-08,NA,NA,"Tetramorium",1,NA,NA,"not measured","ChAl","8",9
"Mine",2012-11-08,NA,NA,"Eleodes armata",1,NA,NA,"greater than 10 mm","ChAl","9",9
"Mine",2012-11-08,NA,NA,"Tetramorium",1,NA,NA,"not measured","ChAl","9",9
"Mine",2012-11-08,NA,NA,"Agroeca",1,NA,NA,"not measured","ChAl","10",9
"Mine",2012-11-08,NA,NA,"Erythraeidae",3,NA,NA,"not measured","ChAl","10",9
"Mine",2012-11-08,NA,NA,"Nocibiotes",1,NA,NA,"between 2 and 5 mm","ChAl","10",9
"Mine",2012-11-08,NA,NA,"Tetramorium",2,NA,NA,"not measured","ChAl","10",9
"Mine",2013-02-28,NA,NA,"Entomobryidae",1,NA,NA,"not measured","ChAl","1",10
"Mine",2013-02-28,NA,NA,"Pheidole",1,NA,NA,"not measured","ChAl","1",10
"Mine",2013-02-28,NA,NA,"Phyllotreta",1,NA,NA,"not measured","ChAl","1",10
"Mine",2013-02-28,NA,NA,"Isotomidae",15,NA,NA,"not measured","ChAl","2",10
"Mine",2013-02-28,NA,NA,"Acari",2,NA,NA,"not measured","ChAl","3",10
"Mine",2013-02-28,NA,NA,"Drassyllus",1,NA,NA,"not measured","ChAl","3",10
"Mine",2013-02-28,NA,NA,"Entomobryidae",1,NA,NA,"not measured","ChAl","3",10
"Mine",2013-02-28,NA,NA,"Isotomidae",3,NA,NA,"not measured","ChAl","3",10
"Mine",2013-02-28,NA,NA,"Acari",1,NA,NA,"not measured","ChAl","4",10
"Mine",2013-02-28,NA,NA,"Aphididae",1,NA,NA,"not measured","ChAl","4",10
"Mine",2013-02-28,NA,NA,"Cicadellidae",1,NA,NA,"not measured","ChAl","4",10
"Mine",2013-02-28,NA,NA,"Crematogaster",1,NA,NA,"not measured","ChAl","4",10
"Mine",2013-02-28,NA,NA,"Entomobryidae",1,NA,NA,"not measured","ChAl","4",10
"Mine",2013-02-28,NA,NA,"Isotomidae",14,NA,NA,"not measured","ChAl","4",10
"Mine",2013-02-28,NA,NA,"Psilochorus",1,NA,NA,"not measured","ChAl","4",10
"Mine",2013-02-28,NA,NA,"Termitidae",59,NA,NA,"not measured","ChAl","4",10
"Mine",2013-02-28,NA,NA,"Isotomidae",45,NA,NA,"not measured","ChAl","5",10
"Mine",2013-02-28,NA,NA,"Tennesseellum",1,NA,NA,"not measured","ChAl","5",10
"Mine",2013-02-28,NA,NA,"Isotomidae",10,NA,NA,"not measured","ChAl","6",10
"Mine",2013-02-28,NA,NA,"Phyllotreta",1,NA,NA,"not measured","ChAl","6",10
"Mine",2013-02-28,NA,NA,"Isotomidae",5,NA,NA,"not measured","ChAl","7",10
"Mine",2013-02-28,NA,NA,"Synaphosus",1,NA,NA,"not measured","ChAl","7",10
"Mine",2013-02-28,NA,NA,"Drassyllus",2,NA,NA,"not measured","ChAl","8",10
"Mine",2013-02-28,NA,NA,"Entomobryidae",10,NA,NA,"not measured","ChAl","8",10
"Mine",2013-02-28,NA,NA,"Isotomidae",5,NA,NA,"not measured","ChAl","8",10
"Mine",2013-02-28,NA,NA,"Xysticus",1,NA,NA,"not measured","ChAl","8",10
"Mine",2013-02-28,NA,NA,"Isotomidae",7,NA,NA,"not measured","ChAl","9",10
"Mine",2013-02-28,NA,NA,"Sminthuridae",1,NA,NA,"not measured","ChAl","9",10
"Mine",2013-02-28,NA,NA,"Acari",1,NA,NA,"not measured","ChAl","10",10
"Mine",2013-02-28,NA,NA,"Coccoidea",1,NA,NA,"not measured","ChAl","10",10
"Mine",2013-02-28,NA,NA,"Drassyllus",1,NA,NA,"not measured","ChAl","10",10
"Mine",2013-02-28,NA,NA,"Isotomidae",10,NA,NA,"not measured","ChAl","10",10
"Mine",2013-02-28,NA,NA,"Ptomaphagus",1,NA,NA,"not measured","ChAl","10",10
"Mine",2013-02-28,NA,NA,"Sminthuridae",1,NA,NA,"not measured","ChAl","10",10
"Mine",2013-02-28,NA,NA,"Spirobolida",1,NA,NA,"not measured","ChAl","10",10
"Mine",2013-04-11,"water in jar",NA,"Aphididae",1,NA,NA,"not measured","ChAl","1",10
"Mine",2013-04-11,"water in jar",NA,"Aphytis",1,NA,NA,"not measured","ChAl","1",10
"Mine",2013-04-11,"water in jar",NA,"Cecidomyiidae",1,NA,NA,"not measured","ChAl","1",10
"Mine",2013-04-11,"water in jar",NA,"Cicadellidae",2,"TRUE",NA,"not measured","ChAl","1",10
"Mine",2013-04-11,"water in jar",NA,"Erythraeidae",1,NA,NA,"not measured","ChAl","1",10
"Mine",2013-04-11,"water in jar",NA,"Forelius pruinosus",2,NA,NA,"not measured","ChAl","1",10
"Mine",2013-04-11,"water in jar",NA,"Fulgoroidea",1,"TRUE",NA,"not measured","ChAl","1",10
"Mine",2013-04-11,"water in jar",NA,"Hypogastruridae",2,NA,NA,"not measured","ChAl","1",10
"Mine",2013-04-11,"water in jar",NA,"Meinertellidae",2,NA,NA,"not measured","ChAl","1",10
"Mine",2013-04-11,"water in jar",NA,"Pheidole xerophila",12,NA,NA,"not measured","ChAl","1",10
"Mine",2013-04-11,"water in jar",NA,"Phthiria",1,NA,NA,"not measured","ChAl","1",10
"Mine",2013-04-11,"water in jar",NA,"Psyllidae",1,NA,NA,"not measured","ChAl","1",10
"Mine",2013-04-11,"water in jar",NA,"Sminthuridae",4,NA,NA,"not measured","ChAl","1",10
"Mine",2013-04-11,"water in jar",NA,"Staphylinidae",1,NA,NA,"not measured","ChAl","1",10
"Mine",2013-04-11,"water in jar",NA,"Trupanea",1,NA,NA,"not measured","ChAl","1",10
"Mine",2013-04-11,"water in jar",NA,"Aphididae",9,NA,NA,"not measured","ChAl","2",10
"Mine",2013-04-11,"water in jar",NA,"Bdellidae",1,NA,NA,"not measured","ChAl","2",10
"Mine",2013-04-11,"water in jar",NA,"Cecidomyiidae",1,NA,NA,"not measured","ChAl","2",10
"Mine",2013-04-11,"water in jar",NA,"Cicadellidae",19,"TRUE",NA,"not measured","ChAl","2",10
"Mine",2013-04-11,"water in jar",NA,"Entomobryidae",5,NA,NA,"not measured","ChAl","2",10
"Mine",2013-04-11,"water in jar",NA,"Erythraeidae",1,NA,NA,"not measured","ChAl","2",10
"Mine",2013-04-11,"water in jar",NA,"Forelius pruinosus",2,NA,NA,"not measured","ChAl","2",10
"Mine",2013-04-11,"water in jar",NA,"Fulgoroidea",1,"TRUE",NA,"not measured","ChAl","2",10
"Mine",2013-04-11,"water in jar",NA,"Gloridonus",3,NA,NA,"not measured","ChAl","2",10
"Mine",2013-04-11,"water in jar",NA,"Hemiptera",1,"TRUE",NA,"not measured","ChAl","2",10
"Mine",2013-04-11,"water in jar",NA,"Meinertellidae",1,NA,NA,"not measured","ChAl","2",10
"Mine",2013-04-11,"water in jar",NA,"Pheidole xerophila",42,NA,NA,"not measured","ChAl","2",10
"Mine",2013-04-11,"water in jar",NA,"Pogonomyrmex",2,NA,NA,"not measured","ChAl","2",10
"Mine",2013-04-11,"water in jar",NA,"Psilochorus",1,NA,NA,"not measured","ChAl","2",10
"Mine",2013-04-11,"water in jar",NA,"Scelionidae",1,NA,NA,"not measured","ChAl","2",10
"Mine",2013-04-11,"water in jar",NA,"Sminthuridae",21,NA,NA,"not measured","ChAl","2",10
"Mine",2013-04-11,"water in jar",NA,"Solenopsis xyloni",5,NA,NA,"not measured","ChAl","2",10
"Mine",2013-04-11,"water in jar",NA,"Acariformes",1,NA,NA,"not measured","ChAl","3",10
"Mine",2013-04-11,"water in jar",NA,"Cicadellidae",3,"TRUE",NA,"not measured","ChAl","3",10
"Mine",2013-04-11,"water in jar",NA,"Crematogaster",2,NA,NA,"not measured","ChAl","3",10
"Mine",2013-04-11,"water in jar",NA,"Drassyllus",1,NA,NA,"not measured","ChAl","3",10
"Mine",2013-04-11,"water in jar",NA,"Hypogastruridae",6,NA,NA,"not measured","ChAl","3",10
"Mine",2013-04-11,"water in jar",NA,"Meinertellidae",1,NA,NA,"not measured","ChAl","3",10
"Mine",2013-04-11,"water in jar",NA,"Sminthuridae",12,NA,NA,"not measured","ChAl","3",10
"Mine",2013-04-11,"water in jar",NA,"Solenopsis amblychila",1,NA,NA,"not measured","ChAl","3",10
"Mine",2013-04-11,"water in jar",NA,"Aphididae",8,NA,NA,"not measured","ChAl","4",10
"Mine",2013-04-11,"water in jar",NA,"Apiomerus",1,NA,NA,"not measured","ChAl","4",10
"Mine",2013-04-11,"water in jar",NA,"Bdellidae",1,NA,NA,"not measured","ChAl","4",10
"Mine",2013-04-11,"water in jar",NA,"Caeculidae",1,NA,NA,"not measured","ChAl","4",10
"Mine",2013-04-11,"water in jar",NA,"Cicadellidae",5,"TRUE",NA,"not measured","ChAl","4",10
"Mine",2013-04-11,"water in jar",NA,"Coccoidea",1,NA,NA,"not measured","ChAl","4",10
"Mine",2013-04-11,"water in jar",NA,"Coleoptera",1,"TRUE",NA,"not measured","ChAl","4",10
"Mine",2013-04-11,"water in jar",NA,"Entomobryidae",6,NA,NA,"not measured","ChAl","4",10
"Mine",2013-04-11,"water in jar",NA,"Erythraeidae",1,NA,NA,"not measured","ChAl","4",10
"Mine",2013-04-11,"water in jar",NA,"Gloridonus",1,NA,NA,"not measured","ChAl","4",10
"Mine",2013-04-11,"water in jar",NA,"Lepismatidae",1,NA,NA,"not measured","ChAl","4",10
"Mine",2013-04-11,"water in jar",NA,"Miridae",1,"TRUE",NA,"not measured","ChAl","4",10
"Mine",2013-04-11,"water in jar",NA,"Pogonomyrmex rugosus",10,NA,NA,"not measured","ChAl","4",10
"Mine",2013-04-11,"water in jar",NA,"Sminthuridae",13,NA,NA,"not measured","ChAl","4",10
"Mine",2013-04-11,"water in jar",NA,"Thripidae",2,NA,NA,"not measured","ChAl","4",10
"Mine",2013-04-11,"water in jar",NA,"Aphididae",1,NA,NA,"not measured","ChAl","5",10
"Mine",2013-04-11,"water in jar",NA,"Cicadellidae",8,"TRUE",NA,"not measured","ChAl","5",10
"Mine",2013-04-11,"water in jar",NA,"Coccoidea",27,NA,NA,"not measured","ChAl","5",10
"Mine",2013-04-11,"water in jar",NA,"Crematogaster",12,NA,NA,"not measured","ChAl","5",10
"Mine",2013-04-11,"water in jar",NA,"Dorymyrmex insanus",1,NA,NA,"not measured","ChAl","5",10
"Mine",2013-04-11,"water in jar",NA,"Entomobryidae",7,NA,NA,"not measured","ChAl","5",10
"Mine",2013-04-11,"water in jar",NA,"Eulophidae",1,NA,NA,"not measured","ChAl","5",10
"Mine",2013-04-11,"water in jar",NA,"Hypogastruridae",1,NA,NA,"not measured","ChAl","5",10
"Mine",2013-04-11,"water in jar",NA,"Lepismatidae",2,NA,NA,"not measured","ChAl","5",10
"Mine",2013-04-11,"water in jar",NA,"Meinertellidae",1,NA,NA,"not measured","ChAl","5",10
"Mine",2013-04-11,"water in jar",NA,"Sminthuridae",7,NA,NA,"not measured","ChAl","5",10
"Mine",2013-04-11,"water in jar",NA,"Acariformes",1,NA,NA,"not measured","ChAl","6",10
"Mine",2013-04-11,"water in jar",NA,"Aphididae",1,NA,NA,"not measured","ChAl","6",10
"Mine",2013-04-11,"water in jar",NA,"Bdellidae",1,NA,NA,"not measured","ChAl","6",10
"Mine",2013-04-11,"water in jar",NA,"Cicadellidae",1,"TRUE",NA,"not measured","ChAl","6",10
"Mine",2013-04-11,"water in jar",NA,"Coccoidea",34,NA,NA,"not measured","ChAl","6",10
"Mine",2013-04-11,"water in jar",NA,"Entomobryidae",6,NA,NA,"not measured","ChAl","6",10
"Mine",2013-04-11,"water in jar",NA,"Erythraeidae",1,NA,NA,"not measured","ChAl","6",10
"Mine",2013-04-11,"water in jar",NA,"Hemiptera",1,"TRUE",NA,"not measured","ChAl","6",10
"Mine",2013-04-11,"water in jar",NA,"Phyllotreta",1,NA,NA,"not measured","ChAl","6",10
"Mine",2013-04-11,"water in jar",NA,"Psilochorus",1,NA,NA,"not measured","ChAl","6",10
"Mine",2013-04-11,"water in jar",NA,"Sminthuridae",8,NA,NA,"not measured","ChAl","6",10
"Mine",2013-04-11,"water in jar",NA,"Termitidae",3,NA,NA,"not measured","ChAl","6",10
"Mine",2013-04-11,"water in jar",NA,"Aphididae",5,NA,NA,"not measured","ChAl","7",10
"Mine",2013-04-11,"water in jar",NA,"Bdellidae",1,NA,NA,"not measured","ChAl","7",10
"Mine",2013-04-11,"water in jar",NA,"Cecidomyiidae",1,NA,NA,"not measured","ChAl","7",10
"Mine",2013-04-11,"water in jar",NA,"Cicadellidae",12,"TRUE",NA,"not measured","ChAl","7",10
"Mine",2013-04-11,"water in jar",NA,"Coccoidea",72,NA,NA,"not measured","ChAl","7",10
"Mine",2013-04-11,"water in jar",NA,"Crematogaster",1,NA,NA,"not measured","ChAl","7",10
"Mine",2013-04-11,"water in jar",NA,"Entomobryidae",20,NA,NA,"not measured","ChAl","7",10
"Mine",2013-04-11,"water in jar",NA,"Forelius pruinosus",2,NA,NA,"not measured","ChAl","7",10
"Mine",2013-04-11,"water in jar",NA,"Gloridonus",1,NA,NA,"not measured","ChAl","7",10
"Mine",2013-04-11,"water in jar",NA,"Hemiptera",1,"TRUE",NA,"not measured","ChAl","7",10
"Mine",2013-04-11,"water in jar",NA,"Sminthuridae",4,NA,NA,"not measured","ChAl","7",10
"Mine",2013-04-11,"water in jar",NA,"Aphididae",4,NA,NA,"not measured","ChAl","8",10
"Mine",2013-04-11,"water in jar",NA,"Ceraticelus",1,NA,NA,"not measured","ChAl","8",10
"Mine",2013-04-11,"water in jar",NA,"Cicadellidae",2,"TRUE",NA,"not measured","ChAl","8",10
"Mine",2013-04-11,"water in jar",NA,"Coccoidea",18,NA,NA,"not measured","ChAl","8",10
"Mine",2013-04-11,"water in jar",NA,"Coleoptera",1,"TRUE",NA,"not measured","ChAl","8",10
"Mine",2013-04-11,"water in jar",NA,"Entomobryidae",2,NA,NA,"not measured","ChAl","8",10
"Mine",2013-04-11,"water in jar",NA,"Erythraeidae",2,NA,NA,"not measured","ChAl","8",10
"Mine",2013-04-11,"water in jar",NA,"Fulgoroidea",1,"TRUE",NA,"not measured","ChAl","8",10
"Mine",2013-04-11,"water in jar",NA,"Gnaphosidae",2,NA,NA,"not measured","ChAl","8",10
"Mine",2013-04-11,"water in jar",NA,"Lepismatidae",2,NA,NA,"not measured","ChAl","8",10
"Mine",2013-04-11,"water in jar",NA,"Meinertellidae",1,NA,NA,"not measured","ChAl","8",10
"Mine",2013-04-11,"water in jar",NA,"Pheidole desertorum",1,NA,NA,"not measured","ChAl","8",10
"Mine",2013-04-11,"water in jar",NA,"Sminthuridae",6,NA,NA,"not measured","ChAl","8",10
"Mine",2013-04-11,"water in jar",NA,"Acariformes",1,NA,NA,"not measured","ChAl","9",10
"Mine",2013-04-11,"water in jar",NA,"Ceraticelus",2,NA,NA,"not measured","ChAl","9",10
"Mine",2013-04-11,"water in jar",NA,"Cicadellidae",1,"TRUE",NA,"not measured","ChAl","9",10
"Mine",2013-04-11,"water in jar",NA,"Coccoidea",14,NA,NA,"not measured","ChAl","9",10
"Mine",2013-04-11,"water in jar",NA,"Crematogaster",4,NA,NA,"not measured","ChAl","9",10
"Mine",2013-04-11,"water in jar",NA,"Entomobryidae",12,NA,NA,"not measured","ChAl","9",10
"Mine",2013-04-11,"water in jar",NA,"Erythraeidae",2,NA,NA,"not measured","ChAl","9",10
"Mine",2013-04-11,"water in jar",NA,"Fulgoroidea",1,"TRUE",NA,"not measured","ChAl","9",10
"Mine",2013-04-11,"water in jar",NA,"Lygaeidae",1,"TRUE",NA,"not measured","ChAl","9",10
"Mine",2013-04-11,"water in jar",NA,"Sminthuridae",11,NA,NA,"not measured","ChAl","9",10
"Mine",2013-04-11,"water in jar",NA,"Trupanea",1,NA,NA,"not measured","ChAl","9",10
"Mine",2013-04-11,"water in jar",NA,"Acariformes",1,NA,NA,"not measured","ChAl","10",10
"Mine",2013-04-11,"water in jar",NA,"Aphididae",3,NA,NA,"not measured","ChAl","10",10
"Mine",2013-04-11,"water in jar",NA,"Braconidae",1,NA,NA,"not measured","ChAl","10",10
"Mine",2013-04-11,"water in jar",NA,"Camponotus",1,NA,NA,"not measured","ChAl","10",10
"Mine",2013-04-11,"water in jar",NA,"Cecidomyiidae",2,NA,NA,"not measured","ChAl","10",10
"Mine",2013-04-11,"water in jar",NA,"Cicadellidae",5,"TRUE",NA,"not measured","ChAl","10",10
"Mine",2013-04-11,"water in jar",NA,"Coccoidea",8,NA,NA,"not measured","ChAl","10",10
"Mine",2013-04-11,"water in jar",NA,"Drassyllus",1,NA,NA,"not measured","ChAl","10",10
"Mine",2013-04-11,"water in jar",NA,"Entomobryidae",9,NA,NA,"not measured","ChAl","10",10
"Mine",2013-04-11,"water in jar",NA,"Forelius pruinosus",1,NA,NA,"not measured","ChAl","10",10
"Mine",2013-04-11,"water in jar",NA,"Hemiptera",1,"TRUE",NA,"not measured","ChAl","10",10
"Mine",2013-04-11,"water in jar",NA,"Linyphiidae",1,NA,NA,"not measured","ChAl","10",10
"Mine",2013-04-11,"water in jar",NA,"Pheidole",4,NA,NA,"not measured","ChAl","10",10
"Mine",2013-04-11,"water in jar",NA,"Sminthuridae",11,NA,NA,"not measured","ChAl","10",10
"Mine",2013-04-11,"water in jar",NA,"Solenopsis xyloni",1,NA,NA,"not measured","ChAl","10",10
"Mine",2013-04-11,"water in jar",NA,"Tetramorium",1,NA,NA,"not measured","ChAl","10",10
"Mine",2013-04-11,"water in jar",NA,"Trichochrous",1,NA,NA,"not measured","ChAl","10",10
"Mine",2013-08-16,NA,NA,"Myrmeleontidae",1,"TRUE",NA,"not measured","ChAl","1",9
"Mine",2013-08-16,"No arthropods","empty_trap",NA,NA,NA,NA,NA,NA,"2",9
"Mine",2013-08-16,NA,NA,"Pogonomyrmex rugosus",12,NA,NA,"not measured","ChAl","3",9
"Mine",2013-08-16,NA,NA,"Solenopsis xyloni",2,NA,NA,"not measured","ChAl","3",9
"Mine",2013-08-16,NA,NA,"Triorophus",1,NA,NA,"between 5 and 10 mm","ChAl","3",9
"Mine",2013-08-16,NA,NA,"Anystidae",1,NA,NA,"not measured","ChAl","4",9
"Mine",2013-08-16,NA,NA,"Pheidole desertorum",1,NA,NA,"not measured","ChAl","4",9
"Mine",2013-08-16,NA,NA,"Pogonomyrmex rugosus",20,NA,NA,"not measured","ChAl","4",9
"Mine",2013-08-16,NA,NA,"Sminthuridae",1,NA,NA,"not measured","ChAl","4",9
"Mine",2013-08-16,"No arthropods","trap_not_collected",NA,NA,NA,NA,NA,NA,"5",9
"Mine",2013-08-16,"No arthropods","empty_trap",NA,NA,NA,NA,NA,NA,"6",9
"Mine",2013-08-16,NA,NA,"Solenopsis xyloni",1,NA,NA,"not measured","ChAl","7",9
"Mine",2013-08-16,NA,NA,"Meinertellidae",3,NA,NA,"not measured","ChAl","8",9
"Mine",2013-08-16,NA,NA,"Hypogastruridae",3,NA,NA,"not measured","ChAl","9",9
"Mine",2013-08-16,NA,NA,"Nocibiotes",1,NA,NA,"between 2 and 5 mm","ChAl","9",9
"Mine",2013-08-16,NA,NA,"Vaejovidae",1,NA,NA,"not measured","ChAl","9",9
"Mine",2013-08-16,NA,NA,"Caeculidae",1,NA,NA,"not measured","ChAl","10",9
"Mine",2013-08-16,NA,NA,"Nocibiotes",1,NA,NA,"between 2 and 5 mm","ChAl","10",9
"Mine",2013-12-06,NA,NA,"Isotomidae",1,NA,NA,"not measured","ChAl","1",9
"Mine",2013-12-06,NA,NA,"Sminthuridae",1,NA,NA,"not measured","ChAl","1",9
"Mine",2013-12-06,NA,NA,"Caeculidae",1,NA,NA,"not measured","ChAl","2",9
"Mine",2013-12-06,NA,NA,"Hypogastruridae",1,NA,NA,"not measured","ChAl","2",9
"Mine",2013-12-06,NA,NA,"Isotomidae",2,NA,NA,"not measured","ChAl","2",9
"Mine",2013-12-06,NA,NA,"Caeculidae",1,NA,NA,"not measured","ChAl","3",9
"Mine",2013-12-06,NA,NA,"Isotomidae",7,NA,NA,"not measured","ChAl","3",9
"Mine",2013-12-06,NA,NA,"Termitidae",1,NA,NA,"not measured","ChAl","3",9
"Mine",2013-12-06,NA,NA,"Trombidioidea",1,NA,NA,"not measured","ChAl","3",9
"Mine",2013-12-06,NA,"trap_not_collected",NA,NA,NA,NA,NA,NA,"4",9
"Mine",2013-12-06,NA,NA,"Erythraeidae",1,NA,NA,"not measured","ChAl","5",9
"Mine",2013-12-06,NA,NA,"Isotomidae",2,NA,NA,"not measured","ChAl","5",9
"Mine",2013-12-06,NA,NA,"Sminthuridae",1,NA,NA,"not measured","ChAl","5",9
"Mine",2013-12-06,NA,NA,"Solenopsis xyloni",1,NA,NA,"not measured","ChAl","5",9
"Mine",2013-12-06,NA,NA,"Isotomidae",1,NA,NA,"not measured","ChAl","6",9
"Mine",2013-12-06,NA,NA,"Phyllotreta",1,NA,NA,"not measured","ChAl","6",9
"Mine",2013-12-06,NA,NA,"Isotomidae",2,NA,NA,"not measured","ChAl","7",9
"Mine",2013-12-06,NA,NA,"Opiliones",1,NA,NA,"not measured","ChAl","7",9
"Mine",2013-12-06,NA,NA,"Phyllotreta",1,NA,NA,"not measured","ChAl","7",9
"Mine",2013-12-06,NA,NA,"Sminthuridae",1,NA,NA,"not measured","ChAl","7",9
"Mine",2013-12-06,NA,NA,"Isotomidae",1,NA,NA,"not measured","ChAl","8",9
"Mine",2013-12-06,NA,NA,"Tetramorium",1,NA,NA,"not measured","ChAl","8",9
"Mine",2013-12-06,NA,NA,"Tarsonops",1,NA,NA,"not measured","ChAl","9",9
"Mine",2013-12-06,NA,NA,"Diapriidae",1,NA,NA,"not measured","ChAl","10",9
"Mine",2013-12-06,NA,NA,"Gryllidae",1,NA,NA,"not measured","ChAl","10",9
"Mine",2013-12-06,NA,NA,"Isotomidae",1,NA,NA,"not measured","ChAl","10",9
"Mine",2013-12-06,NA,NA,"Sminthuridae",2,NA,NA,"not measured","ChAl","10",9
"Mine",2014-02-24,"Hymenoptera - Larva- Saw Fly",NA,"Arctiinae",1,"TRUE",NA,"not measured","RoOr","1",10
"Mine",2014-02-24,"Hymenoptera - Larva- Saw Fly",NA,"Hymenoptera",1,NA,NA,"not measured","RoOr","1",10
"Mine",2014-02-24,"No Arthropods","empty_trap",NA,NA,NA,NA,NA,NA,"2",10
"Mine",2014-02-24,NA,NA,"Chrysopidae",2,"TRUE",NA,"not measured","RoOr","3",10
"Mine",2014-02-24,NA,NA,"Crematogaster",10,NA,NA,"not measured","RoOr","3",10
"Mine",2014-02-24,NA,NA,"Meinertellidae",1,NA,NA,"not measured","RoOr","3",10
"Mine",2014-02-24,NA,NA,"Thinoxenus",1,NA,NA,"not measured","RoOr","3",10
"Mine",2014-02-24,NA,NA,"Thripidae",1,NA,NA,"not measured","RoOr","3",10
"Mine",2014-02-24,NA,NA,"Cicadellidae",1,"TRUE",NA,"not measured","RoOr","4",10
"Mine",2014-02-24,NA,NA,"Coccoidea",1,NA,NA,"not measured","RoOr","4",10
"Mine",2014-02-24,NA,NA,NA,NA,NA,NA,NA,NA,"5",10
"Mine",2014-02-24,NA,NA,"Acari",1,NA,NA,"not measured","RoOr","6",10
"Mine",2014-02-24,NA,NA,"Cicadellidae",1,NA,NA,"not measured","RoOr","6",10
"Mine",2014-02-24,NA,NA,"Opiliones",1,NA,NA,"not measured","RoOr","6",10
"Mine",2014-02-24,NA,NA,"Drassyllus",1,NA,NA,"not measured","RoOr","7",10
"Mine",2014-02-24,NA,NA,"Cicadellidae",1,"TRUE",NA,"not measured","RoOr","8",10
"Mine",2014-02-24,NA,NA,"Coccoidea",2,NA,NA,"not measured","RoOr","8",10
"Mine",2014-02-24,NA,NA,"Entomobryidae",1,NA,NA,"not measured","RoOr","8",10
"Mine",2014-02-24,NA,NA,"Thripidae",1,NA,NA,"not measured","RoOr","8",10
"Mine",2014-02-24,NA,NA,"Chrysomelidae",1,"TRUE",NA,"not measured","RoOr","9",10
"Mine",2014-02-24,NA,NA,"Coccoidea",1,NA,NA,"not measured","RoOr","9",10
"Mine",2014-02-24,NA,NA,"Entomobryidae",5,NA,NA,"not measured","RoOr","9",10
"Mine",2014-02-24,NA,NA,"Erythraeoidea",1,NA,NA,"not measured","RoOr","9",10
"Mine",2014-02-24,NA,NA,"Lygaeidae",1,"TRUE",NA,"not measured","RoOr","9",10
"Mine",2014-02-24,NA,NA,"Mutillidae",1,NA,NA,"not measured","RoOr","9",10
"Mine",2014-02-24,NA,NA,"Triorophus",1,NA,NA,"not measured","RoOr","9",10
"Mine",2014-02-24,NA,NA,"Acari",1,NA,NA,"not measured","RoOr","10",10
"Mine",2014-02-24,NA,NA,"Coccoidea",9,NA,NA,"not measured","RoOr","10",10
"Mine",2014-04-14,NA,NA,"Crematogaster",1,NA,NA,"not measured","RoOr","1",7
"Mine",2014-04-14,NA,NA,"Ligyrocoris",1,NA,NA,"not measured","RoOr","1",7
"Mine",2014-04-14,NA,NA,"Pheidole xerophila",1,NA,NA,"not measured","RoOr","1",7
"Mine",2014-04-14,NA,NA,"Collops",1,NA,NA,"not measured","RoOr","2",7
"Mine",2014-04-14,NA,NA,"Meinertellidae",3,NA,NA,"not measured","RoOr","2",7
"Mine",2014-04-14,NA,NA,"Pheidole xerophila",1,NA,NA,"not measured","RoOr","2",7
"Mine",2014-04-14,NA,NA,"Pogonomyrmex rugosus",18,NA,NA,"not measured","RoOr","2",7
"Mine",2014-04-14,NA,NA,"Myrmeleontidae",1,"TRUE",NA,"not measured","RoOr","3",7
"Mine",2014-04-14,NA,NA,"Pogonomyrmex rugosus",1,NA,NA,"not measured","RoOr","3",7
"Mine",2014-04-14,"No Arthropods","trap_not_collected",NA,NA,NA,NA,NA,NA,"4",7
"Mine",2014-04-14,"No Arthropods","trap_not_collected",NA,NA,NA,NA,NA,NA,"5",7
"Mine",2014-04-14,NA,NA,"Agroeca",1,NA,NA,"not measured","RoOr","6",7
"Mine",2014-04-14,NA,NA,"Entomobryidae",1,NA,NA,"not measured","RoOr","6",7
"Mine",2014-04-14,"No Arthropods","trap_not_collected",NA,NA,NA,NA,NA,NA,"7",7
"Mine",2014-04-14,NA,NA,"Forelius pruinosus",1,NA,NA,"not measured","RoOr","8",7
"Mine",2014-04-14,NA,NA,"Meinertellidae",2,NA,NA,"not measured","RoOr","8",7
"Mine",2014-04-14,NA,NA,"Ceratagallia (Aceratagallia)",1,NA,NA,"not measured","RoOr","9",7
"Mine",2014-04-14,NA,NA,"Cicadellidae",1,"TRUE",NA,"not measured","RoOr","9",7
"Mine",2014-04-14,NA,NA,"Crematogaster",5,NA,NA,"not measured","RoOr","9",7
"Mine",2014-04-14,NA,NA,"Dorymyrmex insanus",3,NA,NA,"not measured","RoOr","9",7
"Mine",2014-04-14,NA,NA,"Entomobryidae",32,NA,NA,"not measured","RoOr","9",7
"Mine",2014-04-14,NA,NA,"Erythraeoidea",2,NA,NA,"not measured","RoOr","9",7
"Mine",2014-04-14,NA,NA,"Forelius pruinosus",8,NA,NA,"not measured","RoOr","9",7
"Mine",2014-04-14,NA,NA,"Geometridae",1,NA,NA,"not measured","RoOr","9",7
"Mine",2014-04-14,NA,NA,"Lepismatidae",3,NA,NA,"not measured","RoOr","9",7
"Mine",2014-04-14,NA,NA,"Nocibiotes",1,NA,NA,"between 2 and 5 mm","RoOr","9",7
"Mine",2014-04-14,NA,NA,"Pseudoscorpiones",1,NA,NA,"not measured","RoOr","9",7
"Mine",2014-04-14,NA,NA,"Chrysopidae",1,"TRUE",NA,"not measured","RoOr","10",7
"Mine",2014-04-14,NA,NA,"Forelius pruinosus",1,NA,NA,"not measured","RoOr","10",7
"Mine",2014-04-14,NA,NA,"Hemiptera",1,"TRUE",NA,"not measured","RoOr","10",7
"Mine",2014-04-14,NA,NA,"Lepismatidae",1,NA,NA,"not measured","RoOr","10",7
"Mine",2014-04-14,NA,NA,"Meinertellidae",1,NA,NA,"not measured","RoOr","10",7
"Mine",2014-04-14,NA,NA,"Nocibiotes",2,NA,NA,"between 2 and 5 mm","RoOr","10",7
"Mine",2014-04-14,NA,NA,"Pheidole",4,NA,NA,"not measured","RoOr","10",7
"Mine",2014-04-14,NA,NA,"Pheidole desertorum",1,NA,NA,"not measured","RoOr","10",7
"Mine",2014-04-14,NA,NA,"Tetramorium",2,NA,NA,"not measured","RoOr","10",7
"Mine",2014-08-07,"Not collected","trap_not_collected",NA,NA,NA,NA,NA,NA,"1",8
"Mine",2014-08-07,NA,NA,"Forelius pruinosus",3,NA,NA,"not measured","RoOr","2",8
"Mine",2014-08-07,NA,NA,"Lampyridae",1,"TRUE",NA,"not measured","RoOr","2",8
"Mine",2014-08-07,NA,NA,"Pheidole xerophila",2,NA,NA,"not measured","RoOr","2",8
"Mine",2014-08-07,NA,NA,"Sminthuridae",1,NA,NA,"not measured","RoOr","2",8
"Mine",2014-08-07,NA,NA,"Mutillidae",1,NA,NA,"not measured","RoOr","3",8
"Mine",2014-08-07,NA,NA,"Sminthuridae",3,NA,NA,"not measured","RoOr","3",8
"Mine",2014-08-07,NA,NA,"Erythraeoidea",1,NA,NA,"not measured","RoOr","4",8
"Mine",2014-08-07,NA,NA,"Habronattus",1,NA,NA,"not measured","RoOr","4",8
"Mine",2014-08-07,NA,NA,"Pogonomyrmex rugosus",1,NA,NA,"not measured","RoOr","4",8
"Mine",2014-08-07,NA,NA,"Sminthuridae",3,NA,NA,"not measured","RoOr","4",8
"Mine",2014-08-07,NA,NA,"Lepismatidae",1,NA,NA,"not measured","RoOr","5",8
"Mine",2014-08-07,NA,NA,"Selenophorus",1,NA,NA,"not measured","RoOr","5",8
"Mine",2014-08-07,NA,NA,"Sminthuridae",2,NA,NA,"not measured","RoOr","5",8
"Mine",2014-08-07,"Not collected","trap_not_collected",NA,NA,NA,NA,NA,NA,"6",8
"Mine",2014-08-07,NA,NA,"Forelius pruinosus",1,NA,NA,"not measured","RoOr","7",8
"Mine",2014-08-07,NA,NA,"Sminthuridae",1,NA,NA,"not measured","RoOr","7",8
"Mine",2014-08-07,NA,NA,"Pogonomyrmex rugosus",1,NA,NA,"not measured","RoOr","8",8
"Mine",2014-08-07,NA,NA,"Araneidae",1,NA,NA,"not measured","RoOr","9",8
"Mine",2014-08-07,NA,NA,"Bdellidae",2,NA,NA,"not measured","RoOr","9",8
"Mine",2014-08-07,NA,NA,"Caeculidae",1,NA,NA,"not measured","RoOr","9",8
"Mine",2014-08-07,NA,NA,"Chrysomelidae",1,"TRUE",NA,"not measured","RoOr","9",8
"Mine",2014-08-07,NA,NA,"Dorymyrmex bicolor",1,NA,NA,"not measured","RoOr","9",8
"Mine",2014-08-07,NA,NA,"Erythraeoidea",3,NA,NA,"not measured","RoOr","9",8
"Mine",2014-08-07,NA,NA,"Hadrurus arizonensis",1,NA,NA,"not measured","RoOr","9",8
"Mine",2014-08-07,NA,NA,"Lepismatidae",1,NA,NA,"not measured","RoOr","9",8
"Mine",2014-08-07,NA,NA,"Meinertellidae",2,NA,NA,"not measured","RoOr","9",8
"Mine",2014-08-07,NA,NA,"Pheidole desertorum",1,NA,NA,"not measured","RoOr","9",8
"Mine",2014-08-07,NA,NA,"Lampyridae",1,"TRUE",NA,"not measured","RoOr","10",8
"Mine",2014-08-07,NA,NA,"Sminthuridae",1,NA,NA,"not measured","RoOr","10",8
"Mine",2014-12-08,NA,NA,"Hypogastruridae",18,NA,NA,"not measured","AnDe","1",10
"Mine",2014-12-08,NA,NA,"Oribatida",4,NA,NA,"not measured","AnDe","1",10
"Mine",2014-12-08,NA,NA,"Ptomaphagus",1,NA,NA,"not measured","AnDe","1",10
"Mine",2014-12-08,NA,NA,"Spirobolida",1,NA,NA,"not measured","AnDe","1",10
"Mine",2014-12-08,NA,NA,"Diptera",1,"TRUE",NA,"not measured","AnDe","2",10
"Mine",2014-12-08,NA,NA,"Hypogastruridae",27,NA,NA,"not measured","AnDe","2",10
"Mine",2014-12-08,NA,NA,"Oribatida",4,NA,NA,"not measured","AnDe","2",10
"Mine",2014-12-08,NA,NA,"Paravaejovis spinigerus",1,NA,NA,"not measured","AnDe","2",10
"Mine",2014-12-08,NA,NA,"Psocodea",2,NA,NA,"not measured","AnDe","2",10
"Mine",2014-12-08,NA,NA,"Sminthuridae",6,NA,NA,"not measured","AnDe","2",10
"Mine",2014-12-08,NA,NA,"Solenopsis",5,NA,NA,"not measured","AnDe","2",10
"Mine",2014-12-08,NA,NA,"Hypogastruridae",44,NA,NA,"not measured","AnDe","3",10
"Mine",2014-12-08,NA,NA,"Oribatida",13,NA,NA,"not measured","AnDe","3",10
"Mine",2014-12-08,NA,NA,"Solenopsis",2,NA,NA,"not measured","AnDe","3",10
"Mine",2014-12-08,NA,NA,"Aleyrodidae",1,NA,NA,"not measured","AnDe","4",10
"Mine",2014-12-08,NA,NA,"Coccoidea",1,"TRUE",NA,"not measured","AnDe","4",10
"Mine",2014-12-08,NA,NA,"Entomobryidae",5,NA,NA,"not measured","AnDe","4",10
"Mine",2014-12-08,NA,NA,"Erythraeoidea",4,NA,NA,"not measured","AnDe","4",10
"Mine",2014-12-08,NA,NA,"Hypogastruridae",23,NA,NA,"not measured","AnDe","4",10
"Mine",2014-12-08,NA,NA,"Phyllotreta",1,NA,NA,"not measured","AnDe","4",10
"Mine",2014-12-08,NA,NA,"Thripidae",1,NA,NA,"not measured","AnDe","4",10
"Mine",2014-12-08,NA,NA,"Anystoidea",2,NA,NA,"not measured","AnDe","5",10
"Mine",2014-12-08,NA,NA,"Araneidae",2,NA,NA,"not measured","AnDe","5",10
"Mine",2014-12-08,NA,NA,"Entomobryidae",2,NA,NA,"not measured","AnDe","5",10
"Mine",2014-12-08,NA,NA,"Erythraeoidea",1,NA,NA,"not measured","AnDe","5",10
"Mine",2014-12-08,NA,NA,"Hypogastruridae",15,NA,NA,"not measured","AnDe","5",10
"Mine",2014-12-08,NA,NA,"Sminthuridae",1,NA,NA,"not measured","AnDe","5",10
"Mine",2014-12-08,NA,NA,"Anystoidea",1,NA,NA,"not measured","AnDe","6",10
"Mine",2014-12-08,NA,NA,"Dorymyrmex",1,NA,NA,"not measured","AnDe","6",10
"Mine",2014-12-08,NA,NA,"Entomobryidae",1,NA,NA,"not measured","AnDe","6",10
"Mine",2014-12-08,NA,NA,"Hypogastruridae",17,NA,NA,"not measured","AnDe","6",10
"Mine",2014-12-08,NA,NA,"Isotomidae",1,NA,NA,"not measured","AnDe","6",10
"Mine",2014-12-08,NA,NA,"Psilochorus",1,NA,NA,"not measured","AnDe","6",10
"Mine",2014-12-08,NA,NA,"Sminthuridae",1,NA,NA,"not measured","AnDe","6",10
"Mine",2014-12-08,NA,NA,"Solenopsis",1,NA,NA,"not measured","AnDe","6",10
"Mine",2014-12-08,NA,NA,"Araneidae",1,NA,NA,"not measured","AnDe","7",10
"Mine",2014-12-08,NA,NA,"Formicidae",1,NA,NA,"not measured","AnDe","7",10
"Mine",2014-12-08,NA,NA,"Hypogastruridae",11,NA,NA,"not measured","AnDe","7",10
"Mine",2014-12-08,NA,NA,"Solenopsis",1,NA,NA,"not measured","AnDe","7",10
"Mine",2014-12-08,NA,NA,"Acari",1,NA,NA,"not measured","AnDe","8",10
"Mine",2014-12-08,NA,NA,"Araneidae",2,NA,NA,"not measured","AnDe","8",10
"Mine",2014-12-08,NA,NA,"Caeculidae",1,NA,NA,"not measured","AnDe","8",10
"Mine",2014-12-08,NA,NA,"Entomobryidae",37,NA,NA,"not measured","AnDe","8",10
"Mine",2014-12-08,NA,NA,"Hypogastruridae",14,NA,NA,"not measured","AnDe","8",10
"Mine",2014-12-08,NA,NA,"Paravaejovis spinigerus",1,NA,NA,"not measured","AnDe","8",10
"Mine",2014-12-08,NA,NA,"Ptomaphagus",1,NA,NA,"not measured","AnDe","8",10
"Mine",2014-12-08,NA,NA,"Araneidae",1,NA,NA,"not measured","AnDe","9",10
"Mine",2014-12-08,NA,NA,"Formicidae",1,NA,NA,"not measured","AnDe","9",10
"Mine",2014-12-08,NA,NA,"Hypogastruridae",10,NA,NA,"not measured","AnDe","9",10
"Mine",2014-12-08,NA,NA,"Oribatida",1,NA,NA,"not measured","AnDe","9",10
"Mine",2014-12-08,NA,NA,"Sminthuridae",1,NA,NA,"not measured","AnDe","9",10
"Mine",2014-12-08,NA,NA,"Solenopsis",6,NA,NA,"not measured","AnDe","9",10
"Mine",2014-12-08,NA,NA,"Thripidae",1,NA,NA,"not measured","AnDe","9",10
"Mine",2014-12-08,NA,NA,"Ceraticelus",1,NA,NA,"not measured","AnDe","10",10
"Mine",2014-12-08,NA,NA,"Entomobryidae",1,NA,NA,"not measured","AnDe","10",10
"Mine",2014-12-08,NA,NA,"Hypogastruridae",11,NA,NA,"not measured","AnDe","10",10
"Mine",2014-12-08,NA,NA,"Lepismatidae",1,NA,NA,"not measured","AnDe","10",10
"Mine",2014-12-08,NA,NA,"Oribatida",1,NA,NA,"not measured","AnDe","10",10
"Mine",2014-12-08,NA,NA,"Ptomaphagus",1,NA,NA,"not measured","AnDe","10",10
"Mine",2014-12-08,NA,NA,"Sminthuridae",1,NA,NA,"not measured","AnDe","10",10
"Paraiso",2012-02-23,NA,NA,"Acari",2,NA,NA,"not measured","ChAl","1",10
"Paraiso",2012-02-23,NA,NA,"Entomobryidae",1,NA,NA,"not measured","ChAl","1",10
"Paraiso",2012-02-23,NA,NA,"Pheidole desertorum",1,NA,NA,"not measured","ChAl","1",10
"Paraiso",2012-02-23,NA,NA,"Solenopsis xyloni",2,NA,NA,"not measured","ChAl","1",10
"Paraiso",2012-02-23,"No Arthropods","empty_trap",NA,NA,NA,NA,NA,NA,"2",10
"Paraiso",2012-02-23,NA,NA,"Rhaphidophorinae",1,NA,NA,"not measured","ChAl","3",10
"Paraiso",2012-02-23,NA,NA,"Xysticus",1,NA,NA,"not measured","ChAl","3",10
"Paraiso",2012-02-23,NA,NA,"Acari",2,NA,NA,"not measured","ChAl","4",10
"Paraiso",2012-02-23,NA,NA,"Araneidae",1,NA,NA,"not measured","ChAl","4",10
"Paraiso",2012-02-23,NA,NA,"Chironomidae",1,NA,NA,"not measured","ChAl","4",10
"Paraiso",2012-02-23,NA,NA,"Empididae",1,NA,NA,"not measured","ChAl","4",10
"Paraiso",2012-02-23,NA,NA,"Entomobryidae",2,NA,NA,"not measured","ChAl","4",10
"Paraiso",2012-02-23,NA,NA,"Pardosa",1,NA,NA,"not measured","ChAl","4",10
"Paraiso",2012-02-23,NA,NA,"Phyllotreta",1,NA,NA,"not measured","ChAl","4",10
"Paraiso",2012-02-23,NA,NA,"Synaphosus",1,NA,NA,"not measured","ChAl","4",10
"Paraiso",2012-02-23,"No Arthropods","empty_trap",NA,NA,NA,NA,NA,NA,"5",10
"Paraiso",2012-02-23,"No Arthropods","empty_trap",NA,NA,NA,NA,NA,NA,"6",10
"Paraiso",2012-02-23,NA,NA,"Araneidae",1,NA,NA,"not measured","ChAl","7",10
"Paraiso",2012-02-23,NA,NA,"Filistatoides",1,NA,NA,"not measured","ChAl","7",10
"Paraiso",2012-02-23,NA,NA,"Opiliones",1,NA,NA,"not measured","ChAl","7",10
"Paraiso",2012-02-23,NA,NA,"Pogonomyrmex rugosus",1,NA,NA,"not measured","ChAl","7",10
"Paraiso",2012-02-23,NA,NA,"Psilochorus",1,NA,NA,"not measured","ChAl","7",10
"Paraiso",2012-02-23,NA,NA,"Acari",2,NA,NA,"not measured","ChAl","8",10
"Paraiso",2012-02-23,NA,NA,"Carabidae",1,"TRUE",NA,"greater than 10 mm","ChAl","8",10
"Paraiso",2012-02-23,NA,NA,"Habronattus",1,NA,NA,"not measured","ChAl","8",10
"Paraiso",2012-02-23,NA,NA,"Rhaphidophorinae",1,NA,NA,"not measured","ChAl","8",10
"Paraiso",2012-02-23,"no arthropods","empty_trap",NA,NA,NA,NA,NA,NA,"9",10
"Paraiso",2012-02-23,NA,NA,"Acari",2,NA,NA,"not measured","ChAl","10",10
"Paraiso",2012-02-23,NA,NA,"Chironomidae",1,NA,NA,"not measured","ChAl","10",10
"Paraiso",2012-02-23,NA,NA,"Cicadellidae",2,"TRUE",NA,"not measured","ChAl","10",10
"Paraiso",2012-02-23,NA,NA,"Entomobryidae",1,NA,NA,"not measured","ChAl","10",10
"Paraiso",2012-02-23,NA,NA,"Phyllotreta",1,NA,NA,"not measured","ChAl","10",10
"Paraiso",2012-02-23,NA,NA,"Sminthuridae",1,NA,NA,"not measured","ChAl","10",10
"Paraiso",2012-02-23,NA,NA,"Solenopsis xyloni",1,NA,NA,"not measured","ChAl","10",10
"Paraiso",2012-04-26,"No arthropods; Water in all traps from rain the previous night and that morning; No cup.","trap_not_collected",NA,NA,NA,NA,NA,NA,"1",7
"Paraiso",2012-04-26,"Water in all traps from rain the previous night and that morning; No cup.","miscoded","Entomobryidae",2,NA,NA,"not measured","ChAl","2",7
"Paraiso",2012-04-26,"Water in all traps from rain the previous night and that morning; No cup.","miscoded","Meinertellidae",5,NA,NA,"not measured","ChAl","2",7
"Paraiso",2012-04-26,"No arthropods; Water in all traps from rain the previous night and that morning.","empty_trap",NA,NA,NA,NA,NA,NA,"3",7
"Paraiso",2012-04-26,"Water in all traps from rain the previous night and that morning; No cup.","miscoded","Acari",1,NA,NA,"not measured","ChAl","4",7
"Paraiso",2012-04-26,"Water in all traps from rain the previous night and that morning; No cup.","miscoded","Forelius pruinosus",2,NA,NA,"not measured","ChAl","4",7
"Paraiso",2012-04-26,"Water in all traps from rain the previous night and that morning; No cup.","miscoded","Isopoda",1,NA,NA,"not measured","ChAl","4",7
"Paraiso",2012-04-26,"Water in all traps from rain the previous night and that morning; No cup.","miscoded","Meinertellidae",1,NA,NA,"not measured","ChAl","4",7
"Paraiso",2012-04-26,"Water in all traps from rain the previous night and that morning; No cup.","miscoded","Vaejovidae",1,NA,NA,"not measured","ChAl","4",7
"Paraiso",2012-04-26,"No arthropods; Water in all traps from rain the previous night and that morning; No cup.","trap_not_collected",NA,NA,NA,NA,NA,NA,"5",7
"Paraiso",2012-04-26,"No arthropods; Water in all traps from rain the previous night and that morning.","empty_trap",NA,NA,NA,NA,NA,NA,"6",7
"Paraiso",2012-04-26,"Water in all traps from rain the previous night and that morning.",NA,"Acari",2,NA,NA,"not measured","ChAl","7",7
"Paraiso",2012-04-26,"Water in all traps from rain the previous night and that morning.",NA,"Forelius pruinosus",2,NA,NA,"not measured","ChAl","7",7
"Paraiso",2012-04-26,"Water in all traps from rain the previous night and that morning.",NA,"Meinertellidae",1,NA,NA,"not measured","ChAl","7",7
"Paraiso",2012-04-26,"Water in all traps from rain the previous night and that morning.",NA,"Pogonomyrmex rugosus",3,NA,NA,"not measured","ChAl","7",7
"Paraiso",2012-04-26,"Water in all traps from rain the previous night and that morning.",NA,"Synaphosus",2,NA,NA,"not measured","ChAl","7",7
"Paraiso",2012-04-26,"Water in all traps from rain the previous night and that morning.",NA,"Tarsonops",1,NA,NA,"not measured","ChAl","7",7
"Paraiso",2012-04-26,"Water in all traps from rain the previous night and that morning.",NA,"Tetramorium",2,NA,NA,"not measured","ChAl","7",7
"Paraiso",2012-04-26,"Water in all traps from rain the previous night and that morning.",NA,"Thripidae",1,NA,NA,"not measured","ChAl","7",7
"Paraiso",2012-04-26,"Water in all traps from rain the previous night and that morning.",NA,"Acari",3,NA,NA,"not measured","ChAl","8",7
"Paraiso",2012-04-26,"Water in all traps from rain the previous night and that morning.",NA,"Forelius pruinosus",7,NA,NA,"not measured","ChAl","8",7
"Paraiso",2012-04-26,"Water in all traps from rain the previous night and that morning.",NA,"Gryllidae",1,NA,NA,"not measured","ChAl","8",7
"Paraiso",2012-04-26,"Water in all traps from rain the previous night and that morning.",NA,"Meinertellidae",4,NA,NA,"not measured","ChAl","8",7
"Paraiso",2012-04-26,"Water in all traps from rain the previous night and that morning.",NA,"Synaphosus",1,NA,NA,"not measured","ChAl","8",7
"Paraiso",2012-04-26,"Water in all traps from rain the previous night and that morning.",NA,"Tetramorium",4,NA,NA,"not measured","ChAl","8",7
"Paraiso",2012-04-26,"No arthropods; Water in all traps from rain the previous night and that morning; No cup.","trap_not_collected",NA,NA,NA,NA,NA,NA,"9",7
"Paraiso",2012-04-26,"No arthropods.","empty_trap",NA,NA,NA,NA,NA,NA,"10",7
"Paraiso",2012-04-30,"Collect post rain; No water in cups; 2nd set.",NA,"Acari",1,NA,NA,"not measured","ChAl","1",10
"Paraiso",2012-04-30,"Collect post rain; No water in cups; 2nd set.",NA,"Entomobryidae",1,NA,NA,"not measured","ChAl","1",10
"Paraiso",2012-04-30,"Collect post rain; No water in cups; 2nd set.",NA,"Meinertellidae",1,NA,NA,"not measured","ChAl","1",10
"Paraiso",2012-04-30,"Collected post rain; No water in cups; 2nd set.",NA,"Acrididae",1,"TRUE",NA,"not measured","ChAl","2",10
"Paraiso",2012-04-30,"Collected post rain; No water in cups; 2nd set.",NA,"Entomobryidae",1,NA,NA,"not measured","ChAl","2",10
"Paraiso",2012-04-30,"Collected post rain; No water in cups; 2nd set.",NA,"Meinertellidae",1,NA,NA,"not measured","ChAl","2",10
"Paraiso",2012-04-30,"Collected post rain; No water in cups; 2nd set.",NA,"Forelius pruinosus",1,NA,NA,"not measured","ChAl","3",10
"Paraiso",2012-04-30,"Collected post rain; No water in cups; 2nd set.",NA,"Meinertellidae",1,NA,NA,"not measured","ChAl","3",10
"Paraiso",2012-04-30,"Collected post rain; No water in cups; 2nd set.",NA,"Pheidole desertorum",3,NA,NA,"not measured","ChAl","3",10
"Paraiso",2012-04-30,"Collected post rain; No water in cups; 2nd set.",NA,"Acari",1,NA,NA,"not measured","ChAl","4",10
"Paraiso",2012-04-30,"Collected post rain; No water in cups; 2nd set.",NA,"Crematogaster",1,NA,NA,"not measured","ChAl","4",10
"Paraiso",2012-04-30,"Collected post rain; No water in cups; 2nd set.",NA,"Acari",1,NA,NA,"not measured","ChAl","5",10
"Paraiso",2012-04-30,"Collected post rain; No water in cups; 2nd set.",NA,"Forelius pruinosus",9,NA,NA,"not measured","ChAl","5",10
"Paraiso",2012-04-30,"Collected post rain; No water in cups; 2nd set.",NA,"Habronattus",1,NA,NA,"not measured","ChAl","6",10
"Paraiso",2012-04-30,"No arthropods; Collected post rain; No water in cups; 2nd set.","empty_trap",NA,NA,NA,NA,NA,NA,"7",10
"Paraiso",2012-04-30,"Collected post rain; No water in cups; 2nd set.",NA,"Steatoda",1,NA,NA,"not measured","ChAl","8",10
"Paraiso",2012-04-30,"Collected post rain; No water in cups; 2nd set.",NA,"Entomobryidae",2,NA,NA,"not measured","ChAl","9",10
"Paraiso",2012-04-30,"Collected post rain; No water in cups; 2nd set.",NA,"Acari",5,NA,NA,"not measured","ChAl","10",10
"Paraiso",2012-04-30,"Collected post rain; No water in cups; 2nd set.",NA,"Entomobryidae",3,NA,NA,"not measured","ChAl","10",10
"Paraiso",2012-07-27,NA,NA,"Gnaphosidae",1,NA,NA,"not measured","ChAl","1",9
"Paraiso",2012-07-27,NA,NA,"Lepismatidae",1,NA,NA,"not measured","ChAl","1",9
"Paraiso",2012-07-27,NA,NA,"Meinertellidae",1,NA,NA,"not measured","ChAl","1",9
"Paraiso",2012-07-27,"No arthropods collected; Cup removed from trap.","trap_not_collected",NA,NA,NA,NA,NA,NA,"2",9
"Paraiso",2012-07-27,NA,NA,"Solenopsis xyloni",1,NA,NA,"not measured","ChAl","3",9
"Paraiso",2012-07-27,NA,NA,"Forelius pruinosus",5,NA,NA,"not measured","ChAl","4",9
"Paraiso",2012-07-27,NA,NA,"Isopoda",1,NA,NA,"not measured","ChAl","4",9
"Paraiso",2012-07-27,NA,NA,"Acari",2,NA,NA,"not measured","ChAl","5",9
"Paraiso",2012-07-27,NA,NA,"Meinertellidae",2,NA,NA,"not measured","ChAl","5",9
"Paraiso",2012-07-27,NA,NA,"Oxyopes",1,NA,NA,"not measured","ChAl","5",9
"Paraiso",2012-07-27,NA,NA,"Pheidole desertorum",4,NA,NA,"not measured","ChAl","5",9
"Paraiso",2012-07-27,NA,NA,"Acari",2,NA,NA,"not measured","ChAl","6",9
"Paraiso",2012-07-27,NA,NA,"Meinertellidae",1,NA,NA,"not measured","ChAl","6",9
"Paraiso",2012-07-27,NA,NA,"Oxyopes",1,NA,NA,"not measured","ChAl","6",9
"Paraiso",2012-07-27,NA,NA,"Tetramorium",1,NA,NA,"not measured","ChAl","6",9
"Paraiso",2012-07-27,NA,NA,"Acari",1,NA,NA,"not measured","ChAl","7",9
"Paraiso",2012-07-27,NA,NA,"Caeculidae",1,NA,NA,"not measured","ChAl","7",9
"Paraiso",2012-07-27,NA,NA,"Mantodea",1,"TRUE",NA,"not measured","ChAl","7",9
"Paraiso",2012-07-27,NA,NA,"Meinertellidae",1,NA,NA,"not measured","ChAl","7",9
"Paraiso",2012-07-27,NA,NA,"Pheidole desertorum",1,NA,NA,"not measured","ChAl","7",9
"Paraiso",2012-07-27,NA,NA,"Pogonomyrmex rugosus",1,NA,NA,"not measured","ChAl","7",9
"Paraiso",2012-07-27,"No arthropods.","empty_trap",NA,NA,NA,NA,NA,NA,"8",9
"Paraiso",2012-07-27,NA,NA,"Entomobryidae",1,NA,NA,"not measured","ChAl","9",9
"Paraiso",2012-07-27,NA,NA,"Habronattus",1,NA,NA,"not measured","ChAl","9",9
"Paraiso",2012-07-27,NA,NA,"Meinertellidae",1,NA,NA,"not measured","ChAl","9",9
"Paraiso",2012-07-27,NA,NA,"Pheidole desertorum",1,NA,NA,"not measured","ChAl","9",9
"Paraiso",2012-07-27,NA,NA,"Solenopsis",4,NA,NA,"not measured","ChAl","9",9
"Paraiso",2012-07-27,NA,NA,"Acari",4,NA,NA,"not measured","ChAl","10",9
"Paraiso",2012-07-27,NA,NA,"Forelius pruinosus",2,NA,NA,"not measured","ChAl","10",9
"Paraiso",2012-07-27,NA,NA,"Gnaphosidae",1,NA,NA,"not measured","ChAl","10",9
"Paraiso",2012-07-27,NA,NA,"Meinertellidae",2,NA,NA,"not measured","ChAl","10",9
"Paraiso",2012-07-27,NA,NA,"Tetramorium",1,NA,NA,"not measured","ChAl","10",9
"Paraiso",2012-12-21,"rain water in cup",NA,"Heleomyzidae",1,NA,NA,"not measured","ChAl","1",6
"Paraiso",2012-12-21,"rain water in cup",NA,"Solenopsis xyloni",87,NA,NA,"not measured","ChAl","1",6
"Paraiso",2012-12-21,"rain water in cup",NA,"Entomobryidae",2,NA,NA,"not measured","ChAl","2",6
"Paraiso",2012-12-21,"rain water in cup",NA,"Pheidole desertorum",1,NA,NA,"not measured","ChAl","2",6
"Paraiso",2012-12-21,"rain water in cup",NA,"Solenopsis xyloni",1,NA,NA,"not measured","ChAl","2",6
"Paraiso",2012-12-21,"rain water in cup",NA,"Tetramorium",1,NA,NA,"not measured","ChAl","2",6
"Paraiso",2012-12-21,"rain water in cup",NA,"Caeculidae",1,NA,NA,"not measured","ChAl","3",6
"Paraiso",2012-12-21,"rain water in cup",NA,"Forelius pruinosus",1,NA,NA,"not measured","ChAl","3",6
"Paraiso",2012-12-21,"rain water in cup",NA,"Pheidole desertorum",1,NA,NA,"not measured","ChAl","3",6
"Paraiso",2012-12-21,"rain water in cup",NA,"Prytanes",1,NA,NA,"not measured","ChAl","3",6
"Paraiso",2012-12-21,"rain water in cup",NA,"Solenopsis amblychila",1,NA,NA,"not measured","ChAl","3",6
"Paraiso",2012-12-21,"rain water in cup",NA,"Solenopsis xyloni",1,NA,NA,"not measured","ChAl","3",6
"Paraiso",2012-12-21,"rain water in cup",NA,"Phyllotreta",1,NA,NA,"not measured","ChAl","4",6
"Paraiso",2012-12-21,"rain water in cup",NA,"Ptomaphagus",1,NA,NA,"not measured","ChAl","4",6
"Paraiso",2012-12-21,"No arthropod; Trap disturbed","trap_not_collected",NA,NA,NA,NA,NA,NA,"5",6
"Paraiso",2012-12-21,"NO arthropod; Trap disturbed","trap_not_collected",NA,NA,NA,NA,NA,NA,"6",6
"Paraiso",2012-12-21,"No arthropod; Traps disturbed","trap_not_collected",NA,NA,NA,NA,NA,NA,"7",6
"Paraiso",2012-12-21,"rain water in cup",NA,"Isotomidae",3,NA,NA,"not measured","ChAl","8",6
"Paraiso",2012-12-21,"rain water in cup",NA,"Nysius",1,NA,NA,"not measured","ChAl","8",6
"Paraiso",2012-12-21,"rain water in cup",NA,"Sminthuridae",1,NA,NA,"not measured","ChAl","8",6
"Paraiso",2012-12-21,"rain water in cup",NA,"Staphylinidae",1,NA,NA,"not measured","ChAl","8",6
"Paraiso",2012-12-21,"No arthropod; Trap disturbed","trap_not_collected",NA,NA,NA,NA,NA,NA,"9",6
"Paraiso",2012-12-21,"rain water in cup",NA,"Coleoptera",1,"TRUE",NA,"not measured","ChAl","10",6
"Paraiso",2012-12-21,"rain water in cup",NA,"Isotomidae",2,NA,NA,"not measured","ChAl","10",6
"Paraiso",2012-12-21,"rain water in cup",NA,"Phyllotreta",1,NA,NA,"not measured","ChAl","10",6
"Paraiso",2012-12-21,"rain water in cup",NA,"Solenopsis amblychila",1,NA,NA,"not measured","ChAl","10",6
"Paraiso",2013-03-01,NA,NA,"Acari",2,NA,NA,"not measured","ChAl","1",10
"Paraiso",2013-03-01,NA,NA,"Hypogastruridae",1,NA,NA,"not measured","ChAl","1",10
"Paraiso",2013-03-01,NA,NA,"Isotomidae",1,NA,NA,"not measured","ChAl","1",10
"Paraiso",2013-03-01,NA,NA,"Solenopsis xyloni",1,NA,NA,"not measured","ChAl","1",10
"Paraiso",2013-03-01,NA,NA,"Isotomidae",1,NA,NA,"not measured","ChAl","2",10
"Paraiso",2013-03-01,NA,NA,"Rualena",1,NA,NA,"not measured","ChAl","3",10
"Paraiso",2013-03-01,NA,NA,"Acari",3,NA,NA,"not measured","ChAl","4",10
"Paraiso",2013-03-01,NA,NA,"Erythraeidae",1,NA,NA,"not measured","ChAl","4",10
"Paraiso",2013-03-01,NA,NA,"Isotomidae",9,NA,NA,"not measured","ChAl","4",10
"Paraiso",2013-03-01,NA,NA,"Isotomidae",8,NA,NA,"not measured","ChAl","5",10
"Paraiso",2013-03-01,NA,NA,"Psilochorus",1,NA,NA,"not measured","ChAl","5",10
"Paraiso",2013-03-01,NA,NA,"Acari",1,NA,NA,"not measured","ChAl","6",10
"Paraiso",2013-03-01,NA,NA,"Hypogastruridae",7,NA,NA,"not measured","ChAl","6",10
"Paraiso",2013-03-01,NA,NA,"Sminthuridae",2,NA,NA,"not measured","ChAl","6",10
"Paraiso",2013-03-01,NA,NA,"Acari",1,NA,NA,"not measured","ChAl","7",10
"Paraiso",2013-03-01,NA,NA,"Cecidomyiidae",1,NA,NA,"not measured","ChAl","7",10
"Paraiso",2013-03-01,NA,NA,"Isotomidae",6,NA,NA,"not measured","ChAl","7",10
"Paraiso",2013-03-01,NA,NA,"Bethylidae",1,NA,NA,"not measured","ChAl","8",10
"Paraiso",2013-03-01,NA,NA,"Isotomidae",1,NA,NA,"not measured","ChAl","8",10
"Paraiso",2013-03-01,NA,NA,"Dictyna",1,NA,NA,"not measured","ChAl","9",10
"Paraiso",2013-03-01,NA,NA,"Isotomidae",7,NA,NA,"not measured","ChAl","9",10
"Paraiso",2013-03-01,NA,NA,"Scelionidae",1,NA,NA,"not measured","ChAl","9",10
"Paraiso",2013-03-01,NA,NA,"Tennesseellum",1,NA,NA,"not measured","ChAl","9",10
"Paraiso",2013-03-01,NA,NA,"Entomobryidae",3,NA,NA,"not measured","ChAl","10",10
"Paraiso",2013-03-01,NA,NA,"Isotomidae",9,NA,NA,"not measured","ChAl","10",10
"Paraiso",2013-04-19,NA,NA,"Entomobryidae",1,NA,NA,"not measured","ChAl","1",10
"Paraiso",2013-04-19,NA,NA,"Apis",1,NA,"TRUE","not measured","ChAl","2",10
"Paraiso",2013-04-19,NA,NA,"Coccinellidae",1,"TRUE",NA,"not measured","ChAl","3",10
"Paraiso",2013-04-19,NA,NA,"Entomobryidae",1,NA,NA,"not measured","ChAl","3",10
"Paraiso",2013-04-19,NA,NA,"Forelius pruinosus",1,NA,NA,"not measured","ChAl","3",10
"Paraiso",2013-04-19,NA,NA,"Meinertellidae",1,NA,NA,"not measured","ChAl","3",10
"Paraiso",2013-04-19,NA,NA,"Acariformes",7,NA,NA,"not measured","ChAl","4",10
"Paraiso",2013-04-19,NA,NA,"Coccinellidae",1,"TRUE",NA,"not measured","ChAl","4",10
"Paraiso",2013-04-19,NA,NA,"Crematogaster",1,NA,NA,"not measured","ChAl","4",10
"Paraiso",2013-04-19,NA,NA,"Entomobryidae",6,NA,NA,"not measured","ChAl","4",10
"Paraiso",2013-04-19,NA,NA,"Lepidoptera",1,"TRUE",NA,"not measured","ChAl","4",10
"Paraiso",2013-04-19,NA,NA,"Meinertellidae",1,NA,NA,"not measured","ChAl","4",10
"Paraiso",2013-04-19,NA,NA,"Sminthuridae",1,NA,NA,"not measured","ChAl","4",10
"Paraiso",2013-04-19,NA,NA,"Thripidae",1,NA,NA,"not measured","ChAl","4",10
"Paraiso",2013-04-19,NA,NA,"Acariformes",14,NA,NA,"not measured","ChAl","5",10
"Paraiso",2013-04-19,NA,NA,"Entomobryidae",2,NA,NA,"not measured","ChAl","5",10
"Paraiso",2013-04-19,NA,NA,"Forelius pruinosus",1,NA,NA,"not measured","ChAl","5",10
"Paraiso",2013-04-19,NA,NA,"Meinertellidae",1,NA,NA,"not measured","ChAl","5",10
"Paraiso",2013-04-19,NA,NA,"Mutillidae",1,NA,NA,"not measured","ChAl","5",10
"Paraiso",2013-04-19,NA,NA,"Apiomerus",1,NA,NA,"not measured","ChAl","6",10
"Paraiso",2013-04-19,NA,NA,"Entomobryidae",108,NA,NA,"not measured","ChAl","6",10
"Paraiso",2013-04-19,NA,NA,"Lepismatidae",1,NA,NA,"not measured","ChAl","6",10
"Paraiso",2013-04-19,NA,NA,"Acariformes",4,NA,NA,"not measured","ChAl","7",10
"Paraiso",2013-04-19,NA,NA,"Ceratagallia (Aceratagallia)",1,NA,NA,"not measured","ChAl","7",10
"Paraiso",2013-04-19,NA,NA,"Entomobryidae",17,NA,NA,"not measured","ChAl","7",10
"Paraiso",2013-04-19,NA,NA,"Lepidoptera",1,"TRUE",NA,"not measured","ChAl","7",10
"Paraiso",2013-04-19,"No arthropods","empty_trap",NA,NA,NA,NA,NA,NA,"8",10
"Paraiso",2013-04-19,NA,NA,"Aphididae",1,NA,NA,"not measured","ChAl","9",10
"Paraiso",2013-04-19,NA,NA,"Ceratagallia (Aceratagallia)",1,NA,NA,"not measured","ChAl","9",10
"Paraiso",2013-04-19,NA,NA,"Coccinellidae",2,"TRUE",NA,"not measured","ChAl","9",10
"Paraiso",2013-04-19,NA,NA,"Entomobryidae",5,NA,NA,"not measured","ChAl","9",10
"Paraiso",2013-04-19,NA,NA,"Forelius pruinosus",1,NA,NA,"not measured","ChAl","9",10
"Paraiso",2013-04-19,NA,NA,"Meinertellidae",3,NA,NA,"not measured","ChAl","9",10
"Paraiso",2013-04-19,NA,NA,"Thripidae",1,NA,NA,"not measured","ChAl","9",10
"Paraiso",2013-04-19,NA,NA,"Acariformes",1,NA,NA,"not measured","ChAl","10",10
"Paraiso",2013-04-19,NA,NA,"Coccinellidae",1,"TRUE",NA,"not measured","ChAl","10",10
"Paraiso",2013-04-19,NA,NA,"Entomobryidae",2,NA,NA,"not measured","ChAl","10",10
"Paraiso",2013-04-19,NA,NA,"Lepismatidae",1,NA,NA,"not measured","ChAl","10",10
"Paraiso",2013-04-19,NA,NA,"Meinertellidae",4,NA,NA,"not measured","ChAl","10",10
"Paraiso",2013-04-19,NA,NA,"Solenopsis",1,NA,NA,"not measured","ChAl","10",10
"Paraiso",2013-08-15,"All traps out of order",NA,"Anystidae",1,NA,NA,"not measured","ChAl","1",9
"Paraiso",2013-08-15,"All traps out of order",NA,"Meinertellidae",1,NA,NA,"not measured","ChAl","1",9
"Paraiso",2013-08-15,"All traps out of order",NA,"Entomobryidae",1,NA,NA,"not measured","ChAl","2",9
"Paraiso",2013-08-15,"All traps out of order",NA,"Anystidae",2,NA,NA,"not measured","ChAl","3",9
"Paraiso",2013-08-15,"All traps out of order",NA,"Cecidomyiidae",1,NA,NA,"not measured","ChAl","3",9
"Paraiso",2013-08-15,"All traps out of order",NA,"Erythraeidae",6,NA,NA,"not measured","ChAl","3",9
"Paraiso",2013-08-15,"All traps out of order",NA,"Lepismatidae",1,NA,NA,"not measured","ChAl","3",9
"Paraiso",2013-08-15,"All traps out of order",NA,"Meinertellidae",3,NA,NA,"not measured","ChAl","3",9
"Paraiso",2013-08-15,"All traps out of order",NA,"Mutillidae",1,NA,NA,"not measured","ChAl","3",9
"Paraiso",2013-08-15,"All traps out of order",NA,"Pogonomyrmex rugosus",1,NA,NA,"not measured","ChAl","3",9
"Paraiso",2013-08-15,"All traps out of order",NA,"Sminthuridae",5,NA,NA,"not measured","ChAl","3",9
"Paraiso",2013-08-15,"All traps out of order",NA,"Solenopsis xyloni",1,NA,NA,"not measured","ChAl","3",9
"Paraiso",2013-08-15,"All traps out of order",NA,"Meinertellidae",1,NA,NA,"not measured","ChAl","4",9
"Paraiso",2013-08-15,"All traps out of order",NA,"Pogonomyrmex rugosus",1,NA,NA,"not measured","ChAl","4",9
"Paraiso",2013-08-15,"All traps out of order",NA,"Solenopsis xyloni",5,NA,NA,"not measured","ChAl","4",9
"Paraiso",2013-08-15,"All traps out of order",NA,"Trombidioidea",1,NA,NA,"not measured","ChAl","4",9
"Paraiso",2013-08-15,"All traps out of order",NA,"Entomobryidae",10,NA,NA,"not measured","ChAl","5",9
"Paraiso",2013-08-15,"All traps out of order",NA,"Erythraeidae",1,NA,NA,"not measured","ChAl","5",9
"Paraiso",2013-08-15,"All traps out of order",NA,"Psilochorus",1,NA,NA,"not measured","ChAl","5",9
"Paraiso",2013-08-15,"All traps out of order",NA,"Tetramorium",1,NA,NA,"not measured","ChAl","5",9
"Paraiso",2013-08-15,"All traps out of order",NA,"Anystidae",1,NA,NA,"not measured","ChAl","6",9
"Paraiso",2013-08-15,"All traps out of order",NA,"Entomobryidae",2,NA,NA,"not measured","ChAl","6",9
"Paraiso",2013-08-15,"All traps out of order",NA,"Solenopsis xyloni",1,NA,NA,"not measured","ChAl","6",9
"Paraiso",2013-08-15,"All traps out of order",NA,"Erythraeidae",6,NA,NA,"not measured","ChAl","7",9
"Paraiso",2013-08-15,"All traps out of order",NA,"Forelius pruinosus",2,NA,NA,"not measured","ChAl","7",9
"Paraiso",2013-08-15,"All traps out of order",NA,"Latrodectus",1,NA,NA,"not measured","ChAl","7",9
"Paraiso",2013-08-15,"All traps out of order",NA,"Pheidole desertorum",1,NA,NA,"not measured","ChAl","7",9
"Paraiso",2013-08-15,"All traps out of order",NA,"Solenopsis xyloni",1,NA,NA,"not measured","ChAl","7",9
"Paraiso",2013-08-15,"All traps out of order",NA,"Anystidae",1,NA,NA,"not measured","ChAl","8",9
"Paraiso",2013-08-15,"All traps out of order",NA,"Entomobryidae",9,NA,NA,"not measured","ChAl","8",9
"Paraiso",2013-08-15,"All traps out of order",NA,"Habronattus",1,NA,NA,"not measured","ChAl","8",9
"Paraiso",2013-08-15,"All traps out of order",NA,"Lepismatidae",1,NA,NA,"not measured","ChAl","8",9
"Paraiso",2013-08-15,"All traps out of order",NA,"Solenopsis xyloni",4,NA,NA,"not measured","ChAl","8",9
"Paraiso",2013-08-15,"All traps out of order",NA,"Tarsonops",1,NA,NA,"not measured","ChAl","8",9
"Paraiso",2013-08-15,"All traps out of order",NA,"Trombidioidea",1,NA,NA,"not measured","ChAl","8",9
"Paraiso",2013-08-15,"All traps out of order","trap_not_collected",NA,NA,NA,NA,NA,NA,"9",9
"Paraiso",2013-08-15,"All traps out of order",NA,"Caeculidae",1,NA,NA,"not measured","ChAl","10",9
"Paraiso",2013-08-15,"All traps out of order",NA,"Myrmeleontidae",1,"TRUE",NA,"not measured","ChAl","10",9
"Paraiso",2013-10-21,"traps out of order","trap_not_collected",NA,NA,NA,NA,NA,NA,"1",9
"Paraiso",2013-10-21,"no arthropods","empty_trap",NA,NA,NA,NA,NA,NA,"2",9
"Paraiso",2013-10-21,NA,NA,"Isotomidae",1,NA,NA,"not measured","ChAl","3",9
"Paraiso",2013-10-21,"no arthropods","empty_trap",NA,NA,NA,NA,NA,NA,"4",9
"Paraiso",2013-10-21,NA,NA,"Entomobryidae",1,NA,NA,"not measured","ChAl","5",9
"Paraiso",2013-10-21,NA,NA,"Pheidole desertorum",1,NA,NA,"not measured","ChAl","5",9
"Paraiso",2013-10-21,NA,NA,"Coccoidea",1,NA,NA,"not measured","ChAl","6",9
"Paraiso",2013-10-21,"no arthropods","empty_trap",NA,NA,NA,NA,NA,NA,"7",9
"Paraiso",2013-10-21,NA,NA,"Solifugae",1,NA,NA,"not measured","ChAl","8",9
"Paraiso",2013-10-21,NA,NA,"Caeculidae",1,NA,NA,"not measured","ChAl","9",9
"Paraiso",2013-10-21,NA,NA,"Entomobryidae",3,NA,NA,"not measured","ChAl","10",9
"Paraiso",2013-10-21,NA,NA,"Pheidole desertorum",2,NA,NA,"not measured","ChAl","10",9
"Paraiso",2014-02-06,"No Arthropods","empty_trap",NA,NA,NA,NA,NA,NA,"1",10
"Paraiso",2014-02-06,NA,NA,"Entomobryidae",2,NA,NA,"not measured","MaTs","2",10
"Paraiso",2014-02-06,NA,NA,"Entomobryidae",1,NA,NA,"not measured","MaTs","3",10
"Paraiso",2014-02-06,NA,NA,"Entomobryidae",2,NA,NA,"not measured","MaTs","4",10
"Paraiso",2014-02-06,NA,NA,"Alopecosa",1,NA,NA,"not measured","MaTs","5",10
"Paraiso",2014-02-06,NA,NA,"Entomobryidae",3,NA,NA,"not measured","MaTs","5",10
"Paraiso",2014-02-06,NA,NA,"Rualena",1,NA,NA,"not measured","MaTs","5",10
"Paraiso",2014-02-06,NA,NA,"Anystoidea",1,NA,NA,"not measured","MaTs","6",10
"Paraiso",2014-02-06,NA,NA,"Entomobryidae",1,NA,NA,"not measured","MaTs","6",10
"Paraiso",2014-02-06,NA,NA,"Mycetophilidae",1,NA,NA,"not measured","MaTs","6",10
"Paraiso",2014-02-06,NA,NA,"Solenopsis aurea",6,NA,NA,"not measured","MaTs","6",10
"Paraiso",2014-02-06,NA,NA,"Entomobryidae",5,NA,NA,"not measured","MaTs","7",10
"Paraiso",2014-02-06,NA,NA,"Acari",1,NA,NA,"not measured","MaTs","8",10
"Paraiso",2014-02-06,NA,NA,"Solenopsis aurea",2,NA,NA,"not measured","MaTs","8",10
"Paraiso",2014-02-06,NA,NA,"Entomobryidae",1,NA,NA,"not measured","MaTs","9",10
"Paraiso",2014-02-06,"No Arthropods","empty_trap",NA,NA,NA,NA,NA,NA,"10",10
"Paraiso",2014-04-18,NA,NA,"Acari",1,NA,NA,"not measured","RoOr","1",9
"Paraiso",2014-04-18,NA,NA,"Caeculidae",1,NA,NA,"not measured","RoOr","1",9
"Paraiso",2014-04-18,NA,NA,"Coccoidea",1,NA,NA,"not measured","RoOr","1",9
"Paraiso",2014-04-18,NA,NA,"Entomobryidae",3,NA,NA,"not measured","RoOr","1",9
"Paraiso",2014-04-18,NA,NA,"Nysius",1,NA,NA,"not measured","RoOr","2",9
"Paraiso",2014-04-18,NA,NA,"Coccoidea",1,NA,NA,"not measured","RoOr","3",9
"Paraiso",2014-04-18,NA,NA,"Meinertellidae",1,NA,NA,"not measured","RoOr","3",9
"Paraiso",2014-04-18,NA,NA,"Cecidomyiidae",1,NA,NA,"not measured","RoOr","4",9
"Paraiso",2014-04-18,NA,NA,"Anystoidea",2,NA,NA,"not measured","RoOr","5",9
"Paraiso",2014-04-18,NA,NA,"Coccoidea",1,NA,NA,"not measured","RoOr","5",9
"Paraiso",2014-04-18,NA,NA,"Coleoptera",1,"TRUE",NA,"not measured","RoOr","5",9
"Paraiso",2014-04-18,NA,NA,"Entomobryidae",3,NA,NA,"not measured","RoOr","5",9
"Paraiso",2014-04-18,NA,NA,"Isopoda",1,NA,NA,"not measured","RoOr","5",9
"Paraiso",2014-04-18,NA,NA,"Nocibiotes",4,NA,NA,"between 2 and 5 mm","RoOr","5",9
"Paraiso",2014-04-18,NA,NA,"Psocodea",1,"TRUE",NA,"not measured","RoOr","5",9
"Paraiso",2014-04-18,NA,NA,"Zelotes",1,NA,NA,"not measured","RoOr","5",9
"Paraiso",2014-04-18,NA,"trap_not_collected",NA,NA,NA,NA,NA,NA,"6",9
"Paraiso",2014-04-18,NA,NA,"Anystoidea",4,NA,NA,"not measured","RoOr","7",9
"Paraiso",2014-04-18,NA,NA,"Entomobryidae",4,NA,NA,"not measured","RoOr","7",9
"Paraiso",2014-04-18,NA,NA,"Meinertellidae",1,NA,NA,"not measured","RoOr","7",9
"Paraiso",2014-04-18,NA,NA,"Nocibiotes",1,NA,NA,"between 2 and 5 mm","RoOr","7",9
"Paraiso",2014-04-18,NA,NA,"Solenopsis",1,NA,NA,"not measured","RoOr","7",9
"Paraiso",2014-04-18,NA,NA,"Anystoidea",5,NA,NA,"not measured","RoOr","8",9
"Paraiso",2014-04-18,NA,NA,"Caeculidae",1,NA,NA,"not measured","RoOr","8",9
"Paraiso",2014-04-18,NA,NA,"Entomobryidae",10,NA,NA,"not measured","RoOr","8",9
"Paraiso",2014-04-18,NA,NA,"Scolopendridae",1,NA,NA,"not measured","RoOr","8",9
"Paraiso",2014-04-18,NA,NA,"Entomobryidae",1,NA,NA,"not measured","RoOr","9",9
"Paraiso",2014-04-18,NA,NA,"Entomobryidae",14,NA,NA,"not measured","RoOr","10",9
"Paraiso",2014-04-18,NA,NA,"Forelius pruinosus",2,NA,NA,"not measured","RoOr","10",9
"Paraiso",2014-04-18,NA,NA,"Meinertellidae",1,NA,NA,"not measured","RoOr","10",9
"Paraiso",2014-04-18,NA,NA,"Miridae",1,NA,NA,"not measured","RoOr","10",9
"Paraiso",2014-04-18,NA,NA,"Pheidole",1,NA,NA,"not measured","RoOr","10",9
"Paraiso",2014-08-17,"Not collected, lizard","trap_not_collected",NA,NA,NA,NA,NA,NA,"1",9
"Paraiso",2014-08-17,NA,NA,"Anystoidea",3,NA,NA,"not measured","RoOr","2",9
"Paraiso",2014-08-17,NA,NA,"Arenivaga",1,NA,NA,"not measured","RoOr","2",9
"Paraiso",2014-08-17,NA,NA,"Forelius pruinosus",1,NA,NA,"not measured","RoOr","2",9
"Paraiso",2014-08-17,NA,NA,"Microporus",1,NA,NA,"not measured","RoOr","2",9
"Paraiso",2014-08-17,NA,NA,"Pheidole",1,NA,NA,"not measured","RoOr","2",9
"Paraiso",2014-08-17,NA,NA,"Tetramorium",2,NA,NA,"not measured","RoOr","2",9
"Paraiso",2014-08-17,NA,NA,"Aleyrodidae",1,NA,NA,"not measured","RoOr","3",9
"Paraiso",2014-08-17,NA,NA,"Anystoidea",2,NA,NA,"not measured","RoOr","3",9
"Paraiso",2014-08-17,NA,NA,"Entomobryidae",1,NA,NA,"not measured","RoOr","3",9
"Paraiso",2014-08-17,NA,NA,"Erythraeoidea",1,NA,NA,"not measured","RoOr","3",9
"Paraiso",2014-08-17,NA,NA,"Isopoda",1,NA,NA,"not measured","RoOr","3",9
"Paraiso",2014-08-17,NA,NA,"Pseudoscorpiones",1,NA,NA,"not measured","RoOr","3",9
"Paraiso",2014-08-17,NA,NA,"Tarsonops",1,NA,NA,"not measured","RoOr","3",9
"Paraiso",2014-08-17,NA,NA,"Agroeca",1,NA,NA,"not measured","RoOr","4",9
"Paraiso",2014-08-17,NA,NA,"Anystoidea",2,NA,NA,"not measured","RoOr","4",9
"Paraiso",2014-08-17,NA,NA,"Bdellidae",1,NA,NA,"not measured","RoOr","4",9
"Paraiso",2014-08-17,NA,NA,"Caeculidae",1,NA,NA,"not measured","RoOr","4",9
"Paraiso",2014-08-17,NA,NA,"Crematogaster",1,NA,NA,"not measured","RoOr","4",9
"Paraiso",2014-08-17,NA,NA,"Erythraeoidea",1,NA,NA,"not measured","RoOr","4",9
"Paraiso",2014-08-17,NA,NA,"Forelius pruinosus",1,NA,NA,"not measured","RoOr","4",9
"Paraiso",2014-08-17,NA,NA,"Pheidole",1,NA,NA,"not measured","RoOr","4",9
"Paraiso",2014-08-17,NA,NA,"Pogonomyrmex rugosus",1,NA,NA,"not measured","RoOr","4",9
"Paraiso",2014-08-17,NA,NA,"Solenopsis amblychila",1,NA,NA,"not measured","RoOr","4",9
"Paraiso",2014-08-17,NA,NA,"Triorophus",1,NA,NA,"between 5 and 10 mm","RoOr","4",9
"Paraiso",2014-08-17,NA,NA,"Trombidioidea",1,NA,NA,"not measured","RoOr","4",9
"Paraiso",2014-08-17,NA,NA,"Crematogaster",4,NA,NA,"not measured","RoOr","5",9
"Paraiso",2014-08-17,NA,NA,"Empididae",1,NA,NA,"not measured","RoOr","5",9
"Paraiso",2014-08-17,NA,NA,"Entomobryidae",7,NA,NA,"not measured","RoOr","5",9
"Paraiso",2014-08-17,NA,NA,"Forelius pruinosus",1,NA,NA,"not measured","RoOr","5",9
"Paraiso",2014-08-17,NA,NA,"Lepismatidae",1,NA,NA,"not measured","RoOr","5",9
"Paraiso",2014-08-17,NA,NA,"Neoanagraphis",1,NA,NA,"not measured","RoOr","5",9
"Paraiso",2014-08-17,NA,NA,"Entomobryidae",1,NA,NA,"not measured","RoOr","6",9
"Paraiso",2014-08-17,NA,NA,"Nocibiotes",1,NA,NA,"between 2 and 5 mm","RoOr","6",9
"Paraiso",2014-08-17,NA,NA,"Coccoidea",1,NA,NA,"not measured","RoOr","7",9
"Paraiso",2014-08-17,NA,NA,"Entomobryidae",6,NA,NA,"not measured","RoOr","7",9
"Paraiso",2014-08-17,NA,NA,"Pseudoscorpiones",1,NA,NA,"not measured","RoOr","7",9
"Paraiso",2014-08-17,NA,NA,"Psilochorus",1,NA,NA,"not measured","RoOr","7",9
"Paraiso",2014-08-17,NA,NA,"Solenopsis xyloni",1,NA,NA,"not measured","RoOr","7",9
"Paraiso",2014-08-17,NA,NA,"Tetramorium",1,NA,NA,"not measured","RoOr","7",9
"Paraiso",2014-08-17,NA,NA,"Entomobryidae",3,NA,NA,"not measured","RoOr","8",9
"Paraiso",2014-08-17,NA,NA,"Meinertellidae",1,NA,NA,"not measured","RoOr","8",9
"Paraiso",2014-08-17,NA,NA,"Steatoda",2,NA,NA,"not measured","RoOr","8",9
"Paraiso",2014-08-17,NA,NA,"Coccoidea",1,NA,NA,"not measured","RoOr","9",9
"Paraiso",2014-08-17,NA,NA,"Entomobryidae",1,NA,NA,"not measured","RoOr","9",9
"Paraiso",2014-08-17,NA,NA,"Erythraeoidea",1,NA,NA,"not measured","RoOr","9",9
"Paraiso",2014-08-17,NA,NA,"Syntomus",1,NA,NA,"between 2 and 5 mm","RoOr","9",9
"Paraiso",2014-08-17,NA,NA,"Theridiidae",1,NA,NA,"not measured","RoOr","9",9
"Paraiso",2014-08-17,NA,NA,"Anystoidea",4,NA,NA,"not measured","RoOr","10",9
"Paraiso",2014-08-17,NA,NA,"Entomobryidae",2,NA,NA,"not measured","RoOr","10",9
"Paraiso",2014-08-17,NA,NA,"Erythraeoidea",1,NA,NA,"not measured","RoOr","10",9
"Paraiso",2014-08-17,NA,NA,"Leptothorax",1,NA,NA,"not measured","RoOr","10",9
"Paraiso",2014-08-17,NA,NA,"Psilochorus",1,NA,NA,"not measured","RoOr","10",9
"Paraiso",2014-08-17,NA,NA,"Steriphanus",1,NA,NA,"not measured","RoOr","10",9
"Paraiso",2014-12-11,NA,NA,"Araneidae",1,NA,NA,"not measured","AnDe","1",10
"Paraiso",2014-12-11,NA,NA,"Diptera",6,"TRUE",NA,"not measured","AnDe","1",10
"Paraiso",2014-12-11,NA,NA,"Entomobryidae",1,NA,NA,"not measured","AnDe","1",10
"Paraiso",2014-12-11,NA,NA,"Staphylinidae",1,NA,NA,"not measured","AnDe","1",10
"Paraiso",2014-12-11,NA,NA,"Anystoidea",1,NA,NA,"not measured","AnDe","2",10
"Paraiso",2014-12-11,NA,NA,"Dasymutilla",1,NA,NA,"not measured","AnDe","2",10
"Paraiso",2014-12-11,NA,NA,"Entomobryidae",2,NA,NA,"not measured","AnDe","2",10
"Paraiso",2014-12-11,NA,NA,"Linyphiidae",1,NA,NA,"not measured","AnDe","2",10
"Paraiso",2014-12-11,NA,NA,"Lygaeidae",5,"TRUE",NA,"not measured","AnDe","2",10
"Paraiso",2014-12-11,NA,NA,"Sminthuridae",1,NA,NA,"not measured","AnDe","2",10
"Paraiso",2014-12-11,NA,NA,"Entomobryidae",5,NA,NA,"not measured","AnDe","3",10
"Paraiso",2014-12-11,NA,NA,"Erythraeoidea",6,NA,NA,"not measured","AnDe","3",10
"Paraiso",2014-12-11,NA,NA,"Hypogastruridae",1,NA,NA,"not measured","AnDe","3",10
"Paraiso",2014-12-11,NA,NA,"Linyphiidae",1,NA,NA,"not measured","AnDe","3",10
"Paraiso",2014-12-11,NA,NA,"Oribatida",1,NA,NA,"not measured","AnDe","3",10
"Paraiso",2014-12-11,NA,NA,"Thripidae",1,NA,NA,"not measured","AnDe","3",10
"Paraiso",2014-12-11,NA,NA,"Anystoidea",1,NA,NA,"not measured","AnDe","4",10
"Paraiso",2014-12-11,NA,NA,"Chalcidoidea",1,NA,"TRUE","not measured","AnDe","4",10
"Paraiso",2014-12-11,NA,NA,"Entomobryidae",1,NA,NA,"not measured","AnDe","4",10
"Paraiso",2014-12-11,NA,NA,"Formicidae",1,NA,NA,"not measured","AnDe","4",10
"Paraiso",2014-12-11,NA,NA,"Lycosidae",1,NA,NA,"not measured","AnDe","4",10
"Paraiso",2014-12-11,NA,NA,"Spirobolida",1,NA,NA,"not measured","AnDe","4",10
"Paraiso",2014-12-11,NA,NA,"Diptera",1,"TRUE",NA,"not measured","AnDe","5",10
"Paraiso",2014-12-11,NA,NA,"Thyreocoridae",1,NA,NA,"not measured","AnDe","5",10
"Paraiso",2014-12-11,NA,NA,"Anystoidea",2,NA,NA,"not measured","AnDe","6",10
"Paraiso",2014-12-11,NA,NA,"Cicadellidae",1,NA,NA,"not measured","AnDe","6",10
"Paraiso",2014-12-11,NA,NA,"Entomobryidae",1,NA,NA,"not measured","AnDe","6",10
"Paraiso",2014-12-11,NA,NA,"Formicidae",1,NA,NA,"not measured","AnDe","6",10
"Paraiso",2014-12-11,NA,NA,"Hypogastruridae",1,NA,NA,"not measured","AnDe","6",10
"Paraiso",2014-12-11,NA,NA,"Leiodidae",1,NA,NA,"not measured","AnDe","6",10
"Paraiso",2014-12-11,NA,NA,"Linyphiidae",1,NA,NA,"not measured","AnDe","6",10
"Paraiso",2014-12-11,NA,NA,"Lygaeidae",1,NA,NA,"not measured","AnDe","6",10
"Paraiso",2014-12-11,NA,NA,"Hypogastruridae",1,NA,NA,"not measured","AnDe","7",10
"Paraiso",2014-12-11,NA,NA,"Leiodidae",1,NA,NA,"not measured","AnDe","7",10
"Paraiso",2014-12-11,NA,NA,"Linyphiidae",1,NA,NA,"not measured","AnDe","7",10
"Paraiso",2014-12-11,NA,NA,"Lygaeidae",10,"TRUE",NA,"not measured","AnDe","7",10
"Paraiso",2014-12-11,NA,NA,"Sminthuridae",1,NA,NA,"not measured","AnDe","7",10
"Paraiso",2014-12-11,NA,NA,"Araneidae",1,NA,NA,"not measured","AnDe","8",10
"Paraiso",2014-12-11,NA,NA,"Formicidae",1,NA,NA,"not measured","AnDe","8",10
"Paraiso",2014-12-11,NA,NA,"Leiodidae",1,NA,NA,"not measured","AnDe","8",10
"Paraiso",2014-12-11,NA,NA,"Lycosidae",1,NA,NA,"not measured","AnDe","8",10
"Paraiso",2014-12-11,NA,NA,"Lygaeidae",2,"TRUE",NA,"not measured","AnDe","8",10
"Paraiso",2014-12-11,NA,NA,"Thripidae",1,NA,NA,"not measured","AnDe","8",10
"Paraiso",2014-12-11,NA,NA,"Diptera",2,"TRUE",NA,"not measured","AnDe","9",10
"Paraiso",2014-12-11,NA,NA,"Erythraeoidea",1,NA,NA,"not measured","AnDe","9",10
"Paraiso",2014-12-11,NA,NA,"Leiodidae",1,NA,NA,"not measured","AnDe","9",10
"Paraiso",2014-12-11,NA,NA,"Lygaeidae",31,"TRUE",NA,"not measured","AnDe","9",10
"Paraiso",2014-12-11,NA,NA,"Acari",1,NA,NA,"not measured","AnDe","10",10
"Paraiso",2014-12-11,NA,NA,"Hypogastruridae",8,NA,NA,"not measured","AnDe","10",10
"Paraiso",2014-12-11,NA,NA,"Isotomidae",3,NA,NA,"not measured","AnDe","10",10
"Paraiso",2014-12-11,NA,NA,"Lygaeidae",4,"TRUE",NA,"not measured","AnDe","10",10
"Paraiso",2014-12-11,NA,NA,"Staphylinidae",1,NA,NA,"not measured","AnDe","10",10
"Paraiso",2015-02-05,NA,NA,"Acari",6,NA,NA,"not measured","AnDe","1",10
"Paraiso",2015-02-05,NA,NA,"Entomobryidae",1,NA,NA,"not measured","AnDe","1",10
"Paraiso",2015-02-05,NA,NA,"Isotomidae",4,NA,NA,"not measured","AnDe","1",10
"Paraiso",2015-02-05,NA,NA,"Lygaeidae",1,NA,NA,"not measured","AnDe","1",10
"Paraiso",2015-02-05,NA,NA,"Aphididae",1,NA,NA,"not measured","AnDe","2",10
"Paraiso",2015-02-05,NA,NA,"Lepidoptera",2,"TRUE",NA,"not measured","AnDe","2",10
"Paraiso",2015-02-05,NA,NA,"Lycosidae",1,NA,NA,"not measured","AnDe","2",10
"Paraiso",2015-02-05,NA,NA,"Ptomaphagus",1,NA,NA,"not measured","AnDe","2",10
"Paraiso",2015-02-05,NA,NA,"Rhaphidophorinae",1,NA,NA,"not measured","AnDe","2",10
"Paraiso",2015-02-05,NA,NA,"Acari",116,NA,NA,"not measured","AnDe","3",10
"Paraiso",2015-02-05,NA,NA,"Araneidae",1,NA,NA,"not measured","AnDe","3",10
"Paraiso",2015-02-05,NA,NA,"Cecidomyiidae",1,NA,NA,"not measured","AnDe","3",10
"Paraiso",2015-02-05,NA,NA,"Cicadellidae",1,"TRUE",NA,"not measured","AnDe","3",10
"Paraiso",2015-02-05,NA,NA,"Entomobryidae",2,NA,NA,"not measured","AnDe","3",10
"Paraiso",2015-02-05,NA,NA,"Formicidae",1,NA,NA,"not measured","AnDe","3",10
"Paraiso",2015-02-05,NA,NA,"Noctuidae",2,"TRUE",NA,"not measured","AnDe","3",10
"Paraiso",2015-02-05,NA,NA,"Solenopsis",2,NA,NA,"not measured","AnDe","3",10
"Paraiso",2015-02-05,NA,NA,"Acari",5,NA,NA,"not measured","AnDe","4",10
"Paraiso",2015-02-05,NA,NA,"Alopecosa",1,NA,NA,"not measured","AnDe","4",10
"Paraiso",2015-02-05,NA,NA,"Entomobryidae",3,NA,NA,"not measured","AnDe","4",10
"Paraiso",2015-02-05,NA,NA,"Hypogastruridae",3,NA,NA,"not measured","AnDe","4",10
"Paraiso",2015-02-05,NA,NA,"Isotomidae",2,NA,NA,"not measured","AnDe","4",10
"Paraiso",2015-02-05,NA,NA,"Psocodea",1,NA,NA,"not measured","AnDe","4",10
"Paraiso",2015-02-05,NA,NA,"Acari",4,NA,NA,"not measured","AnDe","5",10
"Paraiso",2015-02-05,NA,NA,"Araneidae",1,NA,NA,"not measured","AnDe","5",10
"Paraiso",2015-02-05,NA,NA,"Hypogastruridae",2,NA,NA,"not measured","AnDe","5",10
"Paraiso",2015-02-05,NA,NA,"Isotomidae",1,NA,NA,"not measured","AnDe","5",10
"Paraiso",2015-02-05,NA,NA,"Acari",6,NA,NA,"not measured","AnDe","6",10
"Paraiso",2015-02-05,NA,NA,"Hemiptera",1,NA,NA,"not measured","AnDe","7",10
"Paraiso",2015-02-05,NA,NA,"Hypogastruridae",1,NA,NA,"not measured","AnDe","7",10
"Paraiso",2015-02-05,NA,NA,"Lygaeidae",1,"TRUE",NA,"not measured","AnDe","7",10
"Paraiso",2015-02-05,NA,NA,"Acari",1,NA,NA,"not measured","AnDe","8",10
"Paraiso",2015-02-05,NA,NA,"Entomobryidae",2,NA,NA,"not measured","AnDe","8",10
"Paraiso",2015-02-05,NA,NA,"Hypogastruridae",4,NA,NA,"not measured","AnDe","8",10
"Paraiso",2015-02-05,NA,NA,"Acari",5,NA,NA,"not measured","AnDe","9",10
"Paraiso",2015-02-05,NA,NA,"Entomobryidae",1,NA,NA,"not measured","AnDe","9",10
"Paraiso",2015-02-05,NA,NA,"Hemiptera",1,NA,NA,"not measured","AnDe","9",10
"Paraiso",2015-02-05,NA,NA,"Hemiptera",1,"TRUE",NA,"not measured","AnDe","9",10
"Paraiso",2015-02-05,NA,NA,"Hypogastruridae",5,NA,NA,"not measured","AnDe","9",10
"Paraiso",2015-02-05,NA,NA,"Isotomidae",1,NA,NA,"not measured","AnDe","9",10
"Paraiso",2015-02-05,NA,NA,"Sminthuridae",1,NA,NA,"not measured","AnDe","9",10
"Paraiso",2015-02-05,NA,NA,"Acari",3,NA,NA,"not measured","AnDe","10",10
"Paraiso",2015-02-05,NA,NA,"Alopecosa",1,NA,NA,"not measured","AnDe","10",10
"Paraiso",2015-02-05,NA,NA,"Entomobryidae",5,NA,NA,"not measured","AnDe","10",10
"Paraiso",2015-02-05,NA,NA,"Formicidae",1,NA,NA,"not measured","AnDe","10",10
"Paraiso",2015-02-05,NA,NA,"Hemiptera",1,"TRUE",NA,"not measured","AnDe","10",10
"Paraiso",2015-02-05,NA,NA,"Hypogastruridae",6,NA,NA,"not measured","AnDe","10",10
"Paraiso",2015-02-05,NA,NA,"Isotomidae",2,NA,NA,"not measured","AnDe","10",10
"Paraiso",2015-02-05,NA,NA,"Noctuidae",3,"TRUE",NA,"not measured","AnDe","10",10
"Paraiso",2015-02-05,NA,NA,"Ptomaphagus",3,NA,NA,"not measured","AnDe","10",10
"Paraiso",2015-05-01,NA,NA,"Pogonomyrmex rugosus",1,NA,NA,"between 5 and 10 mm","DaFl","1",10
"Paraiso",2015-05-01,"Empty","empty_trap",NA,NA,NA,NA,NA,NA,"2",10
"Paraiso",2015-05-01,NA,NA,"Solenopsis xyloni",1,NA,NA,"not measured","DaFl","3",10
"Paraiso",2015-05-01,"Specimens is damaged",NA,"Pogonomyrmex rugosus",1,NA,NA,"not measured","DaFl","4",10
"Paraiso",2015-05-01,NA,NA,"Erythraeidae",1,NA,NA,"not measured","DaFl","5",10
"Paraiso",2015-05-01,NA,NA,"Forelius",1,NA,NA,"not measured","DaFl","5",10
"Paraiso",2015-05-01,NA,NA,"Syntomus",2,NA,NA,"not measured","DaFl","5",10
"Paraiso",2015-05-01,NA,NA,"Gnaphosidae",1,NA,NA,"not measured","DaFl","6",10
"Paraiso",2015-05-01,"Empty","empty_trap",NA,NA,NA,NA,NA,NA,"7",10
"Paraiso",2015-05-01,"Empty","empty_trap",NA,NA,NA,NA,NA,NA,"8",10
"Paraiso",2015-05-01,NA,NA,"Tetramorium",1,NA,NA,"not measured","DaFl","9",10
"Paraiso",2015-05-01,"Empty","empty_trap",NA,NA,NA,NA,NA,NA,"10",10
"Paraiso",2015-07-31,"Empty","empty_trap",NA,NA,NA,NA,NA,NA,"1",10
"Paraiso",2015-07-31,NA,NA,"Tetramorium",1,NA,NA,"not measured","DaFl","2",10
"Paraiso",2015-07-31,"Empty","empty_trap",NA,NA,NA,NA,NA,NA,"3",10
"Paraiso",2015-07-31,"Empty","empty_trap",NA,NA,NA,NA,NA,NA,"4",10
"Paraiso",2015-07-31,NA,NA,"Selenophorus",1,NA,NA,"not measured","DaFl","5",10
"Paraiso",2015-07-31,NA,NA,"Crematogaster",1,NA,NA,"not measured","DaFl","6",10
"Paraiso",2015-07-31,NA,NA,"Cyphomyrmex",2,NA,NA,"not measured","DaFl","6",10
"Paraiso",2015-07-31,NA,NA,"Pseudoscorpiones",1,NA,NA,"not measured","DaFl","6",10
"Paraiso",2015-07-31,NA,NA,"Tetramorium",9,NA,NA,"not measured","DaFl","6",10
"Paraiso",2015-07-31,NA,NA,"Linyphiidae",1,NA,NA,"not measured","DaFl","7",10
"Paraiso",2015-07-31,NA,NA,"Psilochorus",3,NA,NA,"not measured","DaFl","7",10
"Paraiso",2015-07-31,"Empty","empty_trap",NA,NA,NA,NA,NA,NA,"8",10
"Paraiso",2015-07-31,"Empty","empty_trap",NA,NA,NA,NA,NA,NA,"9",10
"Paraiso",2015-07-31,"Specimen had been damaged",NA,"Formicidae",1,NA,NA,"not measured","DaFl","10",10
"Paraiso",2015-11-02,NA,NA,"Thomisidae",1,NA,NA,"not measured","DaFl","1",10
"Paraiso",2015-11-02,NA,NA,"Acari",2,NA,NA,"not measured","DaFl","2",10
"Paraiso",2015-11-02,NA,NA,"Anystoidea",1,NA,NA,"not measured","DaFl","2",10
"Paraiso",2015-11-02,NA,NA,"Monomorium",1,NA,NA,"not measured","DaFl","2",10
"Paraiso",2015-11-02,"Empty","empty_trap",NA,NA,NA,NA,NA,NA,"3",10
"Paraiso",2015-11-02,NA,NA,"Paravaejovis spinigerus",1,NA,NA,"not measured","DaFl","4",10
"Paraiso",2015-11-02,NA,NA,"Anystoidea",1,NA,NA,"not measured","DaFl","5",10
"Paraiso",2015-11-02,NA,NA,"Eleodes longicollis",1,NA,NA,"not measured","DaFl","5",10
"Paraiso",2015-11-02,NA,NA,"Entomobryidae",1,NA,NA,"not measured","DaFl","5",10
"Paraiso",2015-11-02,NA,NA,"Diptera",1,"TRUE",NA,"not measured","DaFl","6",10
"Paraiso",2015-11-02,NA,NA,"Eleodes longicollis",1,NA,NA,"not measured","DaFl","7",10
"Paraiso",2015-11-02,"Empty","empty_trap",NA,NA,NA,NA,NA,NA,"8",10
"Paraiso",2015-11-02,NA,NA,"Anystoidea",1,NA,NA,"not measured","DaFl","9",10
"Paraiso",2015-11-02,"Empty","empty_trap",NA,NA,NA,NA,NA,NA,"10",10
"Paraiso",2016-01-21,NA,NA,"Coleoptera",1,"TRUE",NA,"not measured","DaFl","1",10
"Paraiso",2016-01-21,NA,NA,"Isotomidae",8,NA,NA,"not measured","DaFl","1",10
"Paraiso",2016-01-21,NA,NA,"Ptomaphagus",1,NA,NA,"not measured","DaFl","1",10
"Paraiso",2016-01-21,NA,NA,"Caeculidae",1,NA,NA,"not measured","DaFl","2",10
"Paraiso",2016-01-21,NA,NA,"Isotomidae",10,NA,NA,"not measured","DaFl","2",10
"Paraiso",2016-01-21,NA,NA,"Isotomidae",13,NA,NA,"not measured","DaFl","3",10
"Paraiso",2016-01-21,NA,NA,"Opiliones",1,NA,NA,"not measured","DaFl","3",10
"Paraiso",2016-01-21,NA,NA,"Isotomidae",10,NA,NA,"not measured","DaFl","4",10
"Paraiso",2016-01-21,NA,NA,"Staphylinidae",1,NA,NA,"not measured","DaFl","4",10
"Paraiso",2016-01-21,NA,NA,"Acari",1,NA,NA,"not measured","DaFl","5",10
"Paraiso",2016-01-21,NA,NA,"Caeculidae",1,NA,NA,"not measured","DaFl","5",10
"Paraiso",2016-01-21,NA,NA,"Isotomidae",5,NA,NA,"not measured","DaFl","5",10
"Paraiso",2016-01-21,NA,NA,"Phyllotreta",2,NA,NA,"not measured","DaFl","6",10
"Paraiso",2016-01-21,NA,NA,"Staphylinidae",1,NA,NA,"not measured","DaFl","6",10
"Paraiso",2016-01-21,NA,NA,"Acari",1,NA,NA,"not measured","DaFl","7",10
"Paraiso",2016-01-21,NA,NA,"Isotomidae",4,NA,NA,"not measured","DaFl","7",10
"Paraiso",2016-01-21,NA,NA,"Acari",1,NA,NA,"not measured","DaFl","8",10
"Paraiso",2016-01-21,NA,NA,"Isotomidae",2,NA,NA,"not measured","DaFl","8",10
"Paraiso",2016-01-21,"Empty","empty_trap",NA,NA,NA,NA,NA,NA,"9",10
"Paraiso",2016-01-21,NA,NA,"Gnaphosidae",1,NA,NA,"not measured","DaFl","10",10
"Paraiso",2016-01-21,NA,NA,"Ptomaphagus",1,NA,NA,"not measured","DaFl","10",10
"Paraiso",2016-04-21,NA,NA,"Anystoidea",3,NA,NA,"not measured","DaFl","1",10
"Paraiso",2016-04-21,NA,NA,"Entomobryidae",3,NA,NA,"less than 2 mm","DaFl","1",10
"Paraiso",2016-04-21,NA,NA,"Erythraeidae",3,NA,NA,"not measured","DaFl","1",10
"Paraiso",2016-04-21,NA,NA,"Forelius",3,NA,NA,"not measured","DaFl","1",10
"Paraiso",2016-04-21,NA,NA,"Isotomidae",2,NA,NA,"less than 2 mm","DaFl","1",10
"Paraiso",2016-04-21,NA,NA,"Meinertellidae",4,NA,NA,"not measured","DaFl","1",10
"Paraiso",2016-04-21,NA,NA,"Noctuidae",1,"TRUE",NA,"not measured","DaFl","1",10
"Paraiso",2016-04-21,NA,NA,"Nylanderia",1,NA,NA,"not measured","DaFl","1",10
"Paraiso",2016-04-21,NA,NA,"Pheidole desertorum",4,NA,NA,"not measured","DaFl","1",10
"Paraiso",2016-04-21,NA,NA,"Tetramorium",1,NA,NA,"not measured","DaFl","1",10
"Paraiso",2016-04-21,NA,NA,"Cicadellidae",1,"TRUE",NA,"not measured","DaFl","2",10
"Paraiso",2016-04-21,NA,NA,"Entomobryidae",1,NA,NA,"not measured","DaFl","2",10
"Paraiso",2016-04-21,NA,NA,"Gryllacrididae",1,"TRUE",NA,"not measured","DaFl","2",10
"Paraiso",2016-04-21,NA,NA,"Meinertellidae",5,NA,NA,"not measured","DaFl","2",10
"Paraiso",2016-04-21,NA,NA,"Anystoidea",1,NA,NA,"not measured","DaFl","3",10
"Paraiso",2016-04-21,NA,NA,"Termitidae",1,NA,NA,"not measured","DaFl","3",10
"Paraiso",2016-04-21,NA,NA,"Triorophus",1,NA,NA,"not measured","DaFl","4",10
"Paraiso",2016-04-21,NA,NA,"Acari",1,NA,NA,"not measured","DaFl","5",10
"Paraiso",2016-04-21,NA,NA,"Forelius",1,NA,NA,"not measured","DaFl","5",10
"Paraiso",2016-04-21,NA,NA,"Ptilinus",1,NA,NA,"not measured","DaFl","5",10
"Paraiso",2016-04-21,NA,NA,"Xysticus",1,NA,NA,"not measured","DaFl","5",10
"Paraiso",2016-04-21,NA,NA,"Anystoidea",2,NA,NA,"not measured","DaFl","6",10
"Paraiso",2016-04-21,NA,NA,"Erythraeidae",3,NA,NA,"not measured","DaFl","6",10
"Paraiso",2016-04-21,NA,NA,"Triorophus",1,NA,NA,"not measured","DaFl","6",10
"Paraiso",2016-04-21,"Elateridae to be revisited",NA,"Crematogaster",1,NA,NA,"not measured","DaFl","7",10
"Paraiso",2016-04-21,"Elateridae to be revisited",NA,"Elateridae",1,NA,NA,"not measured","DaFl","7",10
"Paraiso",2016-04-21,"Elateridae to be revisited",NA,"Erythraeidae",1,NA,NA,"not measured","DaFl","7",10
"Paraiso",2016-04-21,"Elateridae to be revisited",NA,"Gnaphosidae",1,NA,NA,"not measured","DaFl","7",10
"Paraiso",2016-04-21,"Elateridae to be revisited",NA,"Meinertellidae",2,NA,NA,"not measured","DaFl","7",10
"Paraiso",2016-04-21,"Elateridae to be revisited",NA,"Pheidole",1,NA,NA,"not measured","DaFl","7",10
"Paraiso",2016-04-21,"Elateridae to be revisited",NA,"Ptilinus",1,NA,NA,"not measured","DaFl","7",10
"Paraiso",2016-04-21,"Elateridae to be revisited",NA,"Tetramorium",1,NA,NA,"not measured","DaFl","7",10
"Paraiso",2016-04-21,"Elateridae to be revisited",NA,"Triorophus",1,NA,NA,"not measured","DaFl","7",10
"Paraiso",2016-04-21,"Ethanol in jar had dried up.  insects were not preserved.",NA,"Carabidae",1,NA,NA,"not measured","DaFl","8",10
"Paraiso",2016-04-21,NA,NA,"Blattodea",1,"TRUE",NA,"not measured","DaFl","9",10
"Paraiso",2016-04-21,NA,NA,"Forelius mccooki",1,NA,NA,"not measured","DaFl","9",10
"Paraiso",2016-04-21,NA,NA,"Tetramorium",1,NA,NA,"not measured","DaFl","9",10
"Paraiso",2016-04-21,NA,NA,"Haplodrassus",1,NA,NA,"not measured","DaFl","10",10
"Paraiso",2016-04-21,NA,NA,"Meinertellidae",1,NA,NA,"not measured","DaFl","10",10
"Paraiso",2016-04-21,NA,NA,"Mutillidae",1,NA,NA,"not measured","DaFl","10",10
"Paraiso",2016-04-21,NA,NA,"Solenopsis",1,NA,NA,"not measured","DaFl","10",10
"Paraiso",2016-07-16,NA,NA,"Anystoidea",1,NA,NA,"not measured","DaFl","1",10
"Paraiso",2016-07-16,NA,NA,"Elateridae",1,NA,NA,"not measured","DaFl","1",10
"Paraiso",2016-07-16,NA,NA,"Steatoda",1,NA,NA,"not measured","DaFl","2",10
"Paraiso",2016-07-16,NA,NA,"Pogonomyrmex rugosus",10,NA,NA,"not measured","DaFl","3",10
"Paraiso",2016-07-16,NA,NA,"Linyphiidae",1,NA,NA,"not measured","DaFl","4",10
"Paraiso",2016-07-16,NA,NA,"Oxyopes",1,NA,NA,"not measured","DaFl","4",10
"Paraiso",2016-07-16,NA,NA,"Agroeca",1,NA,NA,"not measured","DaFl","5",10
"Paraiso",2016-07-16,NA,NA,"Meinertellidae",2,NA,NA,"not measured","DaFl","6",10
"Paraiso",2016-07-16,NA,NA,"Syntomus americanus",1,NA,NA,"not measured","DaFl","6",10
"Paraiso",2016-07-16,NA,NA,"Meinertellidae",2,NA,NA,"not measured","DaFl","7",10
"Paraiso",2016-07-16,"Empty","empty_trap",NA,NA,NA,NA,NA,NA,"8",10
"Paraiso",2016-07-16,"one pinned",NA,"Anystoidea",1,NA,NA,"not measured","DaFl","9",10
"Paraiso",2016-07-16,"one pinned",NA,"Dasymutilla",1,NA,NA,"greater than 10 mm","DaFl","9",10
"Paraiso",2016-07-16,NA,NA,"Salticidae",1,NA,NA,"not measured","DaFl","10",10
"Paraiso",2016-10-28,NA,NA,"Erythraeoidea",1,NA,NA,"not measured","DaFl","1",10
"Paraiso",2016-10-28,"Empty","empty_trap",NA,NA,NA,NA,NA,NA,"2",10
"Paraiso",2016-10-28,"Empty","empty_trap",NA,NA,NA,NA,NA,NA,"3",10
"Paraiso",2016-10-28,NA,NA,"Lepismatidae",1,NA,NA,"not measured","DaFl","4",10
"Paraiso",2016-10-28,NA,NA,"Ammotrechidae",1,NA,NA,"not measured","DaFl","5",10
"Paraiso",2016-10-28,NA,NA,"Anystidae",1,NA,NA,"not measured","DaFl","6",10
"Paraiso",2016-10-28,NA,NA,"Erythraeoidea",1,NA,NA,"not measured","DaFl","6",10
"Paraiso",2016-10-28,NA,NA,"Trombidioidea",1,NA,NA,"not measured","DaFl","6",10
"Paraiso",2016-10-28,NA,NA,"Solenopsis xyloni",1,NA,NA,"not measured","DaFl","7",10
"Paraiso",2016-10-28,NA,NA,"Xysticus",2,NA,NA,"not measured","DaFl","7",10
"Paraiso",2016-10-28,NA,NA,"Xysticus",1,NA,NA,"not measured","DaFl","8",10
"Paraiso",2016-10-28,"Empty","empty_trap",NA,NA,NA,NA,NA,NA,"9",10
"Paraiso",2016-10-28,NA,NA,"Pheidole",1,NA,NA,"not measured","DaFl","10",10
"Paraiso",2016-10-28,NA,NA,"Xysticus",1,NA,NA,"not measured","DaFl","10",10
"Paraiso",2017-01-27,NA,NA,"Erythraeoidea",2,NA,NA,"not measured","DaFl","1",10
"Paraiso",2017-01-27,NA,NA,"Isotomidae",2,NA,NA,"not measured","DaFl","1",10
"Paraiso",2017-01-27,NA,NA,"Isotomidae",2,NA,NA,"not measured","DaFl","2",10
"Paraiso",2017-01-27,NA,NA,"Psocodea",1,"TRUE",NA,"not measured","DaFl","2",10
"Paraiso",2017-01-27,NA,NA,"Entomobryidae",1,NA,NA,"not measured","DaFl","3",10
"Paraiso",2017-01-27,NA,NA,"Solenopsis amblychila",1,NA,NA,"not measured","DaFl","3",10
"Paraiso",2017-01-27,NA,NA,"Hypogastruridae",1,NA,NA,"not measured","DaFl","4",10
"Paraiso",2017-01-27,NA,NA,"Isotomidae",2,NA,NA,"not measured","DaFl","4",10
"Paraiso",2017-01-27,NA,NA,"Cononotus",1,NA,NA,"not measured","DaFl","5",10
"Paraiso",2017-01-27,"Empty","empty_trap",NA,NA,NA,NA,NA,NA,"6",10
"Paraiso",2017-01-27,"Empty","empty_trap",NA,NA,NA,NA,NA,NA,"7",10
"Paraiso",2017-01-27,NA,NA,"Entomobryidae",2,NA,NA,"not measured","DaFl","8",10
"Paraiso",2017-01-27,NA,NA,"Miridae",1,NA,NA,"not measured","DaFl","8",10
"Paraiso",2017-01-27,NA,NA,"Aphididae",1,NA,NA,"not measured","DaFl","9",10
"Paraiso",2017-01-27,"Empty","empty_trap",NA,NA,NA,NA,NA,NA,"10",10
"Paraiso",2017-04-28,NA,NA,"Hadrurus arizonensis",1,NA,NA,"not measured","DaFl","1",10
"Paraiso",2017-04-28,NA,NA,"Steriphanus",1,NA,NA,"not measured","DaFl","2",10
"Paraiso",2017-04-28,NA,NA,"Meinertellidae",6,NA,NA,"not measured","DaFl","3",10
"Paraiso",2017-04-28,NA,NA,"Meinertellidae",5,NA,NA,"not measured","DaFl","4",10
"Paraiso",2017-04-28,NA,NA,"Steatoda",1,NA,NA,"not measured","DaFl","4",10
"Paraiso",2017-04-28,NA,NA,"Meinertellidae",2,NA,NA,"not measured","DaFl","5",10
"Paraiso",2017-04-28,NA,NA,"Meinertellidae",3,NA,NA,"not measured","DaFl","6",10
"Paraiso",2017-04-28,NA,NA,"Pholcidae",3,NA,NA,"not measured","DaFl","6",10
"Paraiso",2017-04-28,NA,NA,"Erythraeidae",2,NA,NA,"not measured","DaFl","7",10
"Paraiso",2017-04-28,NA,NA,"Meinertellidae",1,NA,NA,"not measured","DaFl","7",10
"Paraiso",2017-04-28,NA,NA,"Forelius pruinosus",1,NA,NA,"not measured","DaFl","8",10
"Paraiso",2017-04-28,NA,NA,"Lepismatidae",1,NA,NA,"not measured","DaFl","8",10
"Paraiso",2017-04-28,NA,NA,"Meinertellidae",3,NA,NA,"not measured","DaFl","8",10
"Paraiso",2017-04-28,NA,NA,"Pheidole desertorum",2,NA,NA,"not measured","DaFl","8",10
"Paraiso",2017-04-28,NA,NA,"Triorophus",2,NA,NA,"not measured","DaFl","8",10
"Paraiso",2017-04-28,NA,NA,"Anystoidea",2,NA,NA,"not measured","DaFl","9",10
"Paraiso",2017-04-28,NA,NA,"Entomobryidae",1,NA,NA,"not measured","DaFl","9",10
"Paraiso",2017-04-28,NA,NA,"Erythraeidae",12,NA,NA,"not measured","DaFl","9",10
"Paraiso",2017-04-28,NA,NA,"Linyphiidae",1,NA,NA,"not measured","DaFl","9",10
"Paraiso",2017-04-28,NA,NA,"Nocibiotes",1,NA,NA,"not measured","DaFl","9",10
"Paraiso",2017-04-28,NA,NA,"Pheidole desertorum",1,NA,NA,"not measured","DaFl","9",10
"Paraiso",2017-04-28,NA,NA,"Anystoidea",1,NA,NA,"not measured","DaFl","10",10
"Paraiso",2017-04-28,NA,NA,"Erythraeidae",4,NA,NA,"not measured","DaFl","10",10
"Paraiso",2017-04-28,NA,NA,"Meinertellidae",4,NA,NA,"not measured","DaFl","10",10
"Paraiso",2017-04-28,NA,NA,"Steriphanus",1,NA,NA,"not measured","DaFl","10",10
"Paraiso",2017-10-20,NA,NA,"Tetramorium",1,NA,NA,"not measured","DaFl","1",10
"Paraiso",2017-10-20,NA,NA,"Pholcidae",1,NA,NA,"not measured","DaFl","2",10
"Paraiso",2017-10-20,NA,NA,"Pogonomyrmex rugosus",1,NA,NA,"not measured","DaFl","3",10
"Paraiso",2017-10-20,NA,NA,"Theridiidae",1,NA,NA,"not measured","DaFl","3",10
"Paraiso",2017-10-20,"Empty","empty_trap",NA,NA,NA,NA,NA,NA,"4",10
"Paraiso",2017-10-20,NA,NA,"Theridiidae",1,NA,NA,"not measured","DaFl","5",10
"Paraiso",2017-10-20,"Empty","empty_trap",NA,NA,NA,NA,NA,NA,"6",10
"Paraiso",2017-10-20,NA,NA,"Tetramorium",1,NA,NA,"not measured","DaFl","7",10
"Paraiso",2017-10-20,"Empty","empty_trap",NA,NA,NA,NA,NA,NA,"8",10
"Paraiso",2017-10-20,"Empty","empty_trap",NA,NA,NA,NA,NA,NA,"9",10
"Paraiso",2017-10-20,NA,NA,"Forelius pruinosus",2,NA,NA,"not measured","DaFl","10",10
"Paraiso",2017-10-20,NA,NA,"Pheidole desertorum",1,NA,NA,"not measured","DaFl","10",10
"Paraiso",2017-10-20,NA,NA,"Solenopsis xyloni",19,NA,NA,"not measured","DaFl","10",10
"Paraiso",2018-01-19,NA,NA,"Staphylinidae",1,NA,NA,"not measured","DaFl","1",10
"Paraiso",2018-01-19,"Empty","empty_trap",NA,NA,NA,NA,NA,NA,"2",10
"Paraiso",2018-01-19,"Empty","empty_trap",NA,NA,NA,NA,NA,NA,"3",10
"Paraiso",2018-01-19,NA,NA,"Isotomidae",4,NA,NA,"not measured","DaFl","4",10
"Paraiso",2018-01-19,NA,NA,"Isotomidae",2,NA,NA,"not measured","DaFl","5",10
"Paraiso",2018-01-19,NA,NA,"Hypogastruridae",1,NA,NA,"not measured","DaFl","6",10
"Paraiso",2018-01-19,NA,NA,"Isotomidae",5,NA,NA,"not measured","DaFl","7",10
"Paraiso",2018-01-19,NA,NA,"Ptomaphagus",1,NA,NA,"not measured","DaFl","7",10
"Paraiso",2018-01-19,NA,NA,"Isotomidae",1,NA,NA,"not measured","DaFl","8",10
"Paraiso",2018-01-19,NA,NA,"Hypogastruridae",1,NA,NA,"not measured","DaFl","9",10
"Paraiso",2018-01-19,"Empty","empty_trap",NA,NA,NA,NA,NA,NA,"10",10
"Paraiso",2018-04-27,"Empty","empty_trap",NA,NA,NA,NA,NA,NA,"1",10
"Paraiso",2018-04-27,"Empty","empty_trap",NA,NA,NA,NA,NA,NA,"2",10
"Paraiso",2018-04-27,"Empty","empty_trap",NA,NA,NA,NA,NA,NA,"3",10
"Paraiso",2018-04-27,"Coleoptera separated for future ID",NA,"Coleoptera",1,NA,NA,"not measured","DaFl","4",10
"Paraiso",2018-04-27,NA,NA,"Anystoidea",1,NA,NA,"not measured","DaFl","5",10
"Paraiso",2018-04-27,NA,NA,"Erythraeidae",1,NA,NA,"not measured","DaFl","6",10
"Paraiso",2018-04-27,NA,NA,"Salticidae",1,NA,NA,"not measured","DaFl","6",10
"Paraiso",2018-04-27,NA,NA,"Allocosa",1,NA,NA,"not measured","DaFl","7",10
"Paraiso",2018-04-27,NA,NA,"Erythraeidae",2,NA,NA,"not measured","DaFl","8",10
"Paraiso",2018-04-27,NA,NA,"Meinertellidae",1,NA,NA,"not measured","DaFl","8",10
"Paraiso",2018-04-27,"Empty","empty_trap",NA,NA,NA,NA,NA,NA,"9",10
"Paraiso",2018-04-27,NA,NA,"Anystidae",1,NA,NA,"not measured","DaFl","10",10
"Paraiso",2018-04-27,NA,NA,"Cononotus",1,NA,NA,"not measured","DaFl","10",10
"Paraiso",2018-04-27,NA,NA,"Forelius",1,NA,NA,"not measured","DaFl","10",10
"Paraiso",2018-04-27,NA,NA,"Gnaphosidae",1,NA,NA,"not measured","DaFl","10",10
"Paraiso",2018-04-27,NA,NA,"Pardosa",1,NA,NA,"not measured","DaFl","10",10
"Paraiso",2018-04-27,NA,NA,"Pheidole",3,NA,NA,"not measured","DaFl","10",10
"Paraiso",2018-10-28,NA,NA,"Oribatida",1,NA,NA,"less than 2 mm","DaFl","1",10
"Paraiso",2018-10-28,NA,NA,"Sciaridae",1,NA,NA,"not measured","DaFl","1",10
"Paraiso",2018-10-28,NA,NA,"Sminthuridae",1,NA,NA,"less than 2 mm","DaFl","1",10
"Paraiso",2018-10-28,NA,NA,"Collembola",2,NA,NA,"less than 2 mm","DaFl","2",10
"Paraiso",2018-10-28,NA,NA,"Entomobryidae",4,NA,NA,"less than 2 mm","DaFl","2",10
"Paraiso",2018-10-28,NA,NA,"Hemiptera",1,"TRUE",NA,"not measured","DaFl","2",10
"Paraiso",2018-10-28,NA,NA,"Hypogastruridae",1,NA,NA,"less than 2 mm","DaFl","2",10
"Paraiso",2018-10-28,NA,NA,"Isotomidae",4,NA,NA,"less than 2 mm","DaFl","2",10
"Paraiso",2018-10-28,NA,NA,"Sminthuridae",2,NA,NA,"less than 2 mm","DaFl","2",10
"Paraiso",2018-10-28,NA,NA,"Caeculidae",1,NA,NA,"less than 2 mm","DaFl","3",10
"Paraiso",2018-10-28,NA,NA,"Entomobryidae",2,NA,NA,"less than 2 mm","DaFl","3",10
"Paraiso",2018-10-28,NA,NA,"Pogonomyrmex rugosus",4,NA,NA,"not measured","DaFl","3",10
"Paraiso",2018-10-28,NA,NA,"Pogonomyrmex rugosus",4,NA,NA,"not measured","DaFl","3",10
"Paraiso",2018-10-28,NA,NA,"Rhyparochromidae",1,NA,NA,"not measured","DaFl","3",10
"Paraiso",2018-10-28,NA,NA,"Rhyparochromidae",1,NA,NA,"not measured","DaFl","3",10
"Paraiso",2018-10-28,NA,NA,"Sminthuridae",2,NA,NA,"less than 2 mm","DaFl","3",10
"Paraiso",2018-10-28,NA,NA,"Solenopsis xyloni",1,NA,NA,"not measured","DaFl","3",10
"Paraiso",2018-10-28,NA,NA,"Solenopsis xyloni",1,NA,NA,"not measured","DaFl","3",10
"Paraiso",2018-10-28,NA,NA,"Entomobryidae",3,NA,NA,"less than 2 mm","DaFl","4",10
"Paraiso",2018-10-28,NA,NA,"Hemiptera",1,"TRUE",NA,"not measured","DaFl","4",10
"Paraiso",2018-10-28,NA,NA,"Hypogastruridae",1,NA,NA,"less than 2 mm","DaFl","4",10
"Paraiso",2018-10-28,NA,NA,"Isotomidae",1,NA,NA,"less than 2 mm","DaFl","4",10
"Paraiso",2018-10-28,NA,NA,"Sminthuridae",2,NA,NA,"less than 2 mm","DaFl","4",10
"Paraiso",2018-10-28,NA,NA,"Entomobryidae",2,NA,NA,"less than 2 mm","DaFl","5",10
"Paraiso",2018-10-28,NA,NA,"Isotomidae",1,NA,NA,"not measured","DaFl","5",10
"Paraiso",2018-10-28,NA,NA,"Coleoptera",1,"TRUE",NA,"not measured","DaFl","6",10
"Paraiso",2018-10-28,NA,NA,"Entomobryidae",1,NA,NA,"not measured","DaFl","6",10
"Paraiso",2018-10-28,NA,NA,"Isotomidae",1,NA,NA,"not measured","DaFl","6",10
"Paraiso",2018-10-28,NA,NA,"Sminthuridae",1,NA,NA,"less than 2 mm","DaFl","6",10
"Paraiso",2018-10-28,NA,NA,"Hypogastruridae",1,NA,NA,"less than 2 mm","DaFl","7",10
"Paraiso",2018-10-28,NA,NA,"Sminthuridae",4,NA,NA,"less than 2 mm","DaFl","7",10
"Paraiso",2018-10-28,NA,NA,"Steatoda",1,NA,NA,"not measured","DaFl","7",10
"Paraiso",2018-10-28,NA,NA,"Hemiptera",2,"TRUE",NA,"not measured","DaFl","8",10
"Paraiso",2018-10-28,NA,NA,"Hypogastruridae",1,NA,NA,"less than 2 mm","DaFl","8",10
"Paraiso",2018-10-28,NA,NA,"Microporus",1,NA,NA,"not measured","DaFl","8",10
"Paraiso",2018-10-28,NA,NA,"Sminthuridae",35,NA,NA,"less than 2 mm","DaFl","8",10
"Paraiso",2018-10-28,NA,NA,"Xysticus",1,NA,NA,"not measured","DaFl","8",10
"Paraiso",2018-10-28,NA,NA,"Caeculidae",1,NA,NA,"less than 2 mm","DaFl","9",10
"Paraiso",2018-10-28,NA,NA,"Chalcidoidea",1,NA,NA,"less than 2 mm","DaFl","9",10
"Paraiso",2018-10-28,NA,NA,"Collembola",1,NA,NA,"less than 2 mm","DaFl","9",10
"Paraiso",2018-10-28,NA,NA,"Entomobryidae",4,NA,NA,"less than 2 mm","DaFl","9",10
"Paraiso",2018-10-28,NA,NA,"Erythraeidae",1,NA,NA,"not measured","DaFl","9",10
"Paraiso",2018-10-28,NA,NA,"Hemiptera",1,"TRUE",NA,"not measured","DaFl","9",10
"Paraiso",2018-10-28,NA,NA,"Isotomidae",5,NA,NA,"less than 2 mm","DaFl","9",10
"Paraiso",2018-10-28,NA,NA,"Sminthuridae",6,NA,NA,"less than 2 mm","DaFl","9",10
"Paraiso",2018-10-28,NA,NA,"Erythraeidae",1,NA,NA,"not measured","DaFl","10",10
"Paraiso",2018-10-28,NA,NA,"Hemiptera",1,"TRUE",NA,"not measured","DaFl","10",10
"Paraiso",2018-10-28,NA,NA,"Pardosa",1,NA,NA,"not measured","DaFl","10",10
"Paraiso",2018-10-28,NA,NA,"Tetramorium hispidum",1,NA,NA,"not measured","DaFl","10",10
"Paraiso",2019-01-20,NA,NA,"Cicadellidae",1,"TRUE",NA,"not measured","DaFl","1",10
"Paraiso",2019-01-20,NA,NA,"Diptera",1,"TRUE",NA,"not measured","DaFl","1",10
"Paraiso",2019-01-20,NA,NA,"Erythraeoidea",16,NA,NA,"less than 2 mm","GaRi","1",10
"Paraiso",2019-01-20,NA,NA,"Hemiptera",1,NA,NA,"not measured","DaFl","1",10
"Paraiso",2019-01-20,NA,NA,"Hemiptera",1,"TRUE",NA,"not measured","DaFl","1",10
"Paraiso",2019-01-20,NA,NA,"Isotomidae",4,NA,NA,"less than 2 mm","GaRi","1",10
"Paraiso",2019-01-20,NA,NA,"Notiophilus",1,NA,NA,"not measured","DaFl","1",10
"Paraiso",2019-01-20,NA,NA,"Solenopsis xyloni",1,NA,NA,"not measured","DaFl","1",10
"Paraiso",2019-01-20,NA,NA,"Anystidae",1,NA,NA,"less than 2 mm","GaRi","2",10
"Paraiso",2019-01-20,NA,NA,"Chrysomelidae",1,NA,NA,"not measured","DaFl","2",10
"Paraiso",2019-01-20,NA,NA,"Cicadellidae",1,"TRUE",NA,"not measured","DaFl","2",10
"Paraiso",2019-01-20,NA,NA,"Erythraeidae",1,NA,NA,"less than 2 mm","GaRi","2",10
"Paraiso",2019-01-20,NA,NA,"Linyphiidae",1,NA,NA,"not measured","DaFl","2",10
"Paraiso",2019-01-20,NA,NA,"Mecinus",1,NA,NA,"not measured","DaFl","3",10
"Paraiso",2019-01-20,NA,NA,"Entomobryidae",24,NA,NA,"less than 2 mm","GaRi","4",10
"Paraiso",2019-01-20,NA,NA,"Erythraeidae",2,NA,NA,"less than 2 mm","GaRi","4",10
"Paraiso",2019-01-20,NA,NA,"Lepidoptera",1,"TRUE",NA,"not measured","DaFl","4",10
"Paraiso",2019-01-20,NA,NA,"Erythraeidae",1,NA,NA,"less than 2 mm","GaRi","5",10
"Paraiso",2019-01-20,NA,NA,"Hemiptera",1,"TRUE",NA,"not measured","DaFl","5",10
"Paraiso",2019-01-20,NA,NA,"Isotomidae",2,NA,NA,"less than 2 mm","GaRi","5",10
"Paraiso",2019-01-20,NA,NA,"Chalcidoidea",1,NA,NA,"not measured","DaFl","6",10
"Paraiso",2019-01-20,NA,NA,"Hypogastruridae",2,NA,NA,"less than 2 mm","GaRi","6",10
"Paraiso",2019-01-20,NA,NA,"Semium",1,NA,NA,"not measured","DaFl","6",10
"Paraiso",2019-01-20,NA,NA,"Xysticus",1,NA,NA,"not measured","DaFl","6",10
"Paraiso",2019-01-20,NA,NA,"Erythraeidae",3,NA,NA,"less than 2 mm","GaRi","7",10
"Paraiso",2019-01-20,NA,NA,"Hypogastruridae",1,NA,NA,"less than 2 mm","GaRi","7",10
"Paraiso",2019-01-20,NA,NA,"Lepidoptera",1,"TRUE",NA,"not measured","DaFl","7",10
"Paraiso",2019-01-20,NA,NA,"Tennesseellum",1,NA,NA,"not measured","DaFl","7",10
"Paraiso",2019-01-20,NA,NA,"Erythraeidae",11,NA,NA,"less than 2 mm","GaRi","8",10
"Paraiso",2019-01-20,NA,NA,"Solenopsis xyloni",1,NA,NA,"not measured","DaFl","8",10
"Paraiso",2019-01-20,NA,NA,"Erythraeidae",3,NA,NA,"less than 2 mm","GaRi","9",10
"Paraiso",2019-01-20,NA,NA,"Phoridae",1,NA,NA,"not measured","DaFl","9",10
"Paraiso",2019-01-20,NA,NA,"Phyllotreta",1,NA,NA,"not measured","DaFl","9",10
"Paraiso",2019-01-20,NA,NA,"Semium",1,NA,NA,"not measured","DaFl","9",10
"Paraiso",2019-01-20,NA,NA,"Tennesseellum",1,NA,NA,"not measured","DaFl","9",10
"Paraiso",2019-01-20,NA,NA,"Bdellidae",1,NA,NA,"less than 2 mm","GaRi","10",10
"Paraiso",2019-01-20,NA,NA,"Deltocephalinae",1,NA,NA,"not measured","DaFl","10",10
"Paraiso",2019-01-20,NA,NA,"Erythraeidae",1,NA,NA,"less than 2 mm","GaRi","10",10
"Paraiso",2019-01-20,NA,NA,"Linyphiidae",1,NA,NA,"not measured","DaFl","10",10
"Paraiso",2019-01-20,NA,NA,"Semium",1,NA,NA,"not measured","DaFl","10",10
"Paraiso",2019-04-23,NA,NA,"Coleoptera",1,"TRUE",NA,"not measured","DaFl","1",9
"Paraiso",2019-04-23,NA,NA,"Entomobryidae",2,NA,NA,"less than 2 mm","GaRi","1",9
"Paraiso",2019-04-23,NA,NA,"Erythraeidae",7,NA,NA,"less than 2 mm","GaRi","1",9
"Paraiso",2019-04-23,NA,NA,"Mecinus",1,NA,NA,"not measured","DaFl","1",9
"Paraiso",2019-04-23,NA,NA,"Chalcidoidea",1,NA,NA,"not measured","DaFl","2",9
"Paraiso",2019-04-23,NA,NA,"Crematogaster",1,NA,NA,"not measured","DaFl","2",9
"Paraiso",2019-04-23,NA,NA,"Entomobryidae",1,NA,NA,"less than 2 mm","GaRi","2",9
"Paraiso",2019-04-23,NA,NA,"Erythraeidae",8,NA,NA,"less than 2 mm","GaRi","2",9
"Paraiso",2019-04-23,NA,NA,"Gnaphosidae",1,NA,NA,"not measured","DaFl","2",9
"Paraiso",2019-04-23,NA,NA,"Mecinus",1,NA,NA,"not measured","DaFl","2",9
"Paraiso",2019-04-23,NA,NA,"Aphididae",1,NA,NA,"not measured","DaFl","3",9
"Paraiso",2019-04-23,NA,NA,"Cicadellidae",4,"TRUE",NA,"not measured","DaFl","3",9
"Paraiso",2019-04-23,NA,NA,"Entomobryidae",2,NA,NA,"less than 2 mm","GaRi","3",9
"Paraiso",2019-04-23,NA,NA,"Erythraeidae",11,NA,NA,"less than 2 mm","GaRi","3",9
"Paraiso",2019-04-23,NA,NA,"Mecinus",2,NA,NA,"not measured","DaFl","3",9
"Paraiso",2019-04-23,NA,NA,"Psilochorus",1,NA,NA,"not measured","DaFl","3",9
"Paraiso",2019-04-23,NA,NA,"Anystidae",1,NA,NA,"less than 2 mm","GaRi","4",9
"Paraiso",2019-04-23,NA,NA,"Entomobryidae",3,NA,NA,"less than 2 mm","GaRi","4",9
"Paraiso",2019-04-23,NA,NA,"Erythraeidae",7,NA,NA,"less than 2 mm","GaRi","4",9
"Paraiso",2019-04-23,NA,NA,"Erythraeidae",18,NA,NA,"less than 2 mm","GaRi","5",9
"Paraiso",2019-04-23,NA,NA,"Thripidae",1,NA,NA,"not measured","DaFl","5",9
"Paraiso",2019-04-23,NA,NA,"Erythraeidae",11,NA,NA,"less than 2 mm","GaRi","6",9
"Paraiso",2019-04-23,NA,NA,"Psocodea",1,"TRUE",NA,"not measured","DaFl","6",9
"Paraiso",2019-04-23,NA,NA,"Anystidae",1,NA,NA,"less than 2 mm","GaRi","7",9
"Paraiso",2019-04-23,NA,NA,"Erythraeidae",11,NA,NA,"less than 2 mm","GaRi","7",9
"Paraiso",2019-04-23,NA,NA,"Psocodea",1,"TRUE",NA,"not measured","DaFl","7",9
"Paraiso",2019-04-23,NA,NA,"Anystidae",1,NA,NA,"less than 2 mm","GaRi","8",9
"Paraiso",2019-04-23,NA,NA,"Carabidae",3,NA,NA,"not measured","DaFl","8",9
"Paraiso",2019-04-23,NA,NA,"Entomobryidae",2,NA,NA,"less than 2 mm","GaRi","8",9
"Paraiso",2019-04-23,NA,NA,"Microporus",1,NA,NA,"not measured","DaFl","8",9
"Paraiso",2019-04-23,NA,NA,"Erythraeidae",5,NA,NA,"less than 2 mm","GaRi","9",9
"Paraiso",2019-04-23,NA,NA,"Linyphiidae",1,NA,NA,"not measured","DaFl","9",9
"Paraiso",2019-04-23,NA,NA,"Mecinus",2,NA,NA,"not measured","DaFl","9",9
"Paraiso",2019-04-23,"Cup out of hole.","trap_not_collected",NA,NA,NA,NA,NA,NA,"10",9
"Paraiso",2019-10-20,"Empty","empty_trap",NA,NA,NA,NA,NA,NA,"1",9
"Paraiso",2019-10-20,NA,NA,"Entomobryidae",1,NA,NA,"not measured","DaFl","2",9
"Paraiso",2019-10-20,NA,NA,"Forelius pruinosus",1,NA,NA,"not measured","DaFl","2",9
"Paraiso",2019-10-20,NA,NA,"Paravaejovis spinigerus",1,NA,NA,"not measured","DaFl","3",9
"Paraiso",2019-10-20,NA,NA,"Emblethis",1,NA,NA,"not measured","DaFl","4",9
"Paraiso",2019-10-20,"Not collected","trap_not_collected",NA,NA,NA,NA,NA,NA,"5",9
"Paraiso",2019-10-20,NA,NA,"Entomobryidae",1,NA,NA,"not measured","DaFl","6",9
"Paraiso",2019-10-20,NA,NA,"Psocodea",1,"TRUE",NA,"not measured","DaFl","7",9
"Paraiso",2019-10-20,NA,NA,"Pogonomyrmex rugosus",1,NA,NA,"not measured","DaFl","8",9
"Paraiso",2019-10-20,NA,NA,"Tetramorium",1,NA,NA,"not measured","DaFl","8",9
"Paraiso",2019-10-20,NA,NA,"Anystoidea",1,NA,NA,"not measured","DaFl","9",9
"Paraiso",2019-10-20,NA,NA,"Tetramorium",1,NA,NA,"not measured","DaFl","9",9
"Paraiso",2019-10-20,NA,NA,"Pogonomyrmex rugosus",1,NA,NA,"not measured","DaFl","10",9
"Paraiso",2020-01-19,NA,NA,"Phalangiidae",1,NA,NA,"not measured","DaFl","1",9
"Paraiso",2020-01-19,NA,NA,"Phoridae",1,NA,NA,"not measured","DaFl","1",9
"Paraiso",2020-01-19,NA,NA,"Crematogaster",1,NA,NA,"not measured","DaFl","2",9
"Paraiso",2020-01-19,NA,NA,"Erythraeidae",6,NA,NA,"not measured","DaFl","2",9
"Paraiso",2020-01-19,NA,NA,"Isotomidae",4,NA,NA,"not measured","DaFl","2",9
"Paraiso",2020-01-19,NA,NA,"Pogonomyrmex rugosus",4,NA,NA,"not measured","DaFl","2",9
"Paraiso",2020-01-19,NA,NA,"Solenopsis xyloni",1,NA,NA,"not measured","DaFl","2",9
"Paraiso",2020-01-19,NA,NA,"Xysticus",1,NA,NA,"not measured","DaFl","2",9
"Paraiso",2020-01-19,NA,NA,"Isotomidae",3,NA,NA,"not measured","DaFl","3",9
"Paraiso",2020-01-19,NA,NA,"Isotomidae",2,NA,NA,"not measured","DaFl","4",9
"Paraiso",2020-01-19,NA,NA,"Oribatida",1,NA,NA,"not measured","DaFl","4",9
"Paraiso",2020-01-19,"not collected","trap_not_collected",NA,NA,NA,NA,NA,NA,"5",9
"Paraiso",2020-01-19,NA,NA,"Erythraeidae",1,NA,NA,"not measured","DaFl","6",9
"Paraiso",2020-01-19,NA,NA,"Isotomidae",1,NA,NA,"not measured","DaFl","6",9
"Paraiso",2020-01-19,NA,NA,"Ptomaphagus",1,NA,NA,"not measured","DaFl","6",9
"Paraiso",2020-01-19,NA,NA,"Hypogastruridae",1,NA,NA,"not measured","DaFl","7",9
"Paraiso",2020-01-19,NA,NA,"Ptomaphagus",1,NA,NA,"not measured","DaFl","7",9
"Paraiso",2020-01-19,NA,NA,"Phoridae",1,NA,NA,"not measured","DaFl","8",9
"Paraiso",2020-01-19,NA,NA,"Phyllotreta",2,NA,NA,"not measured","DaFl","9",9
"Paraiso",2020-01-19,NA,NA,"Sciaridae",1,NA,NA,"not measured","DaFl","9",9
"Paraiso",2020-01-19,NA,NA,"Staphylinidae",1,NA,NA,"not measured","DaFl","9",9
"Paraiso",2020-01-19,NA,NA,"Erythraeidae",1,NA,NA,"not measured","DaFl","10",9
"Paraiso",2020-01-19,NA,NA,"Isotomidae",1,NA,NA,"not measured","DaFl","10",9
"Paraiso",2020-01-19,NA,NA,"Oribatida",1,NA,NA,"not measured","DaFl","10",9
"Paraiso",2020-01-19,NA,NA,"Phoridae",1,NA,NA,"not measured","DaFl","10",9
"Paraiso",2020-01-19,NA,NA,"Solenopsis xyloni",1,NA,NA,"not measured","DaFl","10",9
"Paraiso",2020-04-24,NA,NA,"Anystoidea",4,NA,NA,"not measured","DaFl","1",10
"Paraiso",2020-04-24,NA,NA,"Drassyllus",1,NA,NA,"not measured","DaFl","1",10
"Paraiso",2020-04-24,NA,NA,"Tenebrionidae",1,NA,NA,"not measured","DaFl","1",10
"Paraiso",2020-04-24,NA,NA,"Curculionidae",1,NA,NA,"not measured","DaFl","2",10
"Paraiso",2020-04-24,NA,NA,"Anystoidea",7,NA,NA,"not measured","DaFl","3",10
"Paraiso",2020-04-24,NA,NA,"Drassyllus",1,NA,NA,"not measured","DaFl","3",10
"Paraiso",2020-04-24,NA,NA,"Lepismatidae",1,NA,NA,"not measured","DaFl","3",10
"Paraiso",2020-04-24,NA,NA,"Staphylinidae",1,NA,NA,"not measured","DaFl","3",10
"Paraiso",2020-04-24,"Empty","empty_trap",NA,NA,NA,NA,NA,NA,"4",10
"Paraiso",2020-04-24,NA,NA,"Anystoidea",23,NA,NA,"not measured","DaFl","5",10
"Paraiso",2020-04-24,NA,NA,"Drassyllus",1,NA,NA,"not measured","DaFl","5",10
"Paraiso",2020-04-24,NA,NA,"Entomobryidae",11,NA,NA,"not measured","DaFl","5",10
"Paraiso",2020-04-24,NA,NA,"Monomorium",1,NA,NA,"not measured","DaFl","5",10
"Paraiso",2020-04-24,NA,NA,"Solenopsis xyloni",1,NA,NA,"not measured","DaFl","5",10
"Paraiso",2020-04-24,NA,NA,"Anystoidea",3,NA,NA,"not measured","DaFl","6",10
"Paraiso",2020-04-24,NA,NA,"Curculionidae",1,NA,NA,"not measured","DaFl","6",10
"Paraiso",2020-04-24,NA,NA,"Agroeca",1,NA,NA,"not measured","DaFl","7",10
"Paraiso",2020-04-24,NA,NA,"Entomobryidae",1,NA,NA,"not measured","DaFl","7",10
"Paraiso",2020-04-24,NA,NA,"Aphididae",1,NA,NA,"not measured","DaFl","8",10
"Paraiso",2020-04-24,NA,NA,"Carabidae",1,NA,NA,"not measured","DaFl","8",10
"Paraiso",2020-04-24,NA,NA,"Curculionidae",5,NA,NA,"not measured","DaFl","8",10
"Paraiso",2020-04-24,NA,NA,"Meinertellidae",1,NA,NA,"not measured","DaFl","8",10
"Paraiso",2020-04-24,NA,NA,"Curculionidae",2,NA,NA,"not measured","DaFl","9",10
"Paraiso",2020-04-24,NA,NA,"Anystoidea",5,NA,NA,"not measured","DaFl","10",10
"Paraiso",2020-04-24,NA,NA,"Lepismatidae",1,NA,NA,"not measured","DaFl","10",10
"Paraiso",2020-04-24,NA,NA,"Mecinus",2,NA,NA,"not measured","DaFl","10",10
"Paraiso",2020-10-22,NA,NA,"Erythraeoidea",1,NA,NA,"not measured","DaFl","1",8
"Paraiso",2020-10-22,NA,NA,"Forelius",1,NA,NA,"not measured","DaFl","2",8
"Paraiso",2020-10-22,NA,NA,"Pogonomyrmex rugosus",2,NA,NA,"not measured","DaFl","3",8
"Paraiso",2020-10-22,NA,NA,"Anystoidea",1,NA,NA,"not measured","DaFl","4",8
"Paraiso",2020-10-22,NA,NA,"Solenopsis xyloni",2,NA,NA,"not measured","DaFl","4",8
"Paraiso",2020-10-22,"not collected","trap_not_collected",NA,NA,NA,NA,NA,NA,"5",8
"Paraiso",2020-10-22,"empty","empty_trap",NA,NA,NA,NA,NA,NA,"6",8
"Paraiso",2020-10-22,NA,NA,"Anystoidea",3,NA,NA,"not measured","DaFl","7",8
"Paraiso",2020-10-22,NA,NA,"Forelius",1,NA,NA,"not measured","DaFl","7",8
"Paraiso",2020-10-22,"empty","empty_trap",NA,NA,NA,NA,NA,NA,"8",8
"Paraiso",2020-10-22,"not collected","trap_not_collected",NA,NA,NA,NA,NA,NA,"9",8
"Paraiso",2020-10-22,NA,NA,"Anystoidea",1,NA,NA,"not measured","DaFl","10",8
"Paraiso",2020-10-22,NA,NA,"Solenopsis xyloni",1,NA,NA,"not measured","DaFl","10",8
"Paraiso",2020-10-22,NA,NA,"Tetramorium",1,NA,NA,"not measured","DaFl","10",8
"Paraiso",2021-01-21,NA,NA,"Erythraeoidea",3,NA,NA,"not measured","DaFl","1",10
"Paraiso",2021-01-21,NA,NA,"Isotomidae",40,NA,NA,"not measured","DaFl","1",10
"Paraiso",2021-01-21,NA,NA,"Psocodea",5,"TRUE",NA,"not measured","DaFl","1",10
"Paraiso",2021-01-21,NA,NA,"Ptomaphagus",1,NA,NA,"not measured","DaFl","1",10
"Paraiso",2021-01-21,NA,NA,"Thripidae",1,NA,NA,"not measured","DaFl","1",10
"Paraiso",2021-01-21,NA,NA,"Alopecosa",1,NA,NA,"not measured","DaFl","2",10
"Paraiso",2021-01-21,NA,NA,"Erythraeoidea",2,NA,NA,"not measured","DaFl","2",10
"Paraiso",2021-01-21,NA,NA,"Isotomidae",35,NA,NA,"not measured","DaFl","2",10
"Paraiso",2021-01-21,NA,NA,"Sminthuridae",1,NA,NA,"not measured","DaFl","2",10
"Paraiso",2021-01-21,NA,NA,"Erythraeoidea",3,NA,NA,"not measured","DaFl","3",10
"Paraiso",2021-01-21,NA,NA,"Isotomidae",11,NA,NA,"not measured","DaFl","3",10
"Paraiso",2021-01-21,NA,NA,"Coccoidea",1,"TRUE",NA,"not measured","DaFl","4",10
"Paraiso",2021-01-21,NA,NA,"Isotomidae",13,NA,NA,"not measured","DaFl","4",10
"Paraiso",2021-01-21,NA,NA,"Solenopsis xyloni",33,NA,NA,"not measured","DaFl","4",10
"Paraiso",2021-01-21,NA,NA,"Hemiptera",1,"TRUE",NA,"not measured","DaFl","5",10
"Paraiso",2021-01-21,NA,NA,"Hypogastruridae",1,NA,NA,"not measured","DaFl","5",10
"Paraiso",2021-01-21,NA,NA,"Isotomidae",2,NA,NA,"not measured","DaFl","5",10
"Paraiso",2021-01-21,NA,NA,"Anystoidea",1,NA,NA,"not measured","DaFl","6",10
"Paraiso",2021-01-21,NA,NA,"Isotomidae",2,NA,NA,"not measured","DaFl","6",10
"Paraiso",2021-01-21,NA,NA,"Erythraeoidea",1,NA,NA,"not measured","DaFl","7",10
"Paraiso",2021-01-21,NA,NA,"Isotomidae",13,NA,NA,"not measured","DaFl","7",10
"Paraiso",2021-01-21,NA,NA,"Tennesseellum",1,NA,NA,"not measured","DaFl","7",10
"Paraiso",2021-01-21,"empty","empty_trap",NA,NA,NA,NA,NA,NA,"8",10
"Paraiso",2021-01-21,NA,NA,"Phoridae",1,NA,NA,"not measured","DaFl","9",10
"Paraiso",2021-01-21,NA,NA,"Erythraeoidea",1,NA,NA,"not measured","DaFl","10",10
"Paraiso",2021-01-21,NA,NA,"Lepismatidae",1,NA,NA,"not measured","DaFl","10",10
"Paraiso",2021-01-21,NA,NA,"Staphylinidae",1,NA,NA,"not measured","DaFl","10",10
"Paraiso",2021-04-22,NA,NA,"Filistatoides",1,NA,NA,"not measured","DaFl","1",10
"Paraiso",2021-04-22,NA,NA,"Lepismatidae",2,NA,NA,"not measured","DaFl","2",10
"Paraiso",2021-04-22,"empty","empty_trap",NA,NA,NA,NA,NA,NA,"3",10
"Paraiso",2021-04-22,"empty","empty_trap",NA,NA,NA,NA,NA,NA,"4",10
"Paraiso",2021-04-22,NA,NA,"Crematogaster",2,NA,NA,"not measured","DaFl","5",10
"Paraiso",2021-04-22,NA,NA,"Lepismatidae",1,NA,NA,"not measured","DaFl","5",10
"Paraiso",2021-04-22,NA,NA,"Oxyopes",1,NA,NA,"not measured","DaFl","5",10
"Paraiso",2021-04-22,"empty","empty_trap",NA,NA,NA,NA,NA,NA,"6",10
"Paraiso",2021-04-22,NA,NA,"Lepismatidae",1,NA,NA,"not measured","DaFl","7",10
"Paraiso",2021-04-22,NA,NA,"Meinertellidae",1,NA,NA,"not measured","DaFl","7",10
"Paraiso",2021-04-22,"empty","empty_trap",NA,NA,NA,NA,NA,NA,"8",10
"Paraiso",2021-04-22,NA,NA,"Erythraeoidea",1,NA,NA,"not measured","DaFl","9",10
"Paraiso",2021-04-22,NA,NA,"Meinertellidae",1,NA,NA,"not measured","DaFl","9",10
"Paraiso",2021-04-22,NA,NA,"Psilochorus",1,NA,NA,"not measured","DaFl","9",10
"Paraiso",2021-04-22,NA,NA,"Hemiptera",1,"TRUE",NA,"not measured","DaFl","10",10
"Paraiso",2021-04-22,NA,NA,"Lepismatidae",1,NA,NA,"not measured","DaFl","10",10
"Paraiso",2021-04-22,NA,NA,"Termitidae",2,NA,NA,"not measured","DaFl","10",10
"Paraiso",2021-10-21,NA,NA,"Chrysomelidae",1,"TRUE","FALSE","not measured","DaFl","1",10
"Paraiso",2021-10-21,NA,NA,"Entomobryidae",3,"FALSE","FALSE","not measured","DaFl","1",10
"Paraiso",2021-10-21,NA,NA,"Oecobius",1,"FALSE","FALSE","not measured","DaFl","1",10
"Paraiso",2021-10-21,NA,NA,"Solenopsis",4,"FALSE","FALSE","not measured","DaFl","1",10
"Paraiso",2021-10-21,NA,NA,"Caeculidae",1,"FALSE","FALSE","not measured","DaFl","2",10
"Paraiso",2021-10-21,NA,NA,"Carabidae",1,"FALSE","FALSE","not measured","DaFl","2",10
"Paraiso",2021-10-21,NA,NA,"Chrysomelidae",1,"TRUE","FALSE","not measured","DaFl","2",10
"Paraiso",2021-10-21,NA,NA,"Entomobryidae",9,"FALSE","FALSE","not measured","DaFl","2",10
"Paraiso",2021-10-21,NA,NA,"Forelius",1,"FALSE","FALSE","not measured","DaFl","2",10
"Paraiso",2021-10-21,NA,NA,"Linyphiidae",1,"FALSE","FALSE","not measured","DaFl","2",10
"Paraiso",2021-10-21,NA,NA,"Solenopsis xyloni",5,"FALSE","FALSE","not measured","DaFl","2",10
"Paraiso",2021-10-21,NA,NA,"Pogonomyrmex",1,"FALSE","FALSE","not measured","DaFl","3",10
"Paraiso",2021-10-21,NA,NA,"Pholcidae",1,"FALSE","FALSE","not measured","DaFl","4",10
"Paraiso",2021-10-21,NA,NA,"Pogonomyrmex",239,"FALSE","FALSE","not measured","DaFl","4",10
"Paraiso",2021-10-21,NA,NA,"Solenopsis xyloni",1,"FALSE","FALSE","not measured","DaFl","4",10
"Paraiso",2021-10-21,NA,NA,"Entomobryidae",1,"FALSE","FALSE","not measured","DaFl","5",10
"Paraiso",2021-10-21,NA,NA,"Hemiptera",1,"TRUE","FALSE","not measured","DaFl","5",10
"Paraiso",2021-10-21,NA,NA,"Linyphiidae",1,"FALSE","FALSE","not measured","DaFl","5",10
"Paraiso",2021-10-21,NA,NA,"Pheidole",1,"FALSE","FALSE","not measured","DaFl","5",10
"Paraiso",2021-10-21,NA,NA,"Solenopsis xyloni",1,"FALSE","FALSE","not measured","DaFl","5",10
"Paraiso",2021-10-21,NA,NA,"Chyphotes",1,"FALSE","FALSE","not measured","DaFl","6",10
"Paraiso",2021-10-21,NA,NA,"Emblethis",1,"FALSE","FALSE","not measured","DaFl","6",10
"Paraiso",2021-10-21,NA,NA,"Solenopsis xyloni",1,"FALSE","FALSE","not measured","DaFl","6",10
"Paraiso",2021-10-21,NA,NA,"Entomobryidae",3,"FALSE","FALSE","not measured","DaFl","7",10
"Paraiso",2021-10-21,NA,NA,"Sminthuridae",1,"FALSE","FALSE","not measured","DaFl","7",10
"Paraiso",2021-10-21,NA,NA,"Hemiptera",1,"TRUE","FALSE","not measured","DaFl","8",10
"Paraiso",2021-10-21,NA,NA,"Solenopsis xyloni",1,"FALSE","FALSE","not measured","DaFl","8",10
"Paraiso",2021-10-21,NA,NA,"Entomobryidae",7,"FALSE","FALSE","not measured","DaFl","9",10
"Paraiso",2021-10-21,NA,NA,"Hemiptera",4,"TRUE","FALSE","not measured","DaFl","9",10
"Paraiso",2021-10-21,NA,NA,"Solenopsis xyloni",4,"FALSE","FALSE","not measured","DaFl","9",10
"Paraiso",2021-10-21,NA,NA,"Theridiidae",1,"FALSE","FALSE","not measured","DaFl","9",10
"Paraiso",2021-10-21,NA,NA,"Anystoidea",1,"FALSE","FALSE","not measured","DaFl","10",10
"Paraiso",2021-10-21,NA,NA,"Crematogaster",1,"FALSE","FALSE","not measured","DaFl","10",10
"Paraiso",2021-10-21,NA,NA,"Hemiptera",2,"TRUE","FALSE","not measured","DaFl","10",10
"Paraiso",2021-10-21,NA,NA,"Sminthuridae",1,"FALSE","FALSE","not measured","DaFl","10",10
"Paraiso",2022-01-27,NA,NA,"Crematogaster",1,"FALSE","FALSE","not measured","DaFl","1",10
"Paraiso",2022-01-27,NA,NA,"Entomobryidae",63,"FALSE","FALSE","not measured","DaFl","1",10
"Paraiso",2022-01-27,NA,NA,"Solenopsis xyloni",10,"FALSE","FALSE","not measured","DaFl","1",10
"Paraiso",2022-01-27,NA,NA,"Erythraeoidea",1,"FALSE","FALSE","not measured","DaFl","2",10
"Paraiso",2022-01-27,NA,NA,"Isotomidae",4,"FALSE","FALSE","not measured","DaFl","2",10
"Paraiso",2022-01-27,NA,NA,"Linyphiidae",1,"FALSE","FALSE","not measured","DaFl","2",10
"Paraiso",2022-01-27,NA,NA,"Staphylinidae",1,"FALSE","FALSE","not measured","DaFl","2",10
"Paraiso",2022-01-27,NA,NA,"Entomobryidae",1,"FALSE","FALSE","not measured","DaFl","3",10
"Paraiso",2022-01-27,NA,NA,"Coleoptera",1,"TRUE","FALSE","not measured","DaFl","4",10
"Paraiso",2022-01-27,NA,NA,"Gnaphosidae",1,"FALSE","FALSE","not measured","DaFl","4",10
"Paraiso",2022-01-27,NA,NA,"Hemiptera",1,"TRUE","FALSE","not measured","DaFl","4",10
"Paraiso",2022-01-27,NA,NA,"Paravaejovis spinigerus",1,"FALSE","FALSE","not measured","DaFl","4",10
"Paraiso",2022-01-27,NA,NA,"Pheidole",1,"FALSE","FALSE","not measured","DaFl","4",10
"Paraiso",2022-01-27,NA,NA,"Pogonomyrmex",2,"FALSE","FALSE","not measured","DaFl","4",10
"Paraiso",2022-01-27,NA,NA,"Psilochorus",1,"FALSE","FALSE","not measured","DaFl","4",10
"Paraiso",2022-01-27,NA,NA,"Ptomaphagus",1,"FALSE","FALSE","not measured","DaFl","4",10
"Paraiso",2022-01-27,NA,NA,"Solenopsis xyloni",7,"FALSE","FALSE","not measured","DaFl","4",10
"Paraiso",2022-01-27,NA,NA,"Erythraeoidea",3,"FALSE","FALSE","not measured","DaFl","5",10
"Paraiso",2022-01-27,NA,NA,"Hemiptera",1,"TRUE","FALSE","not measured","DaFl","5",10
"Paraiso",2022-01-27,NA,NA,"Hypogastruridae",3,"FALSE","FALSE","not measured","DaFl","5",10
"Paraiso",2022-01-27,NA,NA,"Sminthuridae",1,"FALSE","FALSE","not measured","DaFl","5",10
"Paraiso",2022-01-27,NA,"empty_trap",NA,NA,NA,NA,NA,NA,"6",10
"Paraiso",2022-01-27,NA,NA,"Isotomidae",1,"FALSE","FALSE","not measured","DaFl","7",10
"Paraiso",2022-01-27,NA,NA,"Solenopsis xyloni",3,"FALSE","FALSE","not measured","DaFl","7",10
"Paraiso",2022-01-27,NA,NA,"Chironomidae",1,"FALSE","FALSE","not measured","DaFl","8",10
"Paraiso",2022-01-27,NA,NA,"Erythraeoidea",5,"FALSE","FALSE","not measured","DaFl","8",10
"Paraiso",2022-01-27,NA,NA,"Solenopsis xyloni",2,"FALSE","FALSE","not measured","DaFl","8",10
"Paraiso",2022-01-27,NA,NA,"Carabidae",1,"FALSE","FALSE","not measured","DaFl","9",10
"Paraiso",2022-01-27,NA,NA,"Linyphiidae",1,"FALSE","FALSE","not measured","DaFl","9",10
"Paraiso",2022-01-27,NA,NA,"Solenopsis xyloni",10,"FALSE","FALSE","not measured","DaFl","9",10
"Paraiso",2022-01-27,NA,NA,"Anystoidea",1,"FALSE","FALSE","not measured","DaFl","10",10
"Paraiso",2022-01-27,NA,NA,"Erythraeoidea",1,"FALSE","FALSE","not measured","DaFl","10",10
"Paraiso",2022-01-27,NA,NA,"Isotomidae",1,"FALSE","FALSE","not measured","DaFl","10",10
"Paraiso",2022-04-22,NA,NA,"Solenopsis xyloni",6,"FALSE","FALSE","not measured","DaFl","1",10
"Paraiso",2022-04-22,NA,NA,"Anystoidea",1,"FALSE","FALSE","not measured","DaFl","2",10
"Paraiso",2022-04-22,NA,NA,"Gnaphosidae",1,"FALSE","FALSE","not measured","DaFl","2",10
"Paraiso",2022-04-22,NA,NA,"Pheidole",1,"FALSE","FALSE","not measured","DaFl","2",10
"Paraiso",2022-04-22,NA,NA,"Solenopsis xyloni",1,"FALSE","FALSE","not measured","DaFl","2",10
"Paraiso",2022-04-22,NA,NA,"Xysticus",1,"FALSE","FALSE","not measured","DaFl","2",10
"Paraiso",2022-04-22,NA,NA,"Forelius",4,"FALSE","FALSE","not measured","DaFl","3",10
"Paraiso",2022-04-22,NA,NA,"Mecinus",1,"FALSE","FALSE","not measured","DaFl","3",10
"Paraiso",2022-04-22,NA,NA,"Solenopsis xyloni",4,"FALSE","FALSE","not measured","DaFl","3",10
"Paraiso",2022-04-22,NA,NA,"Lepismatidae",1,"FALSE","FALSE","not measured","DaFl","4",10
"Paraiso",2022-04-22,NA,NA,"Mecinus",1,"FALSE","FALSE","not measured","DaFl","4",10
"Paraiso",2022-04-22,NA,NA,"Pheidole",1,"FALSE","FALSE","not measured","DaFl","4",10
"Paraiso",2022-04-22,NA,NA,"Solenopsis xyloni",17,"FALSE","FALSE","not measured","DaFl","4",10
"Paraiso",2022-04-22,NA,NA,"Solenopsis xyloni",37,"FALSE","FALSE","not measured","DaFl","5",10
"Paraiso",2022-04-22,NA,NA,"Solenopsis xyloni",1,"FALSE","FALSE","not measured","DaFl","6",10
"Paraiso",2022-04-22,NA,NA,"Psilochorus",1,"FALSE","FALSE","not measured","DaFl","7",10
"Paraiso",2022-04-22,NA,NA,"Meinertellidae",3,"FALSE","FALSE","not measured","DaFl","8",10
"Paraiso",2022-04-22,NA,NA,"Solenopsis xyloni",3,"FALSE","FALSE","not measured","DaFl","8",10
"Paraiso",2022-04-22,NA,NA,"Xysticus",1,"FALSE","FALSE","not measured","DaFl","8",10
"Paraiso",2022-04-22,NA,NA,"Anystoidea",1,"FALSE","FALSE","not measured","DaFl","9",10
"Paraiso",2022-04-22,NA,NA,"Caeculidae",1,"FALSE","FALSE","not measured","DaFl","9",10
"Paraiso",2022-04-22,NA,NA,"Carabidae",1,"FALSE","FALSE","not measured","DaFl","9",10
"Paraiso",2022-04-22,NA,NA,"Pheidole",1,"FALSE","FALSE","not measured","DaFl","9",10
"Paraiso",2022-04-22,NA,NA,"Solenopsis xyloni",33,"FALSE","FALSE","not measured","DaFl","9",10
"Paraiso",2022-04-22,NA,NA,"Araeoschizus",1,"FALSE","FALSE","not measured","DaFl","10",10
"Paraiso",2022-04-22,NA,NA,"Carabidae",1,"FALSE","FALSE","not measured","DaFl","10",10
"Paraiso",2022-04-22,NA,NA,"Pheidole",1,"FALSE","FALSE","not measured","DaFl","10",10
"Paraiso",2022-04-22,NA,NA,"Solenopsis xyloni",4,"FALSE","FALSE","not measured","DaFl","10",10
"Paraiso",2022-04-22,NA,NA,"Tetramorium",1,"FALSE","FALSE","not measured","DaFl","10",10
"Paraiso",2022-10-26,NA,NA,"Discoderus",3,"FALSE","FALSE","not measured","DaFl","1",10
"Paraiso",2022-10-26,NA,NA,"Isotomidae",3,"FALSE","FALSE","not measured","DaFl","1",10
"Paraiso",2022-10-26,NA,NA,"Pogonomyrmex",1,"FALSE","FALSE","not measured","DaFl","1",10
"Paraiso",2022-10-26,NA,NA,"Carabidae",7,"FALSE","FALSE","not measured","DaFl","2",10
"Paraiso",2022-10-26,NA,NA,"Pogonomyrmex",2,"FALSE","FALSE","not measured","DaFl","2",10
"Paraiso",2022-10-26,NA,NA,"Discoderus",6,"FALSE","FALSE","not measured","DaFl","3",10
"Paraiso",2022-10-26,NA,NA,"Pogonomyrmex",50,"FALSE","FALSE","not measured","DaFl","3",10
"Paraiso",2022-10-26,NA,NA,"Solenopsis",1,"FALSE","FALSE","not measured","DaFl","3",10
"Paraiso",2022-10-26,NA,NA,"Pogonomyrmex",11,"FALSE","FALSE","not measured","DaFl","4",10
"Paraiso",2022-10-26,NA,NA,"Entomobryidae",1,"FALSE","FALSE","not measured","DaFl","5",10
"Paraiso",2022-10-26,NA,NA,"Hypogastruridae",1,"FALSE","FALSE","not measured","DaFl","6",10
"Paraiso",2022-10-26,NA,NA,"Entomobryidae",1,"FALSE","FALSE","not measured","DaFl","7",10
"Paraiso",2022-10-26,NA,NA,"Isotomidae",1,"FALSE","FALSE","not measured","DaFl","7",10
"Paraiso",2022-10-26,NA,NA,"Neivamyrmex",1,"FALSE","FALSE","not measured","DaFl","7",10
"Paraiso",2022-10-26,NA,NA,"Discoderus",4,"FALSE","FALSE","not measured","DaFl","8",10
"Paraiso",2022-10-26,NA,"empty_trap",NA,NA,NA,NA,NA,NA,"9",10
"Paraiso",2022-10-26,NA,NA,"Sminthuridae",1,"FALSE","FALSE","not measured","DaFl","10",10
"Paraiso",2023-01-21,NA,NA,"Erythraeoidea",1,"FALSE","FALSE","not measured","DaFl","1",10
"Paraiso",2023-01-21,NA,NA,"Isotomidae",1,"FALSE","FALSE","not measured","DaFl","1",10
"Paraiso",2023-01-21,NA,NA,"Alopecosa",1,"FALSE","FALSE","not measured","DaFl","2",10
"Paraiso",2023-01-21,NA,NA,"Erythraeoidea",1,"FALSE","FALSE","not measured","DaFl","2",10
"Paraiso",2023-01-21,NA,NA,"Isotomidae",1,"FALSE","FALSE","not measured","DaFl","2",10
"Paraiso",2023-01-21,NA,NA,"Isotomidae",3,"FALSE","FALSE","not measured","DaFl","3",10
"Paraiso",2023-01-21,NA,NA,"Oribatida",3,"FALSE","FALSE","not measured","DaFl","3",10
"Paraiso",2023-01-21,NA,NA,"Solenopsis xyloni",1,"FALSE","FALSE","not measured","DaFl","3",10
"Paraiso",2023-01-21,NA,NA,"Spirobolida",1,"FALSE","FALSE","not measured","DaFl","3",10
"Paraiso",2023-01-21,NA,"empty_trap",NA,NA,NA,NA,NA,NA,"4",10
"Paraiso",2023-01-21,NA,NA,"Erythraeoidea",1,"FALSE","FALSE","not measured","DaFl","5",10
"Paraiso",2023-01-21,NA,NA,"Gryllidae",1,"TRUE","FALSE","not measured","DaFl","5",10
"Paraiso",2023-01-21,NA,NA,"Isotomidae",1,"FALSE","FALSE","not measured","DaFl","5",10
"Paraiso",2023-01-21,NA,NA,"Erythraeoidea",1,"FALSE","FALSE","not measured","DaFl","6",10
"Paraiso",2023-01-21,NA,NA,"Alopecosa",1,"FALSE","FALSE","not measured","DaFl","7",10
"Paraiso",2023-01-21,NA,NA,"Erythraeoidea",1,"FALSE","FALSE","not measured","DaFl","7",10
"Paraiso",2023-01-21,NA,NA,"Isotomidae",1,"FALSE","FALSE","not measured","DaFl","7",10
"Paraiso",2023-01-21,NA,NA,"Oribatida",4,"FALSE","FALSE","not measured","DaFl","7",10
"Paraiso",2023-01-21,NA,NA,"Psocodea",1,"FALSE","FALSE","not measured","DaFl","7",10
"Paraiso",2023-01-21,NA,NA,"Ptomaphagus",2,"FALSE","FALSE","not measured","DaFl","7",10
"Paraiso",2023-01-21,NA,NA,"Entomobryidae",1,"FALSE","FALSE","not measured","DaFl","8",10
"Paraiso",2023-01-21,NA,NA,"Erythraeoidea",1,"FALSE","FALSE","not measured","DaFl","8",10
"Paraiso",2023-01-21,NA,NA,"Isotomidae",2,"FALSE","FALSE","not measured","DaFl","8",10
"Paraiso",2023-01-21,NA,NA,"Linyphiidae",1,"FALSE","FALSE","not measured","DaFl","8",10
"Paraiso",2023-01-21,NA,NA,"Oribatida",1,"FALSE","FALSE","not measured","DaFl","8",10
"Paraiso",2023-01-21,NA,NA,"Entomobryidae",1,"FALSE","FALSE","not measured","DaFl","9",10
"Paraiso",2023-01-21,NA,NA,"Erythraeoidea",1,"FALSE","FALSE","not measured","DaFl","9",10
"Paraiso",2023-01-21,NA,NA,"Isotomidae",3,"FALSE","FALSE","not measured","DaFl","9",10
"Paraiso",2023-01-21,NA,NA,"Sminthuridae",2,"FALSE","FALSE","not measured","DaFl","9",10
"Paraiso",2023-01-21,NA,NA,"Chalcidoidea",1,"FALSE","FALSE","not measured","DaFl","10",10
"Paraiso",2023-04-19,NA,NA,"Carabidae",1,"FALSE","FALSE","not measured","DaFl","1",10
"Paraiso",2023-04-19,NA,NA,"Drassyllus",1,"FALSE","FALSE","not measured","DaFl","1",10
"Paraiso",2023-04-19,NA,NA,"Solifugae",1,"FALSE","FALSE","not measured","DaFl","1",10
"Paraiso",2023-04-19,NA,NA,"Anystoidea",1,"FALSE","FALSE","not measured","DaFl","2",10
"Paraiso",2023-04-19,NA,NA,"Carabidae",1,"FALSE","FALSE","not measured","DaFl","2",10
"Paraiso",2023-04-19,NA,NA,"Linyphiidae",1,"FALSE","FALSE","not measured","DaFl","2",10
"Paraiso",2023-04-19,NA,NA,"Anystoidea",1,"FALSE","FALSE","not measured","DaFl","3",10
"Paraiso",2023-04-19,NA,NA,"Psilochorus",1,"FALSE","FALSE","not measured","DaFl","3",10
"Paraiso",2023-04-19,NA,NA,"Rhaphidophoridae",1,"FALSE","FALSE","not measured","DaFl","3",10
"Paraiso",2023-04-19,NA,NA,"Agelenidae",1,"FALSE","FALSE","not measured","DaFl","4",10
"Paraiso",2023-04-19,NA,NA,"Mecinus",1,"FALSE","FALSE","not measured","DaFl","4",10
"Paraiso",2023-04-19,NA,NA,"Salticidae",1,"FALSE","FALSE","not measured","DaFl","4",10
"Paraiso",2023-04-19,NA,NA,"Anystoidea",2,"FALSE","FALSE","not measured","DaFl","5",10
"Paraiso",2023-04-19,NA,NA,"Aphididae",4,"FALSE","FALSE","not measured","DaFl","5",10
"Paraiso",2023-04-19,NA,NA,"Carabidae",2,"FALSE","FALSE","not measured","DaFl","5",10
"Paraiso",2023-04-19,NA,NA,"Cicadellidae",1,"TRUE","FALSE","not measured","DaFl","5",10
"Paraiso",2023-04-19,NA,NA,"Diptera",1,"TRUE","FALSE","not measured","DaFl","5",10
"Paraiso",2023-04-19,NA,NA,"Lepismatidae",1,"FALSE","FALSE","not measured","DaFl","5",10
"Paraiso",2023-04-19,NA,NA,"Oligotoma nigra",1,"FALSE","FALSE","not measured","DaFl","5",10
"Paraiso",2023-04-19,NA,NA,"Paravaejovis spinigerus",1,"FALSE","FALSE","not measured","DaFl","5",10
"Paraiso",2023-04-19,NA,NA,"Ptomaphagus",1,"FALSE","FALSE","not measured","DaFl","5",10
"Paraiso",2023-04-19,NA,NA,"Sicariidae",1,"FALSE","FALSE","not measured","DaFl","5",10
"Paraiso",2023-04-19,NA,NA,"Theridiidae",1,"FALSE","FALSE","not measured","DaFl","5",10
"Paraiso",2023-04-19,NA,NA,"Thripidae",1,"FALSE","FALSE","not measured","DaFl","5",10
"Paraiso",2023-04-19,NA,NA,"Diptera",1,"FALSE","FALSE","not measured","DaFl","6",10
"Paraiso",2023-04-19,NA,NA,"Linyphiidae",1,"FALSE","FALSE","not measured","DaFl","6",10
"Paraiso",2023-04-19,NA,NA,"Oxyopes",2,"FALSE","FALSE","not measured","DaFl","6",10
"Paraiso",2023-04-19,NA,NA,"Anystoidea",2,"FALSE","FALSE","not measured","DaFl","7",10
"Paraiso",2023-04-19,NA,NA,"Aphididae",3,"FALSE","FALSE","not measured","DaFl","7",10
"Paraiso",2023-04-19,NA,NA,"Entomobryidae",2,"FALSE","FALSE","not measured","DaFl","7",10
"Paraiso",2023-04-19,NA,NA,"Lepismatidae",2,"FALSE","FALSE","not measured","DaFl","7",10
"Paraiso",2023-04-19,NA,NA,"Sminthuridae",2,"FALSE","FALSE","not measured","DaFl","7",10
"Paraiso",2023-04-19,NA,NA,"Thripidae",1,"FALSE","FALSE","not measured","DaFl","7",10
"Paraiso",2023-04-19,NA,NA,"Anystoidea",1,"FALSE","FALSE","not measured","DaFl","8",10
"Paraiso",2023-04-19,NA,NA,"Aphididae",1,"FALSE","FALSE","not measured","DaFl","8",10
"Paraiso",2023-04-19,NA,NA,"Aphididae",1,"FALSE","FALSE","not measured","DaFl","8",10
"Paraiso",2023-04-19,NA,NA,"Cicadellidae",2,"FALSE","FALSE","not measured","DaFl","8",10
"Paraiso",2023-04-19,NA,NA,"Mythicomyia",1,"FALSE","FALSE","not measured","DaFl","8",10
"Paraiso",2023-04-19,NA,NA,"Paravaejovis spinigerus",1,"FALSE","FALSE","not measured","DaFl","8",10
"Paraiso",2023-04-19,NA,NA,"Tetramorium",1,"FALSE","FALSE","not measured","DaFl","8",10
"Paraiso",2023-04-19,NA,NA,"Psilochorus",1,"FALSE","FALSE","not measured","DaFl","9",10
"Paraiso",2023-04-19,NA,NA,"Anystoidea",16,"FALSE","FALSE","not measured","DaFl","10",10
"Paraiso",2023-04-19,NA,NA,"Aphididae",1,"FALSE","FALSE","not measured","DaFl","10",10
"Paraiso",2023-04-19,NA,NA,"Carabidae",1,"FALSE","FALSE","not measured","DaFl","10",10
"Paraiso",2023-04-19,NA,NA,"Chalcidoidea",1,"FALSE","FALSE","not measured","DaFl","10",10
"Paraiso",2023-04-19,NA,NA,"Lepismatidae",1,"TRUE","FALSE","not measured","DaFl","10",10
"Paraiso",2023-04-19,NA,NA,"Meinertellidae",1,"FALSE","FALSE","not measured","DaFl","10",10
"Paraiso",2023-04-19,NA,NA,"Psilochorus",1,"FALSE","FALSE","not measured","DaFl","10",10
"Paraiso",2023-04-19,NA,NA,"Solenopsis xyloni",1,"FALSE","FALSE","not measured","DaFl","10",10
"Paraiso",2023-07-27,NA,NA,"Oxyopes",1,"FALSE","FALSE","not measured","DaFl","1",8
"Paraiso",2023-07-27,NA,NA,"Anystoidea",1,"FALSE","FALSE","not measured","DaFl","2",8
"Paraiso",2023-07-27,NA,NA,"Anystoidea",2,"FALSE","FALSE","not measured","DaFl","3",8
"Paraiso",2023-07-27,NA,NA,"Pogonomyrmex",1,"FALSE","FALSE","not measured","DaFl","4",8
"Paraiso",2023-07-27,NA,"trap_not_collected",NA,NA,NA,NA,NA,NA,"5",8
"Paraiso",2023-07-27,NA,NA,"Eleodes longicollis",1,"FALSE","FALSE","not measured","DaFl","6",8
"Paraiso",2023-07-27,NA,NA,"Forelius",29,"FALSE","FALSE","not measured","DaFl","6",8
"Paraiso",2023-07-27,NA,NA,"Pogonomyrmex",1,"FALSE","FALSE","not measured","DaFl","6",8
"Paraiso",2023-07-27,NA,NA,"Termitidae",1,"FALSE","FALSE","not measured","DaFl","6",8
"Paraiso",2023-07-27,NA,NA,"Anystoidea",1,"FALSE","FALSE","not measured","DaFl","7",8
"Paraiso",2023-07-27,NA,NA,"Eleodes carbonaria",1,"FALSE","FALSE","not measured","DaFl","7",8
"Paraiso",2023-07-27,NA,NA,"Meinertellidae",1,"FALSE","FALSE","not measured","DaFl","7",8
"Paraiso",2023-07-27,NA,NA,"Oxyopes",1,"FALSE","FALSE","not measured","DaFl","7",8
"Paraiso",2023-07-27,NA,NA,"Pheidole",1,"FALSE","FALSE","not measured","DaFl","7",8
"Paraiso",2023-07-27,NA,NA,"Oxyopes",1,"FALSE","FALSE","not measured","DaFl","8",8
"Paraiso",2023-07-27,NA,NA,"Xysticus",1,"FALSE","FALSE","not measured","DaFl","9",8
"Paraiso",2023-07-27,NA,"trap_not_collected",NA,NA,NA,NA,NA,NA,"10",8
"Paraiso",2023-10-24,NA,"empty_trap",NA,NA,NA,NA,NA,NA,"1",10
"Paraiso",2023-10-24,NA,"empty_trap",NA,NA,NA,NA,NA,NA,"2",10
"Paraiso",2023-10-24,NA,"empty_trap",NA,NA,NA,NA,NA,NA,"3",10
"Paraiso",2023-10-24,NA,NA,"Pogonomyrmex",7,"FALSE","FALSE","not measured","DaFl","4",10
"Paraiso",2023-10-24,NA,"empty_trap",NA,NA,NA,NA,NA,NA,"5",10
"Paraiso",2023-10-24,NA,"empty_trap",NA,NA,NA,NA,NA,NA,"6",10
"Paraiso",2023-10-24,NA,"empty_trap",NA,NA,NA,NA,NA,NA,"7",10
"Paraiso",2023-10-24,NA,"empty_trap",NA,NA,NA,NA,NA,NA,"8",10
"Paraiso",2023-10-24,NA,"empty_trap",NA,NA,NA,NA,NA,NA,"9",10
"Paraiso",2023-10-24,NA,"empty_trap",NA,NA,NA,NA,NA,NA,"10",10
"Paraiso",2024-01-20,NA,NA,"Erythraeoidea",2,"FALSE","FALSE","not measured","DaFl","1",10
"Paraiso",2024-01-20,NA,NA,"Isotomidae",16,"FALSE","FALSE","not measured","DaFl","1",10
"Paraiso",2024-01-20,NA,NA,"Carabidae",1,"TRUE","FALSE","not measured","DaFl","2",10
"Paraiso",2024-01-20,NA,NA,"Hemiptera",1,"TRUE","FALSE","not measured","DaFl","2",10
"Paraiso",2024-01-20,NA,NA,"Isotomidae",7,"FALSE","FALSE","not measured","DaFl","2",10
"Paraiso",2024-01-20,NA,NA,"Oribatida",1,"FALSE","FALSE","not measured","DaFl","2",10
"Paraiso",2024-01-20,NA,NA,"Psocodea",1,"FALSE","FALSE","not measured","DaFl","2",10
"Paraiso",2024-01-20,NA,NA,"Xysticus",1,"FALSE","FALSE","not measured","DaFl","2",10
"Paraiso",2024-01-20,NA,NA,"Isotomidae",4,"FALSE","FALSE","not measured","DaFl","3",10
"Paraiso",2024-01-20,NA,NA,"Ammotrechidae",1,"FALSE","FALSE","not measured","DaFl","4",10
"Paraiso",2024-01-20,NA,NA,"Carabidae",1,"TRUE","FALSE","not measured","DaFl","4",10
"Paraiso",2024-01-20,NA,NA,"Hypogastruridae",1,"FALSE","FALSE","not measured","DaFl","4",10
"Paraiso",2024-01-20,NA,NA,"Isotomidae",1,"FALSE","FALSE","not measured","DaFl","4",10
"Paraiso",2024-01-20,NA,NA,"Oribatida",1,"FALSE","FALSE","not measured","DaFl","4",10
"Paraiso",2024-01-20,NA,NA,"Paravaejovis spinigerus",1,"FALSE","FALSE","not measured","DaFl","4",10
"Paraiso",2024-01-20,NA,NA,"Phalangiidae",1,"FALSE","FALSE","not measured","DaFl","4",10
"Paraiso",2024-01-20,NA,NA,"Pogonomyrmex",4,"FALSE","FALSE","not measured","DaFl","4",10
"Paraiso",2024-01-20,NA,NA,"Sminthuridae",2,"FALSE","FALSE","not measured","DaFl","4",10
"Paraiso",2024-01-20,NA,NA,"Isotomidae",7,"FALSE","FALSE","not measured","DaFl","5",10
"Paraiso",2024-01-20,NA,NA,"Isotomidae",7,"FALSE","FALSE","not measured","DaFl","6",10
"Paraiso",2024-01-20,NA,NA,"Pheidole",1,"FALSE","FALSE","not measured","DaFl","6",10
"Paraiso",2024-01-20,NA,NA,"Phyllotreta",1,"FALSE","FALSE","not measured","DaFl","6",10
"Paraiso",2024-01-20,NA,NA,"Isotomidae",11,"FALSE","FALSE","not measured","DaFl","7",10
"Paraiso",2024-01-20,NA,NA,"Oribatida",13,"FALSE","FALSE","not measured","DaFl","7",10
"Paraiso",2024-01-20,NA,NA,"Erythraeoidea",1,"FALSE","FALSE","not measured","DaFl","8",10
"Paraiso",2024-01-20,NA,NA,"Isotomidae",3,"FALSE","FALSE","not measured","DaFl","8",10
"Paraiso",2024-01-20,NA,NA,"Ammotrechidae",2,"FALSE","FALSE","not measured","DaFl","9",10
"Paraiso",2024-01-20,NA,NA,"Hypogastruridae",1,"FALSE","FALSE","not measured","DaFl","9",10
"Paraiso",2024-01-20,NA,NA,"Isotomidae",5,"FALSE","FALSE","not measured","DaFl","9",10
"Paraiso",2024-01-20,NA,NA,"Ptomaphagus",4,"FALSE","FALSE","not measured","DaFl","9",10
"Paraiso",2024-01-20,NA,NA,"Solenopsis",1,"FALSE","FALSE","not measured","DaFl","9",10
"Paraiso",2024-01-20,NA,NA,"Isotomidae",3,"FALSE","FALSE","not measured","DaFl","10",10
"Paraiso",2024-01-20,NA,NA,"Lepidoptera",1,"TRUE","FALSE","not measured","DaFl","10",10
"Paraiso",2024-04-20,NA,NA,"Anystoidea",2,"FALSE","FALSE","not measured","DaFl","1",10
"Paraiso",2024-04-20,NA,NA,"Camponotus",1,"FALSE","FALSE","not measured","DaFl","1",10
"Paraiso",2024-04-20,NA,NA,"Coccoidea",1,"TRUE","FALSE","not measured","DaFl","1",10
"Paraiso",2024-04-20,NA,NA,"Mecinus",1,"FALSE","FALSE","not measured","DaFl","1",10
"Paraiso",2024-04-20,NA,NA,"Paravaejovis spinigerus",1,"FALSE","FALSE","not measured","DaFl","1",10
"Paraiso",2024-04-20,NA,NA,"Erythraeoidea",1,"FALSE","FALSE","not measured","DaFl","2",10
"Paraiso",2024-04-20,NA,NA,"Mantidae",1,"FALSE","FALSE","not measured","DaFl","2",10
"Paraiso",2024-04-20,NA,NA,"Meinertellidae",1,"FALSE","FALSE","not measured","DaFl","2",10
"Paraiso",2024-04-20,NA,NA,"Oxyopes",1,"FALSE","FALSE","not measured","DaFl","2",10
"Paraiso",2024-04-20,NA,NA,"Anystoidea",8,"FALSE","FALSE","not measured","DaFl","3",10
"Paraiso",2024-04-20,NA,NA,"Aphididae",3,"FALSE","FALSE","not measured","DaFl","3",10
"Paraiso",2024-04-20,NA,NA,"Coccoidea",2,"TRUE","FALSE","not measured","DaFl","3",10
"Paraiso",2024-04-20,NA,NA,"Lepismatidae",1,"FALSE","FALSE","not measured","DaFl","3",10
"Paraiso",2024-04-20,NA,NA,"Meinertellidae",1,"FALSE","FALSE","not measured","DaFl","3",10
"Paraiso",2024-04-20,NA,NA,"Tetramorium",2,"FALSE","FALSE","not measured","DaFl","3",10
"Paraiso",2024-04-20,NA,NA,"Thripidae",1,"FALSE","FALSE","not measured","DaFl","3",10
"Paraiso",2024-04-20,NA,NA,"Entomobryidae",2,"FALSE","FALSE","not measured","DaFl","4",10
"Paraiso",2024-04-20,NA,NA,"Erythraeoidea",1,"FALSE","FALSE","not measured","DaFl","4",10
"Paraiso",2024-04-20,NA,NA,"Meinertellidae",1,"FALSE","FALSE","not measured","DaFl","4",10
"Paraiso",2024-04-20,NA,NA,"Oligotomidae",2,"FALSE","FALSE","not measured","DaFl","4",10
"Paraiso",2024-04-20,NA,NA,"Sminthuridae",1,"FALSE","FALSE","not measured","DaFl","4",10
"Paraiso",2024-04-20,NA,NA,"Aphididae",2,"FALSE","FALSE","not measured","DaFl","5",10
"Paraiso",2024-04-20,NA,NA,"Entomobryidae",1,"FALSE","FALSE","not measured","DaFl","5",10
"Paraiso",2024-04-20,NA,NA,"Erythraeoidea",1,"FALSE","FALSE","not measured","DaFl","5",10
"Paraiso",2024-04-20,NA,NA,"Microporus",1,"FALSE","FALSE","not measured","DaFl","5",10
"Paraiso",2024-04-20,NA,NA,"Oribatida",1,"FALSE","FALSE","not measured","DaFl","5",10
"Paraiso",2024-04-20,NA,NA,"Thripidae",1,"FALSE","FALSE","not measured","DaFl","5",10
"Paraiso",2024-04-20,NA,NA,"Entomobryidae",2,"FALSE","FALSE","not measured","DaFl","6",10
"Paraiso",2024-04-20,NA,NA,"Melanaethus",1,"FALSE","FALSE","not measured","DaFl","6",10
"Paraiso",2024-04-20,NA,NA,"Paravaejovis spinigerus",1,"FALSE","FALSE","not measured","DaFl","6",10
"Paraiso",2024-04-20,NA,NA,"Psocodea",1,"FALSE","FALSE","not measured","DaFl","6",10
"Paraiso",2024-04-20,NA,NA,"Sminthuridae",2,"FALSE","FALSE","not measured","DaFl","6",10
"Paraiso",2024-04-20,NA,NA,"Anystoidea",19,"FALSE","FALSE","not measured","DaFl","7",10
"Paraiso",2024-04-20,NA,NA,"Bdellidae",1,"FALSE","FALSE","not measured","DaFl","7",10
"Paraiso",2024-04-20,NA,NA,"Gnaphosidae",1,"FALSE","FALSE","not measured","DaFl","7",10
"Paraiso",2024-04-20,NA,NA,"Theridiidae",1,"FALSE","FALSE","not measured","DaFl","7",10
"Paraiso",2024-04-20,NA,NA,"Anystoidea",3,"FALSE","FALSE","not measured","DaFl","8",10
"Paraiso",2024-04-20,NA,NA,"Aphididae",1,"FALSE","FALSE","not measured","DaFl","8",10
"Paraiso",2024-04-20,NA,NA,"Entomobryidae",3,"FALSE","FALSE","not measured","DaFl","8",10
"Paraiso",2024-04-20,NA,NA,"Erythraeoidea",1,"FALSE","FALSE","not measured","DaFl","8",10
"Paraiso",2024-04-20,NA,NA,"Lepidoptera",1,"TRUE","FALSE","not measured","DaFl","8",10
"Paraiso",2024-04-20,NA,NA,"Mecinus",10,"FALSE","FALSE","not measured","DaFl","8",10
"Paraiso",2024-04-20,NA,NA,"Pheidole",2,"FALSE","FALSE","not measured","DaFl","8",10
"Paraiso",2024-04-20,NA,NA,"Solenopsis xyloni",1,"FALSE","FALSE","not measured","DaFl","8",10
"Paraiso",2024-04-20,NA,NA,"Zelotes",2,"FALSE","FALSE","not measured","DaFl","8",10
"Paraiso",2024-04-20,NA,NA,"Anystoidea",1,"FALSE","FALSE","not measured","DaFl","9",10
"Paraiso",2024-04-20,NA,NA,"Aphididae",1,"FALSE","FALSE","not measured","DaFl","9",10
"Paraiso",2024-04-20,NA,NA,"Drassyllus",1,"FALSE","FALSE","not measured","DaFl","9",10
"Paraiso",2024-04-20,NA,NA,"Erythraeoidea",2,"FALSE","FALSE","not measured","DaFl","9",10
"Paraiso",2024-04-20,NA,NA,"Lepidoptera",1,"TRUE","FALSE","not measured","DaFl","9",10
"Paraiso",2024-04-20,NA,NA,"Mecinus",1,"FALSE","FALSE","not measured","DaFl","9",10
"Paraiso",2024-04-20,NA,NA,"Anystoidea",3,"FALSE","FALSE","not measured","DaFl","10",10
"Paraiso",2024-04-20,NA,NA,"Aphididae",1,"FALSE","FALSE","not measured","DaFl","10",10
"Paraiso",2024-04-20,NA,NA,"Coleoptera",1,"TRUE","FALSE","not measured","DaFl","10",10
"Paraiso",2024-04-20,NA,NA,"Drassyllus",1,"FALSE","FALSE","not measured","DaFl","10",10
"Paraiso",2024-07-20,NA,NA,"Gnaphosidae",1,"FALSE","FALSE","not measured","DaFl","1",10
"Paraiso",2024-07-20,NA,NA,"Anystoidea",1,"FALSE","FALSE","not measured","DaFl","2",10
"Paraiso",2024-07-20,NA,NA,"Lepismatidae",1,"FALSE","FALSE","not measured","DaFl","2",10
"Paraiso",2024-07-20,NA,NA,"Mantidae",1,"TRUE","FALSE","not measured","DaFl","2",10
"Paraiso",2024-07-20,NA,NA,"Anystoidea",2,"FALSE","FALSE","not measured","DaFl","3",10
"Paraiso",2024-07-20,NA,NA,"Anystoidea",2,"FALSE","FALSE","not measured","DaFl","4",10
"Paraiso",2024-07-20,NA,NA,"Erythraeidae",2,"FALSE","FALSE","not measured","DaFl","4",10
"Paraiso",2024-07-20,NA,NA,"Paravaejovis spinigerus",1,"FALSE","FALSE","not measured","DaFl","4",10
"Paraiso",2024-07-20,NA,NA,"Pogonomyrmex",2,"FALSE","FALSE","not measured","DaFl","4",10
"Paraiso",2024-07-20,NA,NA,"Solenopsis xyloni",1,"FALSE","FALSE","not measured","DaFl","4",10
"Paraiso",2024-07-20,NA,NA,"Forelius",1,"FALSE","FALSE","not measured","DaFl","5",10
"Paraiso",2024-07-20,NA,NA,"Pheidole",1,"FALSE","FALSE","not measured","DaFl","5",10
"Paraiso",2024-07-20,NA,NA,"Triorophus",1,"FALSE","FALSE","not measured","DaFl","5",10
"Paraiso",2024-07-20,NA,"empty_trap",NA,NA,NA,NA,NA,NA,"6",10
"Paraiso",2024-07-20,NA,NA,"Anystoidea",1,"FALSE","FALSE","not measured","DaFl","7",10
"Paraiso",2024-07-20,NA,NA,"Tetramorium",1,"FALSE","FALSE","not measured","DaFl","7",10
"Paraiso",2024-07-20,NA,"empty_trap",NA,NA,NA,NA,NA,NA,"8",10
"Paraiso",2024-07-20,NA,NA,"Anystoidea",2,"FALSE","FALSE","not measured","DaFl","9",10
"Paraiso",2024-07-20,NA,NA,"Cyphomyrmex",1,"FALSE","FALSE","not measured","DaFl","9",10
"Paraiso",2024-07-20,NA,NA,"Solenopsis xyloni",1,"FALSE","FALSE","not measured","DaFl","9",10
"Paraiso",2024-07-20,NA,NA,"Anystoidea",9,"FALSE","FALSE","not measured","DaFl","10",10
"Paraiso",2024-07-20,NA,NA,"Erythraeoidea",1,"FALSE","FALSE","not measured","DaFl","10",10
"Paraiso",2024-07-20,NA,NA,"Lepismatidae",1,"FALSE","FALSE","not measured","DaFl","10",10
"Paraiso",2024-07-20,NA,NA,"Nocibiotes",2,"FALSE","FALSE","not measured","DaFl","10",10
"Paraiso",2024-07-20,NA,NA,"Oxyopes",1,"FALSE","FALSE","not measured","DaFl","10",10
"Paraiso",2024-07-20,NA,NA,"Pogonomyrmex",1,"FALSE","FALSE","not measured","DaFl","10",10
"Paraiso",2024-07-20,NA,NA,"Solenopsis xyloni",4,"FALSE","FALSE","not measured","DaFl","10",10
"Paraiso",2024-07-20,NA,NA,"Tetramorium",1,"FALSE","FALSE","not measured","DaFl","10",10
"Paraiso",2024-10-25,NA,"empty_trap",NA,NA,NA,NA,NA,NA,"1",10
"Paraiso",2024-10-25,NA,NA,"Paravaejovis spinigerus",1,"FALSE","FALSE","not measured","DaFl","2",10
"Paraiso",2024-10-25,NA,NA,"Pheidole desertorum",1,"FALSE","FALSE","not measured","DaFl","2",10
"Paraiso",2024-10-25,NA,NA,"Bdellidae",1,"FALSE","FALSE","not measured","DaFl","3",10
"Paraiso",2024-10-25,NA,NA,"Crematogaster",1,"FALSE","FALSE","not measured","DaFl","3",10
"Paraiso",2024-10-25,NA,NA,"Forelius",1,"FALSE","FALSE","not measured","DaFl","3",10
"Paraiso",2024-10-25,NA,NA,"Meinertellidae",2,"FALSE","FALSE","not measured","DaFl","3",10
"Paraiso",2024-10-25,NA,NA,"Termitidae",1,"FALSE","FALSE","not measured","DaFl","3",10
"Paraiso",2024-10-25,NA,NA,"Tetramorium",5,"FALSE","FALSE","not measured","DaFl","3",10
"Paraiso",2024-10-25,NA,NA,"Lepismatidae",1,"FALSE","FALSE","not measured","DaFl","4",10
"Paraiso",2024-10-25,NA,NA,"Tetramorium",1,"FALSE","FALSE","not measured","DaFl","4",10
"Paraiso",2024-10-25,NA,NA,"Bruchinae",1,"FALSE","FALSE","not measured","DaFl","5",10
"Paraiso",2024-10-25,NA,NA,"Camponotus",2,"FALSE","FALSE","not measured","DaFl","5",10
"Paraiso",2024-10-25,NA,NA,"Pheidole desertorum",1,"FALSE","FALSE","not measured","DaFl","5",10
"Paraiso",2024-10-25,NA,NA,"Lepismatidae",1,"FALSE","FALSE","not measured","DaFl","6",10
"Paraiso",2024-10-25,NA,NA,"Lepismatidae",2,"FALSE","FALSE","not measured","DaFl","7",10
"Paraiso",2024-10-25,NA,NA,"Tetramorium",2,"FALSE","FALSE","not measured","DaFl","7",10
"Paraiso",2024-10-25,NA,"empty_trap",NA,NA,NA,NA,NA,NA,"8",10
"Paraiso",2024-10-25,NA,NA,"Ammotrechidae",3,"FALSE","FALSE","not measured","DaFl","9",10
"Paraiso",2024-10-25,NA,NA,"Arenivaga",1,"FALSE","FALSE","not measured","DaFl","10",10
"Paraiso",2024-10-25,NA,NA,"Habronattus",1,"FALSE","FALSE","not measured","DaFl","10",10
"Paraiso",2024-10-25,NA,NA,"Tetramorium",1,"FALSE","FALSE","not measured","DaFl","10",10
"Paraiso",2025-01-20,NA,"empty_trap",NA,NA,NA,NA,NA,NA,"1",10
"Paraiso",2025-01-20,NA,"empty_trap",NA,NA,NA,NA,NA,NA,"2",10
"Paraiso",2025-01-20,NA,NA,"Tetramorium",2,"FALSE","FALSE","not measured","DaFl","3",10
"Paraiso",2025-01-20,NA,"empty_trap",NA,NA,NA,NA,NA,NA,"4",10
"Paraiso",2025-01-20,NA,"empty_trap",NA,NA,NA,NA,NA,NA,"5",10
"Paraiso",2025-01-20,NA,"empty_trap",NA,NA,NA,NA,NA,NA,"6",10
"Paraiso",2025-01-20,NA,"empty_trap",NA,NA,NA,NA,NA,NA,"7",10
"Paraiso",2025-01-20,NA,"empty_trap",NA,NA,NA,NA,NA,NA,"8",10
"Paraiso",2025-01-20,NA,NA,"Ammotrechidae",1,"FALSE","FALSE","not measured","DaFl","9",10
"Paraiso",2025-01-20,NA,NA,"Chyphotes",1,"FALSE","FALSE","not measured","DaFl","10",10
"Prospector",2012-03-02,NA,NA,"Acari",1,NA,NA,"not measured","ChAl","1",10
"Prospector",2012-03-02,NA,NA,"Opiliones",4,NA,NA,"not measured","ChAl","1",10
"Prospector",2012-03-02,NA,NA,"Acari",6,NA,NA,"not measured","ChAl","2",10
"Prospector",2012-03-02,NA,NA,"Braconidae",2,NA,NA,"not measured","ChAl","2",10
"Prospector",2012-03-02,NA,NA,"Camponotus",2,NA,NA,"not measured","ChAl","2",10
"Prospector",2012-03-02,NA,NA,"Cicadellidae",2,"TRUE",NA,"not measured","ChAl","2",10
"Prospector",2012-03-02,NA,NA,"Coccoidea",1,NA,NA,"not measured","ChAl","2",10
"Prospector",2012-03-02,NA,NA,"Solenopsis xyloni",51,NA,NA,"not measured","ChAl","2",10
"Prospector",2012-03-02,"no arthropods","empty_trap",NA,NA,NA,NA,NA,NA,"3",10
"Prospector",2012-03-02,NA,NA,"Acari",5,NA,NA,"not measured","ChAl","4",10
"Prospector",2012-03-02,NA,NA,"Braconidae",1,NA,NA,"not measured","ChAl","4",10
"Prospector",2012-03-02,NA,NA,"Psilochorus",1,NA,NA,"not measured","ChAl","4",10
"Prospector",2012-03-02,NA,NA,"Acari",6,NA,NA,"not measured","ChAl","5",10
"Prospector",2012-03-02,NA,NA,"Cicadellidae",1,"TRUE",NA,"not measured","ChAl","5",10
"Prospector",2012-03-02,NA,NA,"Opiliones",1,NA,NA,"not measured","ChAl","5",10
"Prospector",2012-03-02,"No Arthropods","empty_trap",NA,NA,NA,NA,NA,NA,"6",10
"Prospector",2012-03-02,NA,NA,"Acari",7,NA,NA,"not measured","ChAl","7",10
"Prospector",2012-03-02,NA,NA,"Agroeca",1,NA,NA,"not measured","ChAl","7",10
"Prospector",2012-03-02,NA,NA,"Lepidoptera",1,"TRUE",NA,"not measured","ChAl","7",10
"Prospector",2012-03-02,NA,NA,"Opiliones",1,NA,NA,"not measured","ChAl","7",10
"Prospector",2012-03-02,NA,NA,"Acari",2,NA,NA,"not measured","ChAl","8",10
"Prospector",2012-03-02,NA,NA,"Ceratagallia (Aceratagallia)",1,NA,NA,"not measured","ChAl","8",10
"Prospector",2012-03-02,NA,NA,"Crematogaster",1,NA,NA,"not measured","ChAl","8",10
"Prospector",2012-03-02,NA,NA,"Solenopsis xyloni",6,NA,NA,"not measured","ChAl","8",10
"Prospector",2012-03-02,NA,NA,"Xysticus",2,NA,NA,"not measured","ChAl","8",10
"Prospector",2012-03-02,NA,NA,"Acari",4,NA,NA,"not measured","ChAl","9",10
"Prospector",2012-03-02,NA,NA,"Lepidoptera",1,"TRUE",NA,"not measured","ChAl","9",10
"Prospector",2012-03-02,NA,NA,"Lepismatidae",1,NA,NA,"not measured","ChAl","9",10
"Prospector",2012-03-02,NA,NA,"Opiliones",1,NA,NA,"not measured","ChAl","9",10
"Prospector",2012-03-02,NA,NA,"Phoridae",1,NA,NA,"not measured","ChAl","9",10
"Prospector",2012-03-02,"No Arthropods","empty_trap",NA,NA,NA,NA,NA,NA,"10",10
"Prospector",2012-04-27,"All traps had some water from rain the previous day.",NA,"Acari",6,NA,NA,"not measured","ChAl","1",10
"Prospector",2012-04-27,"All traps had some water from rain the previous day.",NA,"Cecidomyiidae",1,NA,NA,"not measured","ChAl","1",10
"Prospector",2012-04-27,"All traps had some water from rain the previous day.",NA,"Diptera",1,NA,NA,"not measured","ChAl","1",10
"Prospector",2012-04-27,"All traps had some water from rain the previous day.",NA,"Drassyllus",1,NA,NA,"not measured","ChAl","1",10
"Prospector",2012-04-27,"All traps had some water from rain the previous day.",NA,"Entomobryidae",14,NA,NA,"not measured","ChAl","1",10
"Prospector",2012-04-27,"All traps had some water from rain the previous day.",NA,"Forelius pruinosus",9,NA,NA,"not measured","ChAl","1",10
"Prospector",2012-04-27,"All traps had some water from rain the previous day.",NA,"Lepismatidae",1,NA,NA,"not measured","ChAl","1",10
"Prospector",2012-04-27,"All traps had some water from rain the previous day.",NA,"Linyphiidae",1,NA,NA,"not measured","ChAl","1",10
"Prospector",2012-04-27,"All traps had some water from rain the previous day.",NA,"Meinertellidae",3,NA,NA,"not measured","ChAl","1",10
"Prospector",2012-04-27,"All traps had some water from rain the previous day.",NA,"Scaphiella",1,NA,NA,"not measured","ChAl","1",10
"Prospector",2012-04-27,"All traps had some water from rain the previous day.",NA,"Scelionidae",1,NA,NA,"not measured","ChAl","1",10
"Prospector",2012-04-27,"All traps had some water from rain the previous day.",NA,"Sminthuridae",1,NA,NA,"not measured","ChAl","1",10
"Prospector",2012-04-27,"All traps had some water from the rain the previous day.",NA,"Entomobryidae",4,NA,NA,"not measured","ChAl","2",10
"Prospector",2012-04-27,"All traps had some water from the rain the previous day.",NA,"Lepismatidae",1,NA,NA,"not measured","ChAl","2",10
"Prospector",2012-04-27,"All traps had some water from the rain the previous day.",NA,"Sminthuridae",5,NA,NA,"not measured","ChAl","2",10
"Prospector",2012-04-27,"All traps had some water from the rain the previous day.",NA,"Solenopsis xyloni",1,NA,NA,"not measured","ChAl","2",10
"Prospector",2012-04-27,"All traps had some water from the rain the previous day.",NA,"Cecidomyiidae",1,NA,NA,"not measured","ChAl","3",10
"Prospector",2012-04-27,"All traps had some water from the rain the previous day.",NA,"Entomobryidae",1,NA,NA,"not measured","ChAl","3",10
"Prospector",2012-04-27,"All traps had some water from the rain the previous day.",NA,"Forelius pruinosus",2,NA,NA,"not measured","ChAl","3",10
"Prospector",2012-04-27,"All traps had some water from the rain the previous day.",NA,"Meinertellidae",1,NA,NA,"not measured","ChAl","3",10
"Prospector",2012-04-27,"All traps had some water from the rain the previous day.",NA,"Sminthuridae",5,NA,NA,"not measured","ChAl","3",10
"Prospector",2012-04-27,"All traps had some water from the rain the previous day.",NA,"Cecidomyiidae",2,NA,NA,"not measured","ChAl","4",10
"Prospector",2012-04-27,"All traps had some water from the rain the previous day.",NA,"Meinertellidae",11,NA,NA,"not measured","ChAl","4",10
"Prospector",2012-04-27,"All traps had some water from the rain the previous day.",NA,"Sminthuridae",1,NA,NA,"not measured","ChAl","4",10
"Prospector",2012-04-27,"All traps had some water from the rain the previous day.",NA,"Cecidomyiidae",3,NA,NA,"not measured","ChAl","5",10
"Prospector",2012-04-27,"All traps had some water from the rain the previous day.",NA,"Lepismatidae",1,NA,NA,"not measured","ChAl","5",10
"Prospector",2012-04-27,"All traps had some water from the rain the previous day.",NA,"Meinertellidae",1,NA,NA,"not measured","ChAl","5",10
"Prospector",2012-04-27,"All traps had some water from the rain the previous day.",NA,"Sminthuridae",3,NA,NA,"not measured","ChAl","5",10
"Prospector",2012-04-27,"All traps had some water from the rain the previous day.",NA,"Acari",1,NA,NA,"not measured","ChAl","6",10
"Prospector",2012-04-27,"All traps had some water from the rain the previous day.",NA,"Cecidomyiidae",1,NA,NA,"not measured","ChAl","6",10
"Prospector",2012-04-27,"All traps had some water from the rain the previous day.",NA,"Forelius pruinosus",1,NA,NA,"not measured","ChAl","6",10
"Prospector",2012-04-27,"All traps had some water from the rain the previous day.",NA,"Lepismatidae",1,NA,NA,"not measured","ChAl","6",10
"Prospector",2012-04-27,"All traps had some water from the rain the previous day.",NA,"Meinertellidae",1,NA,NA,"not measured","ChAl","6",10
"Prospector",2012-04-27,"All traps had some water from the rain the previous day.",NA,"Monomorium",1,NA,NA,"not measured","ChAl","6",10
"Prospector",2012-04-27,"All traps had some water from the rain the previous day.",NA,"Mutillidae",1,NA,NA,"not measured","ChAl","6",10
"Prospector",2012-04-27,"All traps had some water from the rain the previous day.",NA,"Pheidole xerophila",16,NA,NA,"not measured","ChAl","6",10
"Prospector",2012-04-27,"All traps had some water from the rain the previous day.",NA,"Sminthuridae",4,NA,NA,"not measured","ChAl","6",10
"Prospector",2012-04-27,"All traps had some water from the rain the previous day.",NA,"Bombyliidae",1,NA,NA,"not measured","ChAl","7",10
"Prospector",2012-04-27,"All traps had some water from the rain the previous day.",NA,"Cecidomyiidae",1,NA,NA,"not measured","ChAl","7",10
"Prospector",2012-04-27,"All traps had some water from the rain the previous day.",NA,"Crematogaster",1,NA,NA,"not measured","ChAl","7",10
"Prospector",2012-04-27,"All traps had some water from the rain the previous day.",NA,"Entomobryidae",1,NA,NA,"not measured","ChAl","7",10
"Prospector",2012-04-27,"All traps had some water from the rain the previous day.",NA,"Forelius pruinosus",23,NA,NA,"not measured","ChAl","7",10
"Prospector",2012-04-27,"All traps had some water from the rain the previous day.",NA,"Pheidole desertorum",1,NA,NA,"not measured","ChAl","7",10
"Prospector",2012-04-27,"All traps had some water from the rain the previous day.",NA,"Sminthuridae",2,NA,NA,"not measured","ChAl","7",10
"Prospector",2012-04-27,"All traps had some water from the rain the previous day.",NA,"Acari",3,NA,NA,"not measured","ChAl","8",10
"Prospector",2012-04-27,"All traps had some water from the rain the previous day.",NA,"Cecidomyiidae",1,NA,NA,"not measured","ChAl","8",10
"Prospector",2012-04-27,"All traps had some water from the rain the previous day.",NA,"Forelius pruinosus",5,NA,NA,"not measured","ChAl","8",10
"Prospector",2012-04-27,"All traps had some water from the rain the previous day.",NA,"Meinertellidae",2,NA,NA,"not measured","ChAl","8",10
"Prospector",2012-04-27,"All traps had some water from the rain the previous day.",NA,"Psilochorus",1,NA,NA,"not measured","ChAl","8",10
"Prospector",2012-04-27,"All traps had some water from the rain the previous day.",NA,"Sminthuridae",2,NA,NA,"not measured","ChAl","8",10
"Prospector",2012-04-27,"All traps had some water from the rain the previous day.",NA,"Solenopsis xyloni",1,NA,NA,"not measured","ChAl","8",10
"Prospector",2012-04-27,"All traps had some water from the rain the previous day.",NA,"Tarsonops",1,NA,NA,"not measured","ChAl","8",10
"Prospector",2012-04-27,"All traps had some water from the rain the previous day.",NA,"Acari",1,NA,NA,"not measured","ChAl","9",10
"Prospector",2012-04-27,"All traps had some water from the rain the previous day.",NA,"Cecidomyiidae",2,NA,NA,"not measured","ChAl","9",10
"Prospector",2012-04-27,"All traps had some water from the rain the previous day.",NA,"Cicadellidae",1,"TRUE",NA,"not measured","ChAl","9",10
"Prospector",2012-04-27,"All traps had some water from the rain the previous day.",NA,"Crematogaster",5,NA,NA,"not measured","ChAl","9",10
"Prospector",2012-04-27,"All traps had some water from the rain the previous day.",NA,"Emblethis",1,NA,NA,"not measured","ChAl","9",10
"Prospector",2012-04-27,"All traps had some water from the rain the previous day.",NA,"Forelius pruinosus",14,NA,NA,"not measured","ChAl","9",10
"Prospector",2012-04-27,"All traps had some water from the rain the previous day.",NA,"Gryllidae",1,"TRUE",NA,"not measured","ChAl","9",10
"Prospector",2012-04-27,"All traps had some water from the rain the previous day.",NA,"Meinertellidae",3,NA,NA,"not measured","ChAl","9",10
"Prospector",2012-04-27,"All traps had some water from the rain the previous day.",NA,"Pheidole",1,NA,NA,"not measured","ChAl","9",10
"Prospector",2012-04-27,"All traps had some water from the rain the previous day.",NA,"Sminthuridae",4,NA,NA,"not measured","ChAl","9",10
"Prospector",2012-04-27,"All traps had some water from the rain the previous day.",NA,"Solenopsis xyloni",1,NA,NA,"not measured","ChAl","9",10
"Prospector",2012-04-27,"All traps had some water from the rain the previous day.",NA,"Solifugae",1,NA,NA,"not measured","ChAl","9",10
"Prospector",2012-04-27,"All traps had some water from the rain the previous day.",NA,"Termitidae",1,NA,NA,"not measured","ChAl","9",10
"Prospector",2012-04-27,"All traps had some water from the rain the previous day.",NA,"Tetramorium",2,NA,NA,"not measured","ChAl","9",10
"Prospector",2012-04-27,"All traps had some water from the rain the previous day.",NA,"Camponotus",1,NA,NA,"not measured","ChAl","10",10
"Prospector",2012-04-27,"All traps had some water from the rain the previous day.",NA,"Forelius pruinosus",2,NA,NA,"not measured","ChAl","10",10
"Prospector",2012-04-27,"All traps had some water from the rain the previous day.",NA,"Sminthuridae",6,NA,NA,"not measured","ChAl","10",10
"Prospector",2012-07-26,NA,NA,"Acari",7,NA,NA,"not measured","ChAl","1",7
"Prospector",2012-07-26,NA,NA,"Camponotus",1,NA,NA,"not measured","ChAl","1",7
"Prospector",2012-07-26,NA,NA,"Coccoidea",1,NA,NA,"not measured","ChAl","1",7
"Prospector",2012-07-26,NA,NA,"Forelius pruinosus",8,NA,NA,"not measured","ChAl","1",7
"Prospector",2012-07-26,NA,NA,"Mythicomyia",1,NA,NA,"not measured","ChAl","1",7
"Prospector",2012-07-26,NA,NA,"Pogonomyrmex",1,NA,NA,"not measured","ChAl","1",7
"Prospector",2012-07-26,NA,NA,"Psilochorus",1,NA,NA,"not measured","ChAl","1",7
"Prospector",2012-07-26,NA,NA,"Mantodea",1,"TRUE",NA,"not measured","ChAl","2",7
"Prospector",2012-07-26,"Not Collected","trap_not_collected",NA,NA,NA,NA,NA,NA,"3",7
"Prospector",2012-07-26,"Not Collected","trap_not_collected",NA,NA,NA,NA,NA,NA,"4",7
"Prospector",2012-07-26,NA,NA,"Acari",2,NA,NA,"not measured","ChAl","5",7
"Prospector",2012-07-26,NA,NA,"Coleoptera",1,"TRUE",NA,"not measured","ChAl","5",7
"Prospector",2012-07-26,"Not Collected.","trap_not_collected",NA,NA,NA,NA,NA,NA,"6",7
"Prospector",2012-07-26,"No arthropods.","empty_trap",NA,NA,NA,NA,NA,NA,"7",7
"Prospector",2012-07-26,"No arthropods.","empty_trap",NA,NA,NA,NA,NA,NA,"8",7
"Prospector",2012-07-26,NA,NA,"Pogonomyrmex",2,NA,NA,"not measured","ChAl","9",7
"Prospector",2012-07-26,NA,NA,"Psilochorus",1,NA,NA,"not measured","ChAl","9",7
"Prospector",2012-07-26,NA,NA,"Selenophorus",1,NA,NA,"between 5 and 10 mm","ChAl","9",7
"Prospector",2012-07-26,NA,NA,"Solenopsis xyloni",19,NA,NA,"not measured","ChAl","9",7
"Prospector",2012-07-26,NA,NA,"Acari",2,NA,NA,"not measured","ChAl","10",7
"Prospector",2012-07-26,NA,NA,"Mantodea",1,"TRUE",NA,"not measured","ChAl","10",7
"Prospector",2012-11-08,NA,NA,"Entomobryidae",2,NA,NA,"not measured","ChAl","1",10
"Prospector",2012-11-08,"no arthropods","empty_trap",NA,NA,NA,NA,NA,NA,"2",10
"Prospector",2012-11-08,NA,NA,"Entomobryidae",1,NA,NA,"not measured","ChAl","3",10
"Prospector",2012-11-08,NA,NA,"Meinertellidae",1,NA,NA,"not measured","ChAl","3",10
"Prospector",2012-11-08,NA,NA,"Oxyopes",1,NA,NA,"not measured","ChAl","3",10
"Prospector",2012-11-08,NA,NA,"Solenopsis xyloni",14,NA,NA,"not measured","ChAl","3",10
"Prospector",2012-11-08,NA,NA,"Entomobryidae",18,NA,NA,"not measured","ChAl","4",10
"Prospector",2012-11-08,NA,NA,"Habronattus",1,NA,NA,"not measured","ChAl","4",10
"Prospector",2012-11-08,NA,NA,"Lepismatidae",1,NA,NA,"not measured","ChAl","4",10
"Prospector",2012-11-08,NA,NA,"Pheidole desertorum",1,NA,NA,"not measured","ChAl","4",10
"Prospector",2012-11-08,NA,NA,"Solenopsis xyloni",9,NA,NA,"not measured","ChAl","4",10
"Prospector",2012-11-08,NA,NA,"Termitidae",1,NA,NA,"not measured","ChAl","4",10
"Prospector",2012-11-08,NA,NA,"Erythraeidae",2,NA,NA,"not measured","ChAl","5",10
"Prospector",2012-11-08,NA,NA,"Erythraeidae",2,NA,NA,"not measured","ChAl","6",10
"Prospector",2012-11-08,NA,NA,"Crematogaster",27,NA,NA,"not measured","ChAl","7",10
"Prospector",2012-11-08,NA,NA,"Forelius pruinosus",1,NA,NA,"not measured","ChAl","7",10
"Prospector",2012-11-08,NA,NA,"Pheidole desertorum",15,NA,NA,"not measured","ChAl","7",10
"Prospector",2012-11-08,NA,NA,"Pheidole xerophila",1,NA,NA,"not measured","ChAl","7",10
"Prospector",2012-11-08,NA,NA,"Psilochorus",1,NA,NA,"not measured","ChAl","7",10
"Prospector",2012-11-08,NA,NA,"Xysticus",1,NA,NA,"not measured","ChAl","7",10
"Prospector",2012-11-08,NA,NA,"Psocodea",1,"TRUE",NA,"not measured","ChAl","8",10
"Prospector",2012-11-08,NA,NA,"Cononotus",1,NA,NA,"not measured","ChAl","9",10
"Prospector",2012-11-08,NA,NA,"Crematogaster",1,NA,NA,"not measured","ChAl","9",10
"Prospector",2012-11-08,NA,NA,"Erythraeidae",2,NA,NA,"not measured","ChAl","9",10
"Prospector",2012-11-08,NA,NA,"Homalonychus",1,NA,NA,"not measured","ChAl","9",10
"Prospector",2012-11-08,NA,NA,"Pheidole",1,NA,NA,"not measured","ChAl","9",10
"Prospector",2012-11-08,NA,NA,"Pheidole desertorum",1,NA,NA,"not measured","ChAl","9",10
"Prospector",2012-11-08,NA,NA,"Solenopsis xyloni",3,NA,NA,"not measured","ChAl","9",10
"Prospector",2012-11-08,NA,NA,"Tetramorium",1,NA,NA,"not measured","ChAl","9",10
"Prospector",2012-11-08,NA,NA,"Cononotus",1,NA,NA,"not measured","ChAl","10",10
"Prospector",2012-11-08,NA,NA,"Erythraeidae",1,NA,NA,"not measured","ChAl","10",10
"Prospector",2013-02-28,NA,NA,"Drassyllus",1,NA,NA,"not measured","ChAl","1",10
"Prospector",2013-02-28,NA,NA,"Isotomidae",17,NA,NA,"not measured","ChAl","1",10
"Prospector",2013-02-28,NA,NA,"Linyphiidae",1,NA,NA,"not measured","ChAl","1",10
"Prospector",2013-02-28,NA,NA,"Opiliones",1,NA,NA,"not measured","ChAl","1",10
"Prospector",2013-02-28,NA,NA,"Cononotus",1,NA,NA,"not measured","ChAl","2",10
"Prospector",2013-02-28,NA,NA,"Erythraeidae",2,NA,NA,"not measured","ChAl","2",10
"Prospector",2013-02-28,NA,NA,"Isotomidae",1,NA,NA,"not measured","ChAl","2",10
"Prospector",2013-02-28,NA,NA,"Phyllotreta",1,NA,NA,"not measured","ChAl","2",10
"Prospector",2013-02-28,NA,NA,"Solenopsis xyloni",3,NA,NA,"not measured","ChAl","2",10
"Prospector",2013-02-28,NA,NA,"Alopecosa",1,NA,NA,"not measured","ChAl","3",10
"Prospector",2013-02-28,NA,NA,"Isotomidae",25,NA,NA,"not measured","ChAl","3",10
"Prospector",2013-02-28,NA,NA,"Sciaridae",1,NA,NA,"not measured","ChAl","3",10
"Prospector",2013-02-28,NA,NA,"Sminthuridae",1,NA,NA,"not measured","ChAl","3",10
"Prospector",2013-02-28,NA,NA,"Solenopsis xyloni",1,NA,NA,"not measured","ChAl","3",10
"Prospector",2013-02-28,NA,NA,"Erythraeidae",1,NA,NA,"not measured","ChAl","4",10
"Prospector",2013-02-28,NA,NA,"Isotomidae",2,NA,NA,"not measured","ChAl","4",10
"Prospector",2013-02-28,NA,NA,"Lepidoptera",1,"TRUE",NA,"not measured","ChAl","4",10
"Prospector",2013-02-28,NA,NA,"Isotomidae",2,NA,NA,"not measured","ChAl","5",10
"Prospector",2013-02-28,NA,NA,"Sminthuridae",1,NA,NA,"not measured","ChAl","5",10
"Prospector",2013-02-28,NA,NA,"Solenopsis",1,NA,NA,"not measured","ChAl","5",10
"Prospector",2013-02-28,NA,NA,"Erythraeidae",1,NA,NA,"not measured","ChAl","6",10
"Prospector",2013-02-28,NA,NA,"Opiliones",1,NA,NA,"not measured","ChAl","6",10
"Prospector",2013-02-28,NA,NA,"Sminthuridae",1,NA,NA,"not measured","ChAl","6",10
"Prospector",2013-02-28,"No arthropods","empty_trap",NA,NA,NA,NA,NA,NA,"7",10
"Prospector",2013-02-28,NA,NA,"Hypogastruridae",1,NA,NA,"not measured","ChAl","8",10
"Prospector",2013-02-28,NA,NA,"Sminthuridae",1,NA,NA,"not measured","ChAl","8",10
"Prospector",2013-02-28,NA,NA,"Bdellidae",1,NA,NA,"not measured","ChAl","9",10
"Prospector",2013-02-28,NA,NA,"Erythraeidae",2,NA,NA,"not measured","ChAl","9",10
"Prospector",2013-02-28,NA,NA,"Isotomidae",3,NA,NA,"not measured","ChAl","9",10
"Prospector",2013-02-28,NA,NA,"Sciaridae",1,NA,NA,"not measured","ChAl","9",10
"Prospector",2013-02-28,NA,NA,"Erythraeidae",1,NA,NA,"not measured","ChAl","10",10
"Prospector",2013-02-28,NA,NA,"Isotomidae",2,NA,NA,"not measured","ChAl","10",10
"Prospector",2013-02-28,NA,NA,"Linyphiidae",1,NA,NA,"not measured","ChAl","10",10
"Prospector",2013-02-28,NA,NA,"Ptomaphagus",1,NA,NA,"not measured","ChAl","10",10
"Prospector",2013-04-11,"water in jar",NA,"Aphididae",5,NA,NA,"not measured","ChAl","1",10
"Prospector",2013-04-11,"water in jar",NA,"Camponotus",1,NA,NA,"not measured","ChAl","1",10
"Prospector",2013-04-11,"water in jar",NA,"Cicadellidae",3,"TRUE",NA,"not measured","ChAl","1",10
"Prospector",2013-04-11,"water in jar",NA,"Entomobryidae",6,NA,NA,"not measured","ChAl","1",10
"Prospector",2013-04-11,"water in jar",NA,"Henicopidae",1,NA,NA,"not measured","ChAl","1",10
"Prospector",2013-04-11,"water in jar",NA,"Lepismatidae",1,NA,NA,"not measured","ChAl","1",10
"Prospector",2013-04-11,"water in jar",NA,"Opiliones",1,NA,NA,"not measured","ChAl","1",10
"Prospector",2013-04-11,"water in jar",NA,"Sminthuridae",2,NA,NA,"not measured","ChAl","1",10
"Prospector",2013-04-11,"water in jar",NA,"Solenopsis xyloni",1,NA,NA,"not measured","ChAl","1",10
"Prospector",2013-04-11,"water in jar",NA,"Aphididae",6,NA,NA,"not measured","ChAl","2",10
"Prospector",2013-04-11,"water in jar",NA,"Camponotus",1,NA,NA,"not measured","ChAl","2",10
"Prospector",2013-04-11,"water in jar",NA,"Cicadellidae",8,"TRUE",NA,"not measured","ChAl","2",10
"Prospector",2013-04-11,"water in jar",NA,"Delphacidae",1,NA,NA,"not measured","ChAl","2",10
"Prospector",2013-04-11,"water in jar",NA,"Drassyllus",2,NA,NA,"not measured","ChAl","2",10
"Prospector",2013-04-11,"water in jar",NA,"Entomobryidae",17,NA,NA,"not measured","ChAl","2",10
"Prospector",2013-04-11,"water in jar",NA,"Meinertellidae",1,NA,NA,"not measured","ChAl","2",10
"Prospector",2013-04-11,"water in jar",NA,"Micaria",1,NA,NA,"not measured","ChAl","2",10
"Prospector",2013-04-11,"water in jar",NA,"Miridae",1,"TRUE",NA,"not measured","ChAl","2",10
"Prospector",2013-04-11,"water in jar",NA,"Psilochorus",1,NA,NA,"not measured","ChAl","2",10
"Prospector",2013-04-11,"water in jar",NA,"Psyllidae",1,NA,NA,"not measured","ChAl","2",10
"Prospector",2013-04-11,"water in jar",NA,"Scelionidae",1,NA,NA,"not measured","ChAl","2",10
"Prospector",2013-04-11,"water in jar",NA,"Sminthuridae",8,NA,NA,"not measured","ChAl","2",10
"Prospector",2013-04-11,"water in jar",NA,"Solenopsis xyloni",9,NA,NA,"not measured","ChAl","2",10
"Prospector",2013-04-11,"water in jar",NA,"Araneidae",1,NA,NA,"not measured","ChAl","3",10
"Prospector",2013-04-11,"water in jar",NA,"Cicadellidae",10,"TRUE",NA,"not measured","ChAl","3",10
"Prospector",2013-04-11,"water in jar",NA,"Entomobryidae",34,NA,NA,"not measured","ChAl","3",10
"Prospector",2013-04-11,"water in jar",NA,"Monomorium",2,NA,NA,"not measured","ChAl","3",10
"Prospector",2013-04-11,"water in jar",NA,"Psilochorus",1,NA,NA,"not measured","ChAl","3",10
"Prospector",2013-04-11,"water in jar",NA,"Solenopsis xyloni",5,NA,NA,"not measured","ChAl","3",10
"Prospector",2013-04-11,NA,NA,"Cicadellidae",6,"TRUE",NA,"not measured","ChAl","4",10
"Prospector",2013-04-11,NA,NA,"Drassyllus",1,NA,NA,"not measured","ChAl","4",10
"Prospector",2013-04-11,NA,NA,"Entomobryidae",7,NA,NA,"not measured","ChAl","4",10
"Prospector",2013-04-11,NA,NA,"Miridae",1,"TRUE",NA,"not measured","ChAl","4",10
"Prospector",2013-04-11,NA,NA,"Nabidae",1,NA,NA,"not measured","ChAl","4",10
"Prospector",2013-04-11,NA,NA,"Scelionidae",1,NA,NA,"not measured","ChAl","4",10
"Prospector",2013-04-11,NA,NA,"Sminthuridae",5,NA,NA,"not measured","ChAl","4",10
"Prospector",2013-04-11,"water in jar",NA,"Acariformes",3,NA,NA,"not measured","ChAl","5",10
"Prospector",2013-04-11,"water in jar",NA,"Aphididae",4,NA,NA,"not measured","ChAl","5",10
"Prospector",2013-04-11,"water in jar",NA,"Apis",1,NA,"TRUE","not measured","ChAl","5",10
"Prospector",2013-04-11,"water in jar",NA,"Coleoptera",1,"TRUE",NA,"not measured","ChAl","5",10
"Prospector",2013-04-11,"water in jar",NA,"Drassyllus",2,NA,NA,"not measured","ChAl","5",10
"Prospector",2013-04-11,"water in jar",NA,"Entomobryidae",52,NA,NA,"not measured","ChAl","5",10
"Prospector",2013-04-11,"water in jar",NA,"Exitianus",2,NA,NA,"not measured","ChAl","5",10
"Prospector",2013-04-11,"water in jar",NA,"Forelius pruinosus",1,NA,NA,"not measured","ChAl","5",10
"Prospector",2013-04-11,"water in jar",NA,"Meinertellidae",2,NA,NA,"not measured","ChAl","5",10
"Prospector",2013-04-11,"water in jar",NA,"Micaria",1,NA,NA,"not measured","ChAl","5",10
"Prospector",2013-04-11,"water in jar",NA,"Pheidole desertorum",5,NA,NA,"not measured","ChAl","5",10
"Prospector",2013-04-11,"water in jar",NA,"Sminthuridae",4,NA,NA,"not measured","ChAl","5",10
"Prospector",2013-04-11,"water in jar",NA,"Solenopsis xyloni",9,NA,NA,"not measured","ChAl","5",10
"Prospector",2013-04-11,"water in jar",NA,"Aphididae",3,NA,NA,"not measured","ChAl","6",10
"Prospector",2013-04-11,"water in jar",NA,"Cicadellidae",3,"TRUE",NA,"not measured","ChAl","6",10
"Prospector",2013-04-11,"water in jar",NA,"Forelius pruinosus",4,NA,NA,"not measured","ChAl","6",10
"Prospector",2013-04-11,"water in jar",NA,"Pheidole desertorum",524,NA,NA,"not measured","ChAl","6",10
"Prospector",2013-04-11,"water in jar",NA,"Pheidole xerophila",4,NA,NA,"not measured","ChAl","6",10
"Prospector",2013-04-11,"water in jar",NA,"Sminthuridae",4,NA,NA,"not measured","ChAl","6",10
"Prospector",2013-04-11,"water in jar",NA,"Cecidomyiidae",1,NA,NA,"not measured","ChAl","7",10
"Prospector",2013-04-11,"water in jar",NA,"Crematogaster",13,NA,NA,"not measured","ChAl","7",10
"Prospector",2013-04-11,"water in jar",NA,"Exitianus",3,NA,NA,"not measured","ChAl","7",10
"Prospector",2013-04-11,"water in jar",NA,"Miridae",1,"TRUE",NA,"not measured","ChAl","7",10
"Prospector",2013-04-11,"water in jar",NA,"Pardosa",1,NA,NA,"not measured","ChAl","7",10
"Prospector",2013-04-11,"water in jar",NA,"Pheidole desertorum",1,NA,NA,"not measured","ChAl","7",10
"Prospector",2013-04-11,"water in jar",NA,"Sminthuridae",2,NA,NA,"not measured","ChAl","7",10
"Prospector",2013-04-11,"water in jar",NA,"Solenopsis xyloni",1,NA,NA,"not measured","ChAl","7",10
"Prospector",2013-04-11,"water in jar",NA,"Aphididae",1,NA,NA,"not measured","ChAl","8",10
"Prospector",2013-04-11,"water in jar",NA,"Cicadellidae",1,"TRUE",NA,"not measured","ChAl","8",10
"Prospector",2013-04-11,"water in jar",NA,"Entomobryidae",33,NA,NA,"not measured","ChAl","8",10
"Prospector",2013-04-11,"water in jar",NA,"Micaria",1,NA,NA,"not measured","ChAl","8",10
"Prospector",2013-04-11,"water in jar",NA,"Sminthuridae",5,NA,NA,"not measured","ChAl","8",10
"Prospector",2013-04-11,"water in jar",NA,"Solenopsis xyloni",4,NA,NA,"not measured","ChAl","8",10
"Prospector",2013-04-11,"water in jar",NA,"Acariformes",2,NA,NA,"not measured","ChAl","9",10
"Prospector",2013-04-11,"water in jar",NA,"Aphididae",11,NA,NA,"not measured","ChAl","9",10
"Prospector",2013-04-11,"water in jar",NA,"Braconidae",1,NA,NA,"not measured","ChAl","9",10
"Prospector",2013-04-11,"water in jar",NA,"Camponotus",1,NA,NA,"not measured","ChAl","9",10
"Prospector",2013-04-11,"water in jar",NA,"Cecidomyiidae",1,NA,NA,"not measured","ChAl","9",10
"Prospector",2013-04-11,"water in jar",NA,"Cicadellidae",4,"TRUE",NA,"not measured","ChAl","9",10
"Prospector",2013-04-11,"water in jar",NA,"Crematogaster",3,NA,NA,"not measured","ChAl","9",10
"Prospector",2013-04-11,"water in jar",NA,"Entomobryidae",5,NA,NA,"not measured","ChAl","9",10
"Prospector",2013-04-11,"water in jar",NA,"Forelius pruinosus",3,NA,NA,"not measured","ChAl","9",10
"Prospector",2013-04-11,"water in jar",NA,"Lepismatidae",1,NA,NA,"not measured","ChAl","9",10
"Prospector",2013-04-11,"water in jar",NA,"Linyphiidae",1,NA,NA,"not measured","ChAl","9",10
"Prospector",2013-04-11,"water in jar",NA,"Micaria",1,NA,NA,"not measured","ChAl","9",10
"Prospector",2013-04-11,"water in jar",NA,"Phoridae",1,NA,NA,"not measured","ChAl","9",10
"Prospector",2013-04-11,"water in jar",NA,"Phyllotreta",4,NA,NA,"not measured","ChAl","9",10
"Prospector",2013-04-11,"water in jar",NA,"Scathophagidae",2,NA,NA,"not measured","ChAl","9",10
"Prospector",2013-04-11,"water in jar",NA,"Solenopsis xyloni",41,NA,NA,"not measured","ChAl","9",10
"Prospector",2013-04-11,"water in jar",NA,"Syrphidae",3,NA,NA,"not measured","ChAl","9",10
"Prospector",2013-04-11,"water in jar",NA,"Trupanea",2,NA,NA,"not measured","ChAl","9",10
"Prospector",2013-04-11,"water in jar",NA,"Acrididae",1,"TRUE",NA,"not measured","ChAl","10",10
"Prospector",2013-04-11,"water in jar",NA,"Aphididae",5,NA,NA,"not measured","ChAl","10",10
"Prospector",2013-04-11,"water in jar",NA,"Chrysididae",1,NA,NA,"not measured","ChAl","10",10
"Prospector",2013-04-11,"water in jar",NA,"Chrysomelidae",1,"TRUE",NA,"not measured","ChAl","10",10
"Prospector",2013-04-11,"water in jar",NA,"Cicadellidae",1,"TRUE",NA,"not measured","ChAl","10",10
"Prospector",2013-04-11,"water in jar",NA,"Cononotus",1,NA,NA,"not measured","ChAl","10",10
"Prospector",2013-04-11,"water in jar",NA,"Entomobryidae",4,NA,NA,"not measured","ChAl","10",10
"Prospector",2013-04-11,"water in jar",NA,"Linyphiidae",1,NA,NA,"not measured","ChAl","10",10
"Prospector",2013-04-11,"water in jar",NA,"Psocodea",2,"TRUE",NA,"not measured","ChAl","10",10
"Prospector",2013-04-11,"water in jar",NA,"Ptomaphagus",1,NA,NA,"not measured","ChAl","10",10
"Prospector",2013-04-11,"water in jar",NA,"Sciaridae",3,NA,NA,"not measured","ChAl","10",10
"Prospector",2013-08-16,NA,NA,"Agroeca",1,NA,NA,"not measured","ChAl","1",9
"Prospector",2013-08-16,NA,NA,"Bdellidae",2,NA,NA,"not measured","ChAl","1",9
"Prospector",2013-08-16,NA,NA,"Entomobryidae",1,NA,NA,"not measured","ChAl","1",9
"Prospector",2013-08-16,NA,NA,"Tetramorium",1,NA,NA,"not measured","ChAl","1",9
"Prospector",2013-08-16,NA,NA,"Thripidae",1,NA,NA,"not measured","ChAl","1",9
"Prospector",2013-08-16,NA,NA,"Caeculidae",2,NA,NA,"not measured","ChAl","2",9
"Prospector",2013-08-16,NA,NA,"Entomobryidae",1,NA,NA,"not measured","ChAl","2",9
"Prospector",2013-08-16,NA,NA,"Solenopsis xyloni",10,NA,NA,"not measured","ChAl","2",9
"Prospector",2013-08-16,NA,NA,"Anystidae",1,NA,NA,"not measured","ChAl","3",9
"Prospector",2013-08-16,NA,NA,"Erythraeidae",1,NA,NA,"not measured","ChAl","3",9
"Prospector",2013-08-16,NA,NA,"Meinertellidae",1,NA,NA,"not measured","ChAl","3",9
"Prospector",2013-08-16,NA,NA,"Mutillidae",1,NA,NA,"not measured","ChAl","3",9
"Prospector",2013-08-16,NA,NA,"Psilochorus",1,NA,NA,"not measured","ChAl","3",9
"Prospector",2013-08-16,NA,NA,"Solenopsis xyloni",59,NA,NA,"not measured","ChAl","3",9
"Prospector",2013-08-16,NA,NA,"Entomobryidae",1,NA,NA,"not measured","ChAl","4",9
"Prospector",2013-08-16,NA,NA,"Hadrurus arizonensis",1,NA,NA,"not measured","ChAl","4",9
"Prospector",2013-08-16,"No arthropods","trap_not_collected",NA,NA,NA,NA,NA,NA,"5",9
"Prospector",2013-08-16,NA,NA,"Erythraeidae",1,NA,NA,"not measured","ChAl","6",9
"Prospector",2013-08-16,NA,NA,"Lepismatidae",1,NA,NA,"not measured","ChAl","6",9
"Prospector",2013-08-16,NA,NA,"Meinertellidae",1,NA,NA,"not measured","ChAl","6",9
"Prospector",2013-08-16,NA,NA,"Oribatida",2,NA,NA,"not measured","ChAl","6",9
"Prospector",2013-08-16,NA,NA,"Solenopsis xyloni",3,NA,NA,"not measured","ChAl","6",9
"Prospector",2013-08-16,NA,NA,"Anystidae",2,NA,NA,"not measured","ChAl","7",9
"Prospector",2013-08-16,NA,NA,"Bdellidae",1,NA,NA,"not measured","ChAl","7",9
"Prospector",2013-08-16,NA,NA,"Crematogaster",1,NA,NA,"not measured","ChAl","7",9
"Prospector",2013-08-16,NA,NA,"Lepismatidae",1,NA,NA,"not measured","ChAl","7",9
"Prospector",2013-08-16,NA,NA,"Meinertellidae",1,NA,NA,"not measured","ChAl","7",9
"Prospector",2013-08-16,NA,NA,"Mutillidae",1,NA,NA,"not measured","ChAl","7",9
"Prospector",2013-08-16,NA,NA,"Entomobryidae",1,NA,NA,"not measured","ChAl","8",9
"Prospector",2013-08-16,NA,NA,"Erythraeidae",1,NA,NA,"not measured","ChAl","8",9
"Prospector",2013-08-16,NA,NA,"Oxyopes",1,NA,NA,"not measured","ChAl","8",9
"Prospector",2013-08-16,NA,NA,"Triorophus",1,NA,NA,"between 5 and 10 mm","ChAl","8",9
"Prospector",2013-08-16,NA,NA,"Camponotus",1,NA,NA,"not measured","ChAl","9",9
"Prospector",2013-08-16,NA,NA,"Entomobryidae",3,NA,NA,"not measured","ChAl","9",9
"Prospector",2013-08-16,NA,NA,"Erythraeidae",1,NA,NA,"not measured","ChAl","9",9
"Prospector",2013-08-16,NA,NA,"Meinertellidae",3,NA,NA,"not measured","ChAl","9",9
"Prospector",2013-08-16,NA,NA,"Oxyopes",1,NA,NA,"not measured","ChAl","9",9
"Prospector",2013-08-16,NA,NA,"Pheidole",1,NA,NA,"not measured","ChAl","9",9
"Prospector",2013-08-16,NA,NA,"Pheidole desertorum",12,NA,NA,"not measured","ChAl","9",9
"Prospector",2013-08-16,NA,NA,"Solenopsis xyloni",3,NA,NA,"not measured","ChAl","9",9
"Prospector",2013-08-16,NA,NA,"Solifugae",1,NA,NA,"not measured","ChAl","9",9
"Prospector",2013-08-16,NA,NA,"Solenopsis xyloni",10,NA,NA,"not measured","ChAl","10",9
"Prospector",2013-12-06,NA,NA,"Caeculidae",3,NA,NA,"not measured","ChAl","1",10
"Prospector",2013-12-06,NA,NA,"Isotomidae",1,NA,NA,"not measured","ChAl","1",10
"Prospector",2013-12-06,NA,NA,"Solenopsis xyloni",1,NA,NA,"not measured","ChAl","1",10
"Prospector",2013-12-06,NA,NA,"Hypogastruridae",4,NA,NA,"not measured","ChAl","2",10
"Prospector",2013-12-06,NA,NA,"Isotomidae",5,NA,NA,"not measured","ChAl","2",10
"Prospector",2013-12-06,NA,NA,"Isotomidae",3,NA,NA,"not measured","ChAl","3",10
"Prospector",2013-12-06,NA,NA,"Notiophilus",1,NA,NA,"between 5 and 10 mm","ChAl","3",10
"Prospector",2013-12-06,NA,NA,"Staphylinidae",1,NA,NA,"not measured","ChAl","3",10
"Prospector",2013-12-06,NA,NA,"Isotomidae",2,NA,NA,"not measured","ChAl","4",10
"Prospector",2013-12-06,NA,NA,"Erythraeidae",1,NA,NA,"not measured","ChAl","5",10
"Prospector",2013-12-06,NA,NA,"Solenopsis xyloni",1,NA,NA,"not measured","ChAl","5",10
"Prospector",2013-12-06,NA,NA,"Erythraeidae",1,NA,NA,"not measured","ChAl","6",10
"Prospector",2013-12-06,NA,NA,"Ptomaphagus",1,NA,NA,"not measured","ChAl","6",10
"Prospector",2013-12-06,NA,NA,"Spirobolida",1,NA,NA,"not measured","ChAl","6",10
"Prospector",2013-12-06,NA,NA,"Dictyna",1,NA,NA,"not measured","ChAl","7",10
"Prospector",2013-12-06,NA,NA,"Erythraeidae",1,NA,NA,"not measured","ChAl","7",10
"Prospector",2013-12-06,NA,NA,"Fulgoroidea",1,"TRUE",NA,"not measured","ChAl","7",10
"Prospector",2013-12-06,NA,NA,"Isotomidae",5,NA,NA,"not measured","ChAl","7",10
"Prospector",2013-12-06,NA,NA,"Hypogastruridae",1,NA,NA,"not measured","ChAl","8",10
"Prospector",2013-12-06,NA,NA,"Isotomidae",5,NA,NA,"not measured","ChAl","8",10
"Prospector",2013-12-06,NA,NA,"Staphylinidae",1,NA,NA,"not measured","ChAl","8",10
"Prospector",2013-12-06,NA,NA,"Ceraticelus",1,NA,NA,"not measured","ChAl","9",10
"Prospector",2013-12-06,NA,NA,"Hypogastruridae",3,NA,NA,"not measured","ChAl","9",10
"Prospector",2013-12-06,NA,NA,"Isotomidae",5,NA,NA,"not measured","ChAl","9",10
"Prospector",2013-12-06,NA,NA,"Ptomaphagus",1,NA,NA,"not measured","ChAl","9",10
"Prospector",2013-12-06,NA,NA,"Solenopsis xyloni",1,NA,NA,"not measured","ChAl","9",10
"Prospector",2013-12-06,NA,NA,"Agroeca",1,NA,NA,"not measured","ChAl","10",10
"Prospector",2013-12-06,NA,NA,"Isotomidae",6,NA,NA,"not measured","ChAl","10",10
"Prospector",2013-12-06,NA,NA,"Opiliones",1,NA,NA,"not measured","ChAl","10",10
"Prospector",2013-12-06,NA,NA,"Psilochorus",1,NA,NA,"not measured","ChAl","10",10
"Prospector",2014-02-24,NA,NA,"Hypogastruridae",1,NA,NA,"not measured","RoOr","1",10
"Prospector",2014-02-24,NA,NA,"Sminthuridae",2,NA,NA,"not measured","RoOr","1",10
"Prospector",2014-02-24,NA,NA,"Cicadellidae",1,"TRUE",NA,"not measured","RoOr","2",10
"Prospector",2014-02-24,NA,NA,"Drassyllus",1,NA,NA,"not measured","RoOr","2",10
"Prospector",2014-02-24,NA,NA,"Opiliones",1,NA,NA,"not measured","RoOr","2",10
"Prospector",2014-02-24,"Coleoptera - larva",NA,"Aphididae",2,NA,NA,"not measured","RoOr","3",10
"Prospector",2014-02-24,"Coleoptera - larva",NA,"Cicadellidae",1,"TRUE",NA,"not measured","RoOr","3",10
"Prospector",2014-02-24,"Coleoptera - larva",NA,"Coleoptera",1,"TRUE",NA,"not measured","RoOr","3",10
"Prospector",2014-02-24,"Coleoptera - larva",NA,"Entomobryidae",2,NA,NA,"not measured","RoOr","3",10
"Prospector",2014-02-24,"Coleoptera - larva",NA,"Erythraeoidea",2,NA,NA,"not measured","RoOr","3",10
"Prospector",2014-02-24,"Coleoptera - larva",NA,"Opiliones",1,NA,NA,"not measured","RoOr","3",10
"Prospector",2014-02-24,NA,NA,"Aphididae",1,NA,NA,"not measured","RoOr","4",10
"Prospector",2014-02-24,NA,NA,"Entomobryidae",1,NA,NA,"not measured","RoOr","4",10
"Prospector",2014-02-24,NA,NA,"Mycetophilidae",1,NA,NA,"not measured","RoOr","4",10
"Prospector",2014-02-24,NA,NA,"Solenopsis xyloni",1,NA,NA,"not measured","RoOr","4",10
"Prospector",2014-02-24,NA,NA,"Anystoidea",1,NA,NA,"not measured","RoOr","5",10
"Prospector",2014-02-24,NA,NA,"Chloropidae",1,NA,NA,"not measured","RoOr","5",10
"Prospector",2014-02-24,NA,NA,"Entomobryidae",1,NA,NA,"not measured","RoOr","5",10
"Prospector",2014-02-24,NA,NA,"Solenopsis xyloni",4,NA,NA,"not measured","RoOr","5",10
"Prospector",2014-02-24,NA,NA,"Cicadellidae",1,"TRUE",NA,"not measured","RoOr","6",10
"Prospector",2014-02-24,NA,NA,"Erythraeoidea",1,NA,NA,"not measured","RoOr","6",10
"Prospector",2014-02-24,NA,NA,"Opiliones",2,NA,NA,"not measured","RoOr","6",10
"Prospector",2014-02-24,NA,NA,"Erythraeoidea",1,NA,NA,"not measured","RoOr","7",10
"Prospector",2014-02-24,NA,NA,"Eusattus",1,NA,NA,"not measured","RoOr","7",10
"Prospector",2014-02-24,NA,NA,"Lepismatidae",1,NA,NA,"not measured","RoOr","7",10
"Prospector",2014-02-24,NA,NA,"Mycetophilidae",1,NA,NA,"not measured","RoOr","7",10
"Prospector",2014-02-24,"No Arthropods","empty_trap",NA,NA,NA,NA,NA,NA,"8",10
"Prospector",2014-02-24,NA,NA,"Cryptophagus",1,NA,NA,"not measured","RoOr","9",10
"Prospector",2014-02-24,NA,NA,"Entomobryidae",3,NA,NA,"not measured","RoOr","9",10
"Prospector",2014-02-24,NA,NA,"Opiliones",2,NA,NA,"not measured","RoOr","9",10
"Prospector",2014-02-24,NA,NA,"Aphididae",1,NA,NA,"not measured","RoOr","10",10
"Prospector",2014-02-24,NA,NA,"Opiliones",1,NA,NA,"not measured","RoOr","10",10
"Prospector",2014-02-24,NA,NA,"Pogonomyrmex rugosus",1,NA,NA,"not measured","RoOr","10",10
"Prospector",2014-02-24,NA,NA,"Psilochorus",1,NA,NA,"not measured","RoOr","10",10
"Prospector",2014-02-24,NA,NA,"Psocodea",1,"TRUE",NA,"not measured","RoOr","10",10
"Prospector",2014-04-14,NA,NA,"Vaejovidae",1,NA,NA,"not measured","RoOr","1",10
"Prospector",2014-04-14,NA,NA,"Anystoidea",37,NA,NA,"not measured","RoOr","2",10
"Prospector",2014-04-14,NA,NA,"Emblethis",1,NA,NA,"not measured","RoOr","2",10
"Prospector",2014-04-14,NA,NA,"Entomobryidae",1,NA,NA,"not measured","RoOr","2",10
"Prospector",2014-04-14,NA,NA,"Erythraeoidea",13,NA,NA,"not measured","RoOr","2",10
"Prospector",2014-04-14,NA,NA,"Lepismatidae",2,NA,NA,"not measured","RoOr","2",10
"Prospector",2014-04-14,NA,NA,"Meinertellidae",6,NA,NA,"not measured","RoOr","2",10
"Prospector",2014-04-14,NA,NA,"Anystoidea",49,NA,NA,"not measured","RoOr","3",10
"Prospector",2014-04-14,NA,NA,"Caeculidae",1,NA,NA,"not measured","RoOr","3",10
"Prospector",2014-04-14,NA,NA,"Cicadellidae",1,"TRUE",NA,"not measured","RoOr","3",10
"Prospector",2014-04-14,NA,NA,"Heleomyzidae",1,NA,NA,"not measured","RoOr","3",10
"Prospector",2014-04-14,NA,NA,"Lepismatidae",1,NA,NA,"not measured","RoOr","3",10
"Prospector",2014-04-14,NA,NA,"Meinertellidae",5,NA,NA,"not measured","RoOr","3",10
"Prospector",2014-04-14,NA,NA,"Nocibiotes",1,NA,NA,"between 2 and 5 mm","RoOr","3",10
"Prospector",2014-04-14,NA,NA,"Solifugae",1,NA,NA,"not measured","RoOr","3",10
"Prospector",2014-04-14,NA,NA,"Anystoidea",1,NA,NA,"not measured","RoOr","4",10
"Prospector",2014-04-14,NA,NA,"Araeoschizus",1,NA,NA,"between 2 and 5 mm","RoOr","4",10
"Prospector",2014-04-14,NA,NA,"Erythraeoidea",3,NA,NA,"not measured","RoOr","4",10
"Prospector",2014-04-14,NA,NA,"Anystoidea",9,NA,NA,"not measured","RoOr","5",10
"Prospector",2014-04-14,NA,NA,"Araneidae",1,NA,NA,"not measured","RoOr","5",10
"Prospector",2014-04-14,NA,NA,"Coccoidea",1,NA,NA,"not measured","RoOr","5",10
"Prospector",2014-04-14,NA,NA,"Erythraeoidea",2,NA,NA,"not measured","RoOr","5",10
"Prospector",2014-04-14,NA,NA,"Meinertellidae",2,NA,NA,"not measured","RoOr","5",10
"Prospector",2014-04-14,NA,NA,"Araneidae",1,NA,NA,"not measured","RoOr","6",10
"Prospector",2014-04-14,NA,NA,"Crematogaster",1,NA,NA,"not measured","RoOr","6",10
"Prospector",2014-04-14,NA,NA,"Erythraeoidea",5,NA,NA,"not measured","RoOr","6",10
"Prospector",2014-04-14,NA,NA,"Lepismatidae",2,NA,NA,"not measured","RoOr","6",10
"Prospector",2014-04-14,NA,NA,"Meinertellidae",6,NA,NA,"not measured","RoOr","6",10
"Prospector",2014-04-14,NA,NA,"Triorophus",1,NA,NA,"between 5 and 10 mm","RoOr","6",10
"Prospector",2014-04-14,NA,NA,"Anystoidea",1,NA,NA,"not measured","RoOr","7",10
"Prospector",2014-04-14,NA,NA,"Crematogaster",5,NA,NA,"not measured","RoOr","7",10
"Prospector",2014-04-14,NA,NA,"Erythraeoidea",1,NA,NA,"not measured","RoOr","7",10
"Prospector",2014-04-14,NA,NA,"Forelius pruinosus",1,NA,NA,"not measured","RoOr","7",10
"Prospector",2014-04-14,NA,NA,"Gryllidae",1,NA,NA,"not measured","RoOr","7",10
"Prospector",2014-04-14,NA,NA,"Pheidole xerophila",1,NA,NA,"not measured","RoOr","7",10
"Prospector",2014-04-14,NA,NA,"Solifugae",1,NA,NA,"not measured","RoOr","7",10
"Prospector",2014-04-14,NA,NA,"Camponotus",1,NA,NA,"not measured","RoOr","8",10
"Prospector",2014-04-14,NA,NA,"Crematogaster",1,NA,NA,"not measured","RoOr","8",10
"Prospector",2014-04-14,NA,NA,"Tetramorium",1,NA,NA,"not measured","RoOr","8",10
"Prospector",2014-04-14,NA,NA,"Triorophus",1,NA,NA,"between 5 and 10 mm","RoOr","8",10
"Prospector",2014-04-14,NA,NA,"Anystoidea",18,NA,NA,"not measured","RoOr","9",10
"Prospector",2014-04-14,NA,NA,"Cononotus",2,NA,NA,"not measured","RoOr","9",10
"Prospector",2014-04-14,NA,NA,"Forelius pruinosus",1,NA,NA,"not measured","RoOr","9",10
"Prospector",2014-04-14,NA,NA,"Meinertellidae",10,NA,NA,"not measured","RoOr","9",10
"Prospector",2014-04-14,NA,NA,"Misumenops",1,NA,NA,"not measured","RoOr","9",10
"Prospector",2014-04-14,NA,NA,"Lepismatidae",1,NA,NA,"not measured","RoOr","10",10
"Prospector",2014-04-14,NA,NA,"Mantodea",1,"TRUE",NA,"not measured","RoOr","10",10
"Prospector",2014-04-14,NA,NA,"Meinertellidae",3,NA,NA,"not measured","RoOr","10",10
"Prospector",2014-08-07,NA,NA,"Caeculidae",2,NA,NA,"not measured","RoOr","1",6
"Prospector",2014-08-07,NA,NA,"Crematogaster",1,NA,NA,"not measured","RoOr","1",6
"Prospector",2014-08-07,NA,NA,"Pogonomyrmex rugosus",3,NA,NA,"not measured","RoOr","1",6
"Prospector",2014-08-07,NA,NA,"Sminthuridae",2,NA,NA,"not measured","RoOr","1",6
"Prospector",2014-08-07,NA,NA,"Vaejovidae",1,NA,NA,"not measured","RoOr","1",6
"Prospector",2014-08-07,NA,NA,"Anystoidea",3,NA,NA,"not measured","RoOr","2",6
"Prospector",2014-08-07,NA,NA,"Caeculidae",1,NA,NA,"not measured","RoOr","2",6
"Prospector",2014-08-07,NA,NA,"Chloropidae",1,NA,NA,"not measured","RoOr","2",6
"Prospector",2014-08-07,NA,NA,"Entomobryidae",1,NA,NA,"not measured","RoOr","2",6
"Prospector",2014-08-07,NA,NA,"Erythraeoidea",6,NA,NA,"not measured","RoOr","2",6
"Prospector",2014-08-07,NA,NA,"Meinertellidae",5,NA,NA,"not measured","RoOr","2",6
"Prospector",2014-08-07,NA,NA,"Pogonomyrmex rugosus",1,NA,NA,"not measured","RoOr","2",6
"Prospector",2014-08-07,NA,NA,"Sminthuridae",4,NA,NA,"not measured","RoOr","2",6
"Prospector",2014-08-07,NA,NA,"Anystoidea",1,NA,NA,"not measured","RoOr","3",6
"Prospector",2014-08-07,NA,NA,"Bdellidae",1,NA,NA,"not measured","RoOr","3",6
"Prospector",2014-08-07,NA,NA,"Caeculidae",1,NA,NA,"not measured","RoOr","3",6
"Prospector",2014-08-07,NA,NA,"Erythraeoidea",2,NA,NA,"not measured","RoOr","3",6
"Prospector",2014-08-07,NA,NA,"Oribatida",1,NA,NA,"not measured","RoOr","3",6
"Prospector",2014-08-07,NA,NA,"Sminthuridae",2,NA,NA,"not measured","RoOr","3",6
"Prospector",2014-08-07,NA,NA,"Solenopsis xyloni",1,NA,NA,"not measured","RoOr","3",6
"Prospector",2014-08-07,NA,NA,"Vaejovidae",1,NA,NA,"not measured","RoOr","3",6
"Prospector",2014-08-07,"Not collected","trap_not_collected",NA,NA,NA,NA,NA,NA,"4",6
"Prospector",2014-08-07,NA,NA,"Bdellidae",1,NA,NA,"not measured","RoOr","5",6
"Prospector",2014-08-07,NA,NA,"Entomobryidae",1,NA,NA,"not measured","RoOr","5",6
"Prospector",2014-08-07,NA,NA,"Erythraeoidea",4,NA,NA,"not measured","RoOr","5",6
"Prospector",2014-08-07,NA,NA,"Forelius pruinosus",1,NA,NA,"not measured","RoOr","5",6
"Prospector",2014-08-07,NA,NA,"Sminthuridae",6,NA,NA,"not measured","RoOr","5",6
"Prospector",2014-08-07,NA,NA,"Solenopsis xyloni",1,NA,NA,"not measured","RoOr","5",6
"Prospector",2014-08-07,NA,NA,"Xysticus",1,NA,NA,"not measured","RoOr","5",6
"Prospector",2014-08-07,NA,NA,"Caeculidae",1,NA,NA,"not measured","RoOr","6",6
"Prospector",2014-08-07,NA,NA,"Erythraeoidea",1,NA,NA,"not measured","RoOr","6",6
"Prospector",2014-08-07,NA,NA,"Forelius pruinosus",2,NA,NA,"not measured","RoOr","6",6
"Prospector",2014-08-07,NA,NA,"Crematogaster",1,NA,NA,"not measured","RoOr","7",6
"Prospector",2014-08-07,NA,NA,"Cryptoglossa",1,NA,NA,"greater than 10 mm","RoOr","7",6
"Prospector",2014-08-07,NA,NA,"Lepismatidae",5,NA,NA,"not measured","RoOr","7",6
"Prospector",2014-08-07,NA,NA,"Meinertellidae",6,NA,NA,"not measured","RoOr","7",6
"Prospector",2014-12-08,NA,"trap_not_collected",NA,NA,NA,NA,NA,NA,"1",6
"Prospector",2014-12-08,NA,"trap_not_collected",NA,NA,NA,NA,NA,NA,"2",6
"Prospector",2014-12-08,NA,NA,"Diptera",1,"TRUE",NA,"not measured","AnDe","3",6
"Prospector",2014-12-08,NA,NA,"Hypogastruridae",5,NA,NA,"not measured","AnDe","3",6
"Prospector",2014-12-08,NA,NA,"Solenopsis",1,NA,NA,"not measured","AnDe","3",6
"Prospector",2014-12-08,NA,NA,"Diptera",1,"TRUE",NA,"not measured","AnDe","4",6
"Prospector",2014-12-08,NA,NA,"Hypogastruridae",3,NA,NA,"not measured","AnDe","4",6
"Prospector",2014-12-08,NA,NA,"Lepidoptera",1,"TRUE",NA,"not measured","AnDe","4",6
"Prospector",2014-12-08,NA,NA,"Oribatida",1,NA,NA,"not measured","AnDe","4",6
"Prospector",2014-12-08,NA,NA,"Diptera",1,"TRUE",NA,"not measured","AnDe","5",6
"Prospector",2014-12-08,NA,NA,"Drassyllus",1,NA,NA,"not measured","AnDe","5",6
"Prospector",2014-12-08,NA,NA,"Entomobryidae",2,NA,NA,"not measured","AnDe","5",6
"Prospector",2014-12-08,NA,NA,"Formicidae",1,NA,NA,"not measured","AnDe","5",6
"Prospector",2014-12-08,NA,NA,"Hypogastruridae",3,NA,NA,"not measured","AnDe","5",6
"Prospector",2014-12-08,NA,NA,"Lepidoptera",1,"TRUE",NA,"not measured","AnDe","5",6
"Prospector",2014-12-08,NA,NA,"Pheidole",1,NA,NA,"not measured","AnDe","5",6
"Prospector",2014-12-08,NA,NA,"Scelionidae",1,NA,"TRUE","not measured","AnDe","5",6
"Prospector",2014-12-08,NA,NA,"Aeolothripidae",1,NA,NA,"not measured","AnDe","6",6
"Prospector",2014-12-08,NA,NA,"Carabidae",1,NA,NA,"between 5 and 10 mm","AnDe","6",6
"Prospector",2014-12-08,NA,NA,"Chrysomelidae",1,"TRUE",NA,"not measured","AnDe","6",6
"Prospector",2014-12-08,NA,NA,"Diptera",2,"TRUE",NA,"not measured","AnDe","6",6
"Prospector",2014-12-08,NA,NA,"Entomobryidae",8,NA,NA,"not measured","AnDe","6",6
"Prospector",2014-12-08,NA,NA,"Oribatida",1,NA,NA,"not measured","AnDe","6",6
"Prospector",2014-12-08,NA,NA,"Ptomaphagus",1,NA,NA,"not measured","AnDe","6",6
"Prospector",2014-12-08,NA,NA,"Solenopsis",7,NA,NA,"not measured","AnDe","6",6
"Prospector",2014-12-08,NA,NA,"Spirobolida",1,NA,NA,"not measured","AnDe","6",6
"Prospector",2014-12-08,NA,NA,"Thripidae",1,NA,NA,"not measured","AnDe","6",6
"Prospector",2014-12-08,NA,NA,"Acari",6,NA,NA,"not measured","AnDe","7",6
"Prospector",2014-12-08,NA,NA,"Araneidae",1,NA,NA,"not measured","AnDe","7",6
"Prospector",2014-12-08,NA,NA,"Entomobryidae",2,NA,NA,"not measured","AnDe","7",6
"Prospector",2014-12-08,NA,NA,"Hypogastruridae",3,NA,NA,"not measured","AnDe","7",6
"Prospector",2014-12-08,NA,NA,"Ptomaphagus",1,NA,NA,"not measured","AnDe","7",6
"Prospector",2014-12-08,NA,NA,"Acari",5,NA,NA,"not measured","AnDe","8",6
"Prospector",2014-12-08,NA,NA,"Araneidae",1,NA,NA,"not measured","AnDe","8",6
"Prospector",2014-12-08,NA,NA,"Coccoidea",1,NA,NA,"not measured","AnDe","8",6
"Prospector",2014-12-08,NA,NA,"Dorymyrmex",1,NA,NA,"not measured","AnDe","8",6
"Prospector",2014-12-08,NA,NA,"Entomobryidae",2,NA,NA,"not measured","AnDe","8",6
"Prospector",2014-12-08,NA,NA,"Hypogastruridae",5,NA,NA,"not measured","AnDe","8",6
"Prospector",2014-12-08,NA,"trap_not_collected",NA,NA,NA,NA,NA,NA,"9",6
"Prospector",2014-12-08,NA,"trap_not_collected",NA,NA,NA,NA,NA,NA,"10",6
"Rincon",2012-03-02,NA,NA,"Acari",4,NA,NA,"not measured","ChAl","1",10
"Rincon",2012-03-02,NA,NA,"Aphididae",1,NA,NA,"not measured","ChAl","1",10
"Rincon",2012-03-02,NA,NA,"Cicadellidae",1,"TRUE",NA,"not measured","ChAl","2",10
"Rincon",2012-03-02,NA,NA,"Phytocoris",1,NA,NA,"not measured","ChAl","2",10
"Rincon",2012-03-02,NA,NA,"Acari",1,NA,NA,"not measured","ChAl","3",10
"Rincon",2012-03-02,NA,NA,"Opiliones",3,NA,NA,"not measured","ChAl","3",10
"Rincon",2012-03-02,NA,NA,"Acari",1,NA,NA,"not measured","ChAl","4",10
"Rincon",2012-03-02,NA,NA,"Aphididae",1,NA,NA,"not measured","ChAl","4",10
"Rincon",2012-03-02,NA,NA,"Eremosaprinus",1,NA,NA,"not measured","ChAl","4",10
"Rincon",2012-03-02,NA,NA,"Lepidoptera",1,"TRUE",NA,"not measured","ChAl","4",10
"Rincon",2012-03-02,NA,NA,"Phytocoris",1,NA,NA,"not measured","ChAl","4",10
"Rincon",2012-03-02,NA,NA,"Sminthuridae",1,NA,NA,"not measured","ChAl","4",10
"Rincon",2012-03-02,NA,NA,"Acari",2,NA,NA,"not measured","ChAl","5",10
"Rincon",2012-03-02,NA,NA,"Opiliones",2,NA,NA,"not measured","ChAl","6",10
"Rincon",2012-03-02,NA,NA,"Acari",1,NA,NA,"not measured","ChAl","7",10
"Rincon",2012-03-02,NA,NA,"Opiliones",1,NA,NA,"not measured","ChAl","7",10
"Rincon",2012-03-02,NA,NA,"Acari",2,NA,NA,"not measured","ChAl","8",10
"Rincon",2012-03-02,NA,NA,"Acari",2,NA,NA,"not measured","ChAl","9",10
"Rincon",2012-03-02,NA,NA,"Thanatus",1,NA,NA,"not measured","ChAl","9",10
"Rincon",2012-03-02,NA,NA,"Acari",3,NA,NA,"not measured","ChAl","10",10
"Rincon",2012-03-02,NA,NA,"Micaria",1,NA,NA,"not measured","ChAl","10",10
"Rincon",2012-03-02,NA,NA,"Oecobius",1,NA,NA,"not measured","ChAl","10",10
"Rincon",2012-04-27,"All traps had some water or were dried and crusty from rain the previous day.",NA,"Acari",1,NA,NA,"not measured","ChAl","1",10
"Rincon",2012-04-27,"All traps had some water or were dried and crusty from rain the previous day.",NA,"Forelius pruinosus",3,NA,NA,"not measured","ChAl","1",10
"Rincon",2012-04-27,"All traps had some water or were dried and crusty from rain the previous day.",NA,"Psilochorus",2,NA,NA,"not measured","ChAl","2",10
"Rincon",2012-04-27,"All traps had some water or were dried and crusty from rain the previous day.",NA,"Mutillidae",1,NA,NA,"not measured","ChAl","3",10
"Rincon",2012-04-27,"All traps had some water or were dried and crusty from rain the previous day.",NA,"Acari",1,NA,NA,"not measured","ChAl","4",10
"Rincon",2012-04-27,"All traps had some water or were dried and crusty from rain the previous day.",NA,"Acari",1,NA,NA,"not measured","ChAl","5",10
"Rincon",2012-04-27,"All traps had some water or were dried and crusty from rain the previous day.",NA,"Forelius pruinosus",2,NA,NA,"not measured","ChAl","5",10
"Rincon",2012-04-27,"All traps had some water or were dried and crusty from rain the previous day.",NA,"Pheidole",2,NA,NA,"not measured","ChAl","5",10
"Rincon",2012-04-27,"All traps had some water or were dried and crusty from rain the previous day.",NA,"Pheidole xerophila",1,NA,NA,"not measured","ChAl","5",10
"Rincon",2012-04-27,"All traps had some water or were dried and crusty from rain the previous day.",NA,"Psilochorus",1,NA,NA,"not measured","ChAl","6",10
"Rincon",2012-04-27,"All traps had some water or were dried and crusty from rain the previous day.",NA,"Acari",2,NA,NA,"not measured","ChAl","7",10
"Rincon",2012-04-27,"All traps had some water or were dried and crusty from rain the previous day.",NA,"Coccoidea",1,NA,NA,"not measured","ChAl","7",10
"Rincon",2012-04-27,"All traps had some water or were dried and crusty from rain the previous day.",NA,"Acari",1,NA,NA,"not measured","ChAl","8",10
"Rincon",2012-04-27,"All traps had some water or were dried and crusty from rain the previous day.",NA,"Forelius pruinosus",10,NA,NA,"not measured","ChAl","8",10
"Rincon",2012-04-27,"All traps had some water or were dried and crusty from rain the previous day.",NA,"Psocodea",1,"TRUE",NA,"not measured","ChAl","8",10
"Rincon",2012-04-27,"All traps had some water or were dried and crusty from rain the previous day.",NA,"Acari",3,NA,NA,"not measured","ChAl","9",10
"Rincon",2012-04-27,"All traps had some water or were dried and crusty from rain the previous day.",NA,"Forelius pruinosus",1,NA,NA,"not measured","ChAl","9",10
"Rincon",2012-04-27,"All traps had some water or were dried and crusty from rain the previous day.",NA,"Meinertellidae",1,NA,NA,"not measured","ChAl","9",10
"Rincon",2012-04-27,"All traps had some water or were dried and crusty from rain the previous day.",NA,"Oecobius",2,NA,NA,"not measured","ChAl","9",10
"Rincon",2012-04-27,"All traps had some water or were dried and crusty from rain the previous day.",NA,"Psocodea",1,"TRUE",NA,"not measured","ChAl","9",10
"Rincon",2012-04-27,"All traps had some water or were dried and crusty from rain the previous day.",NA,"Acari",1,NA,NA,"not measured","ChAl","10",10
"Rincon",2012-04-27,"All traps had some water or were dried and crusty from rain the previous day.",NA,"Forelius pruinosus",2,NA,NA,"not measured","ChAl","10",10
"Rincon",2012-04-27,"All traps had some water or were dried and crusty from rain the previous day.",NA,"Psilochorus",1,NA,NA,"not measured","ChAl","10",10
"Rincon",2012-07-26,NA,NA,"Forelius pruinosus",1,NA,NA,"not measured","ChAl","1",9
"Rincon",2012-07-26,NA,NA,"Oecobius",1,NA,NA,"not measured","ChAl","1",9
"Rincon",2012-07-26,NA,NA,"Acari",1,NA,NA,"not measured","ChAl","2",9
"Rincon",2012-07-26,NA,NA,"Lepismatidae",1,NA,NA,"not measured","ChAl","2",9
"Rincon",2012-07-26,"Not collected.","trap_not_collected",NA,NA,NA,NA,NA,NA,"3",9
"Rincon",2012-07-26,"No arthropods.","empty_trap",NA,NA,NA,NA,NA,NA,"4",9
"Rincon",2012-07-26,"No arthropods.","empty_trap",NA,NA,NA,NA,NA,NA,"5",9
"Rincon",2012-07-26,NA,NA,"Agroeca",1,NA,NA,"not measured","ChAl","6",9
"Rincon",2012-07-26,NA,NA,"Lepismatidae",1,NA,NA,"not measured","ChAl","6",9
"Rincon",2012-07-26,"No arthropods.","empty_trap",NA,NA,NA,NA,NA,NA,"7",9
"Rincon",2012-07-26,NA,NA,"Forelius pruinosus",3,NA,NA,"not measured","ChAl","8",9
"Rincon",2012-07-26,NA,NA,"Termitidae",17,NA,NA,"not measured","ChAl","8",9
"Rincon",2012-07-26,NA,NA,"Acari",3,NA,NA,"not measured","ChAl","9",9
"Rincon",2012-07-26,NA,NA,"Lepismatidae",3,NA,NA,"not measured","ChAl","9",9
"Rincon",2012-07-26,NA,NA,"Oecobius",1,NA,NA,"not measured","ChAl","9",9
"Rincon",2012-07-26,NA,NA,"Forelius pruinosus",1,NA,NA,"not measured","ChAl","10",9
"Rincon",2012-07-26,NA,NA,"Lepismatidae",3,NA,NA,"not measured","ChAl","10",9
"Rincon",2012-11-08,NA,NA,"Solenopsis amblychila",9,NA,NA,"not measured","ChAl","1",8
"Rincon",2012-11-08,"No arthropod; Cup was out of ground","trap_not_collected",NA,NA,NA,NA,NA,NA,"2",8
"Rincon",2012-11-08,"No arthropods. Cup was out of ground.","trap_not_collected",NA,NA,NA,NA,NA,NA,"3",8
"Rincon",2012-11-08,"No arthropods.","empty_trap",NA,NA,NA,NA,NA,NA,"4",8
"Rincon",2012-11-08,NA,NA,"Araneidae",1,"TRUE",NA,"not measured","ChAl","5",8
"Rincon",2012-11-08,NA,NA,"Entomobryidae",11,NA,NA,"not measured","ChAl","5",8
"Rincon",2012-11-08,"No arthropods.","empty_trap",NA,NA,NA,NA,NA,NA,"6",8
"Rincon",2012-11-08,"No arthropods.","empty_trap",NA,NA,NA,NA,NA,NA,"7",8
"Rincon",2012-11-08,NA,NA,"Psilochorus",1,NA,NA,"not measured","ChAl","8",8
"Rincon",2012-11-08,"No arthropods.","empty_trap",NA,NA,NA,NA,NA,NA,"9",8
"Rincon",2012-11-08,NA,NA,"Vaejovidae",1,NA,NA,"not measured","ChAl","10",8
"Rincon",2013-03-01,NA,NA,"Acari",1,NA,NA,"not measured","ChAl","1",10
"Rincon",2013-03-01,NA,NA,"Entomobryidae",1,NA,NA,"not measured","ChAl","1",10
"Rincon",2013-03-01,NA,NA,"Stenomorpha hispidula",1,NA,NA,"greater than 10 mm","ChAl","1",10
"Rincon",2013-03-01,NA,NA,"Cecidomyiidae",1,NA,NA,"not measured","ChAl","2",10
"Rincon",2013-03-01,NA,NA,"Chironomidae",1,NA,NA,"not measured","ChAl","2",10
"Rincon",2013-03-01,NA,NA,"Entomobryidae",1,NA,NA,"not measured","ChAl","3",10
"Rincon",2013-03-01,NA,NA,"Acari",1,NA,NA,"not measured","ChAl","4",10
"Rincon",2013-03-01,NA,NA,"Entomobryidae",1,NA,NA,"not measured","ChAl","4",10
"Rincon",2013-03-01,NA,NA,"Sminthuridae",1,NA,NA,"not measured","ChAl","4",10
"Rincon",2013-03-01,NA,NA,"Acari",2,NA,NA,"not measured","ChAl","5",10
"Rincon",2013-03-01,NA,NA,"Opiliones",2,NA,NA,"not measured","ChAl","5",10
"Rincon",2013-03-01,NA,NA,"Pheidole",3,NA,NA,"not measured","ChAl","5",10
"Rincon",2013-03-01,NA,NA,"Solifugae",2,NA,NA,"not measured","ChAl","5",10
"Rincon",2013-03-01,"No arthropods","empty_trap",NA,NA,NA,NA,NA,NA,"6",10
"Rincon",2013-03-01,"no arthropods","empty_trap",NA,NA,NA,NA,NA,NA,"7",10
"Rincon",2013-03-01,NA,NA,"Entomobryidae",1,NA,NA,"not measured","ChAl","8",10
"Rincon",2013-03-01,NA,NA,"Solifugae",1,NA,NA,"not measured","ChAl","8",10
"Rincon",2013-03-01,NA,NA,"Aphididae",1,NA,NA,"not measured","ChAl","9",10
"Rincon",2013-03-01,NA,NA,"Aphididae",1,NA,NA,"not measured","ChAl","10",10
"Rincon",2013-04-19,NA,NA,"Coccoidea",1,NA,NA,"not measured","ChAl","1",10
"Rincon",2013-04-19,NA,NA,"Termitidae",1,NA,NA,"not measured","ChAl","1",10
"Rincon",2013-04-19,NA,NA,"Aphididae",3,NA,NA,"not measured","ChAl","2",10
"Rincon",2013-04-19,NA,NA,"Chironomidae",1,NA,NA,"not measured","ChAl","3",10
"Rincon",2013-04-19,NA,NA,"Cicadellidae",1,"TRUE",NA,"not measured","ChAl","3",10
"Rincon",2013-04-19,NA,NA,"Pompilidae",1,NA,"TRUE","not measured","ChAl","3",10
"Rincon",2013-04-19,NA,NA,"Triorophus",1,NA,NA,"between 5 and 10 mm","ChAl","3",10
"Rincon",2013-04-19,"No arthropods","empty_trap",NA,NA,NA,NA,NA,NA,"4",10
"Rincon",2013-04-19,NA,NA,"Acariformes",14,NA,NA,"not measured","ChAl","5",10
"Rincon",2013-04-19,NA,NA,"Aphididae",2,NA,NA,"not measured","ChAl","5",10
"Rincon",2013-04-19,NA,NA,"Ceratagallia (Aceratagallia)",1,NA,NA,"not measured","ChAl","5",10
"Rincon",2013-04-19,NA,NA,"Coleoptera",1,"TRUE",NA,"not measured","ChAl","5",10
"Rincon",2013-04-19,NA,NA,"Forelius pruinosus",1,NA,NA,"not measured","ChAl","5",10
"Rincon",2013-04-19,NA,NA,"Lygaeidae",6,"TRUE",NA,"not measured","ChAl","5",10
"Rincon",2013-04-19,NA,NA,"Mutillidae",1,NA,NA,"not measured","ChAl","5",10
"Rincon",2013-04-19,NA,NA,"Pheidole",1,NA,NA,"not measured","ChAl","5",10
"Rincon",2013-04-19,NA,NA,"Entomobryidae",63,NA,NA,"not measured","ChAl","6",10
"Rincon",2013-04-19,NA,NA,"Forelius pruinosus",1,NA,NA,"not measured","ChAl","6",10
"Rincon",2013-04-19,NA,NA,"Lygaeidae",1,"TRUE",NA,"not measured","ChAl","6",10
"Rincon",2013-04-19,NA,NA,"Acariformes",1,NA,NA,"not measured","ChAl","7",10
"Rincon",2013-04-19,NA,NA,"Chrysopidae",1,"TRUE",NA,"not measured","ChAl","7",10
"Rincon",2013-04-19,NA,NA,"Acariformes",2,NA,NA,"not measured","ChAl","8",10
"Rincon",2013-04-19,NA,NA,"Entomobryidae",14,NA,NA,"not measured","ChAl","8",10
"Rincon",2013-04-19,NA,NA,"Forelius pruinosus",2,NA,NA,"not measured","ChAl","8",10
"Rincon",2013-04-19,NA,NA,"Sciaridae",1,NA,NA,"not measured","ChAl","8",10
"Rincon",2013-04-19,NA,NA,"Caeculidae",1,NA,NA,"not measured","ChAl","9",10
"Rincon",2013-04-19,"no arthropods","empty_trap",NA,NA,NA,NA,NA,NA,"10",10
"Rincon",2013-08-13,NA,NA,"Forelius pruinosus",3,NA,NA,"not measured","ChAl","1",10
"Rincon",2013-08-13,NA,NA,"Anystidae",1,NA,NA,"not measured","ChAl","2",10
"Rincon",2013-08-13,NA,NA,"Tetramorium",1,NA,NA,"not measured","ChAl","2",10
"Rincon",2013-08-13,NA,NA,"Entomobryidae",2,NA,NA,"not measured","ChAl","3",10
"Rincon",2013-08-13,NA,NA,"Forelius pruinosus",1,NA,NA,"not measured","ChAl","3",10
"Rincon",2013-08-13,NA,NA,"Pogonomyrmex",1,NA,NA,"not measured","ChAl","3",10
"Rincon",2013-08-13,NA,NA,"Solenopsis",3,NA,NA,"not measured","ChAl","3",10
"Rincon",2013-08-13,NA,NA,"Entomobryidae",1,NA,NA,"not measured","ChAl","4",10
"Rincon",2013-08-13,NA,NA,"Oecobius",1,NA,NA,"not measured","ChAl","4",10
"Rincon",2013-08-13,NA,NA,"Solenopsis",1,NA,NA,"not measured","ChAl","4",10
"Rincon",2013-08-13,NA,NA,"Solenopsis",2,NA,NA,"not measured","ChAl","5",10
"Rincon",2013-08-13,NA,NA,"Anystidae",2,NA,NA,"not measured","ChAl","6",10
"Rincon",2013-08-13,NA,NA,"Oecobius",1,NA,NA,"not measured","ChAl","7",10
"Rincon",2013-08-13,NA,NA,"Anystidae",2,NA,NA,"not measured","ChAl","8",10
"Rincon",2013-08-13,NA,NA,"Forelius pruinosus",2,NA,NA,"not measured","ChAl","8",10
"Rincon",2013-08-13,NA,NA,"Habronattus",1,NA,NA,"not measured","ChAl","8",10
"Rincon",2013-08-13,NA,NA,"Lepismatidae",1,NA,NA,"not measured","ChAl","8",10
"Rincon",2013-08-13,NA,NA,"Solenopsis",6,NA,NA,"not measured","ChAl","8",10
"Rincon",2013-08-13,NA,NA,"Bdellidae",1,NA,NA,"not measured","ChAl","9",10
"Rincon",2013-08-13,NA,NA,"Nocibiotes",1,NA,NA,"between 5 and 10 mm","ChAl","10",10
"Rincon",2013-08-13,NA,NA,"Solenopsis",1,NA,NA,"not measured","ChAl","10",10
"Rincon",2013-12-23,"TRAPS OUT OF ORDER",NA,"Sminthuridae",1,NA,NA,"not measured","ChAl","1",10
"Rincon",2013-12-23,NA,NA,"Lepidoptera",1,"TRUE",NA,"not measured","ChAl","2",10
"Rincon",2013-12-23,NA,NA,"Opiliones",1,NA,NA,"not measured","ChAl","2",10
"Rincon",2013-12-23,NA,NA,"Phyllotreta",1,NA,NA,"not measured","ChAl","2",10
"Rincon",2013-12-23,NA,NA,"Lepidoptera",2,"TRUE",NA,"not measured","ChAl","3",10
"Rincon",2013-12-23,NA,NA,"Spirobolida",1,NA,NA,"not measured","ChAl","3",10
"Rincon",2013-12-23,"no arthropods","empty_trap",NA,NA,NA,NA,NA,NA,"4",10
"Rincon",2013-12-23,"no arthropods","empty_trap",NA,NA,NA,NA,NA,NA,"5",10
"Rincon",2013-12-23,NA,NA,"Sminthuridae",2,NA,NA,"not measured","ChAl","6",10
"Rincon",2013-12-23,NA,NA,"Acari",1,NA,NA,"not measured","ChAl","7",10
"Rincon",2013-12-23,NA,NA,"Sminthuridae",1,NA,NA,"not measured","ChAl","7",10
"Rincon",2013-12-23,"no arthropods","empty_trap",NA,NA,NA,NA,NA,NA,"8",10
"Rincon",2013-12-23,NA,NA,"Sminthuridae",1,NA,NA,"not measured","ChAl","9",10
"Rincon",2013-12-23,NA,NA,"Tennesseellum",1,NA,NA,"not measured","ChAl","9",10
"Rincon",2013-12-23,"no arthropods","empty_trap",NA,NA,NA,NA,NA,NA,"10",10
"Rincon",2014-02-07,NA,NA,"Anystoidea",2,NA,NA,"not measured","MaTs","1",10
"Rincon",2014-02-07,"No Arthropods","empty_trap",NA,NA,NA,NA,NA,NA,"2",10
"Rincon",2014-02-07,NA,NA,"Bdellidae",1,NA,NA,"not measured","MaTs","3",10
"Rincon",2014-02-07,NA,NA,"Triorophus",1,NA,NA,"not measured","MaTs","3",10
"Rincon",2014-02-07,NA,NA,"Opiliones",1,NA,NA,"not measured","MaTs","4",10
"Rincon",2014-02-07,NA,NA,"Termitidae",1,NA,NA,"not measured","MaTs","4",10
"Rincon",2014-02-07,NA,NA,"Araneidae",1,NA,NA,"not measured","MaTs","5",10
"Rincon",2014-02-07,NA,NA,"Bdellidae",1,NA,NA,"not measured","MaTs","5",10
"Rincon",2014-02-07,NA,NA,"Termitidae",1,NA,NA,"not measured","MaTs","6",10
"Rincon",2014-02-07,"No Arthropods","empty_trap",NA,NA,NA,NA,NA,NA,"7",10
"Rincon",2014-02-07,"No Arthropods","empty_trap",NA,NA,NA,NA,NA,NA,"8",10
"Rincon",2014-02-07,NA,NA,"Anystoidea",1,NA,NA,"not measured","MaTs","9",10
"Rincon",2014-02-07,"Trupanea - wings only",NA,"Cicadellidae",1,"TRUE",NA,"not measured","MaTs","10",10
"Rincon",2014-02-07,"Trupanea - wings only",NA,"Sminthuridae",1,NA,NA,"not measured","MaTs","10",10
"Rincon",2014-02-07,"Trupanea - wings only",NA,"Trupanea",1,NA,NA,"not measured","MaTs","10",10
"Rincon",2014-04-11,"No Arthropods","empty_trap",NA,NA,NA,NA,NA,NA,"1",10
"Rincon",2014-04-11,"No Arthropods","empty_trap",NA,NA,NA,NA,NA,NA,"2",10
"Rincon",2014-04-11,NA,NA,"Psilochorus",1,NA,NA,"not measured","RoOr","3",10
"Rincon",2014-04-11,"No Arthropods","empty_trap",NA,NA,NA,NA,NA,NA,"4",10
"Rincon",2014-04-11,NA,NA,"Forelius pruinosus",1,NA,NA,"not measured","RoOr","5",10
"Rincon",2014-04-11,NA,NA,"Habronattus",1,NA,NA,"not measured","RoOr","5",10
"Rincon",2014-04-11,NA,NA,"Myrmeleontidae",1,"TRUE",NA,"not measured","RoOr","5",10
"Rincon",2014-04-11,NA,NA,"Oecobius",2,NA,NA,"not measured","RoOr","5",10
"Rincon",2014-04-11,NA,NA,"Ebo",1,NA,NA,"not measured","RoOr","6",10
"Rincon",2014-04-11,NA,NA,"Forelius pruinosus",1,NA,NA,"not measured","RoOr","6",10
"Rincon",2014-04-11,NA,NA,"Mutillidae",1,NA,NA,"not measured","RoOr","6",10
"Rincon",2014-04-11,NA,NA,"Oecobius",1,NA,NA,"not measured","RoOr","6",10
"Rincon",2014-04-11,NA,NA,"Sminthuridae",1,NA,NA,"not measured","RoOr","6",10
"Rincon",2014-04-11,NA,NA,"Exitianus",1,NA,NA,"not measured","RoOr","7",10
"Rincon",2014-04-11,NA,NA,"Gelechiidae",1,NA,NA,"not measured","RoOr","7",10
"Rincon",2014-04-11,NA,NA,"Lepismatidae",1,NA,NA,"not measured","RoOr","7",10
"Rincon",2014-04-11,NA,NA,"Psilochorus",1,NA,NA,"not measured","RoOr","7",10
"Rincon",2014-04-11,"No Arthropods","empty_trap",NA,NA,NA,NA,NA,NA,"8",10
"Rincon",2014-04-11,NA,NA,"Entomobryidae",5,NA,NA,"not measured","RoOr","9",10
"Rincon",2014-04-11,NA,NA,"Acari",1,NA,NA,"not measured","RoOr","10",10
"Rincon",2014-12-22,NA,NA,"Acari",1,NA,NA,"not measured","AnDe","1",10
"Rincon",2014-12-22,NA,NA,"Entomobryidae",1,NA,NA,"not measured","AnDe","1",10
"Rincon",2014-12-22,NA,NA,"Psilochorus",1,NA,NA,"not measured","AnDe","1",10
"Rincon",2014-12-22,NA,NA,"Acari",1,NA,NA,"not measured","AnDe","2",10
"Rincon",2014-12-22,NA,NA,"Cecidomyiidae",1,NA,NA,"not measured","AnDe","3",10
"Rincon",2014-12-22,NA,NA,"Erythraeoidea",7,NA,NA,"not measured","AnDe","3",10
"Rincon",2014-12-22,NA,NA,"Hymenoptera",1,NA,"TRUE","not measured","AnDe","3",10
"Rincon",2014-12-22,NA,NA,"Acari",4,NA,NA,"not measured","AnDe","4",10
"Rincon",2014-12-22,NA,NA,"Xysticus",1,NA,NA,"not measured","AnDe","4",10
"Rincon",2014-12-22,NA,NA,"Acari",13,NA,NA,"not measured","AnDe","5",10
"Rincon",2014-12-22,NA,NA,"Ptomaphagus",1,NA,NA,"not measured","AnDe","5",10
"Rincon",2014-12-22,NA,NA,"Acari",1,NA,NA,"not measured","AnDe","6",10
"Rincon",2014-12-22,NA,NA,"Bdellidae",1,NA,NA,"not measured","AnDe","6",10
"Rincon",2014-12-22,NA,NA,"Ceraticelus",1,NA,NA,"not measured","AnDe","6",10
"Rincon",2014-12-22,NA,NA,"Phalangiidae",1,NA,NA,"not measured","AnDe","6",10
"Rincon",2014-12-22,NA,NA,"Solenopsis",2,NA,NA,"not measured","AnDe","6",10
"Rincon",2014-12-22,NA,NA,"Acari",2,NA,NA,"not measured","AnDe","7",10
"Rincon",2014-12-22,NA,NA,"Araneidae",1,NA,NA,"not measured","AnDe","7",10
"Rincon",2014-12-22,NA,NA,"Coccoidea",1,"TRUE",NA,"not measured","AnDe","7",10
"Rincon",2014-12-22,NA,NA,"Entomobryidae",6,NA,NA,"not measured","AnDe","7",10
"Rincon",2014-12-22,NA,NA,"Linyphiidae",1,NA,NA,"not measured","AnDe","7",10
"Rincon",2014-12-22,NA,NA,"Ptomaphagus",1,NA,NA,"not measured","AnDe","7",10
"Rincon",2014-12-22,NA,NA,"Araneidae",2,NA,NA,"not measured","AnDe","8",10
"Rincon",2014-12-22,NA,NA,"Cecidomyiidae",1,NA,NA,"not measured","AnDe","8",10
"Rincon",2014-12-22,NA,NA,"Entomobryidae",2,NA,NA,"not measured","AnDe","8",10
"Rincon",2014-12-22,NA,NA,"Erythraeoidea",6,NA,NA,"not measured","AnDe","8",10
"Rincon",2014-12-22,NA,NA,"Ptomaphagus",1,NA,NA,"not measured","AnDe","8",10
"Rincon",2014-12-22,NA,NA,"Solenopsis",2,NA,NA,"not measured","AnDe","8",10
"Rincon",2014-12-22,NA,NA,"Tennesseellum",2,NA,NA,"not measured","AnDe","8",10
"Rincon",2014-12-22,NA,NA,"Acari",10,NA,NA,"not measured","AnDe","9",10
"Rincon",2014-12-22,NA,NA,"Entomobryidae",2,NA,NA,"not measured","AnDe","9",10
"Rincon",2014-12-22,NA,NA,"Noctuidae",1,"TRUE",NA,"not measured","AnDe","9",10
"Rincon",2014-12-22,NA,NA,"Ptomaphagus",1,NA,NA,"not measured","AnDe","9",10
"Rincon",2014-12-22,NA,NA,"Steatoda",1,NA,NA,"not measured","AnDe","9",10
"Rincon",2014-12-22,NA,NA,"Tennesseellum",4,NA,NA,"not measured","AnDe","9",10
"Rincon",2014-12-22,NA,NA,"Xysticus",1,NA,NA,"not measured","AnDe","9",10
"Rincon",2014-12-22,NA,NA,"Acari",25,NA,NA,"not measured","AnDe","10",10
"Rincon",2014-12-22,NA,NA,"Ptomaphagus",1,NA,NA,"not measured","AnDe","10",10
"Rincon",2014-12-22,NA,NA,"Solenopsis",1,NA,NA,"not measured","AnDe","10",10
"Rincon",2015-01-24,NA,NA,"Hemiptera",1,"TRUE",NA,"not measured","AnDe","1",10
"Rincon",2015-01-24,NA,NA,"Mutillidae",1,NA,NA,"not measured","AnDe","1",10
"Rincon",2015-01-24,NA,NA,"Acari",1,NA,NA,"not measured","AnDe","2",10
"Rincon",2015-01-24,NA,NA,"Lepidoptera",1,"TRUE",NA,"not measured","AnDe","2",10
"Rincon",2015-01-24,NA,NA,"Solenopsis",1,NA,NA,"not measured","AnDe","2",10
"Rincon",2015-01-24,NA,NA,"Tennesseellum",1,NA,NA,"not measured","AnDe","2",10
"Rincon",2015-01-24,NA,NA,"Acari",2,NA,NA,"not measured","AnDe","3",10
"Rincon",2015-01-24,NA,NA,"Araneidae",1,NA,NA,"not measured","AnDe","3",10
"Rincon",2015-01-24,NA,NA,"Solenopsis",1,NA,NA,"not measured","AnDe","3",10
"Rincon",2015-01-24,NA,NA,"Acari",4,NA,NA,"not measured","AnDe","4",10
"Rincon",2015-01-24,NA,NA,"Linyphiidae",1,NA,NA,"not measured","AnDe","4",10
"Rincon",2015-01-24,NA,NA,"Noctuidae",1,"TRUE",NA,"not measured","AnDe","4",10
"Rincon",2015-01-24,NA,NA,"Acari",2,NA,NA,"not measured","AnDe","5",10
"Rincon",2015-01-24,NA,NA,"Anystoidea",1,NA,NA,"not measured","AnDe","5",10
"Rincon",2015-01-24,NA,NA,"Aphididae",1,NA,NA,"not measured","AnDe","5",10
"Rincon",2015-01-24,NA,NA,"Cicadellidae",1,"TRUE",NA,"not measured","AnDe","5",10
"Rincon",2015-01-24,NA,NA,"Oecobius",1,NA,NA,"not measured","AnDe","5",10
"Rincon",2015-01-24,NA,NA,"Phalangiidae",1,NA,NA,"not measured","AnDe","5",10
"Rincon",2015-01-24,NA,NA,"Pheidole",1,NA,NA,"not measured","AnDe","5",10
"Rincon",2015-01-24,NA,NA,"Psocodea",1,NA,NA,"not measured","AnDe","5",10
"Rincon",2015-01-24,NA,NA,"Sminthuridae",1,NA,NA,"not measured","AnDe","5",10
"Rincon",2015-01-24,NA,NA,"Coccoidea",1,"TRUE",NA,"not measured","AnDe","6",10
"Rincon",2015-01-24,NA,NA,"Noctuidae",1,"TRUE",NA,"not measured","AnDe","6",10
"Rincon",2015-01-24,NA,NA,"Phalangiidae",1,NA,NA,"not measured","AnDe","6",10
"Rincon",2015-01-24,NA,NA,"Acari",4,NA,NA,"not measured","AnDe","7",10
"Rincon",2015-01-24,NA,NA,"Anystoidea",1,NA,NA,"not measured","AnDe","7",10
"Rincon",2015-01-24,NA,NA,"Chrysopidae",1,"TRUE",NA,"not measured","AnDe","7",10
"Rincon",2015-01-24,NA,NA,"Cicadellidae",1,NA,NA,"not measured","AnDe","7",10
"Rincon",2015-01-24,NA,NA,"Entomobryidae",5,NA,NA,"not measured","AnDe","7",10
"Rincon",2015-01-24,NA,NA,"Oribatida",1,NA,NA,"not measured","AnDe","7",10
"Rincon",2015-01-24,NA,NA,"Ptomaphagus",1,NA,NA,"not measured","AnDe","7",10
"Rincon",2015-01-24,NA,NA,"Solenopsis",1,NA,NA,"not measured","AnDe","7",10
"Rincon",2015-01-24,NA,NA,"Acari",6,NA,NA,"not measured","AnDe","8",10
"Rincon",2015-01-24,NA,NA,"Anystoidea",1,NA,NA,"not measured","AnDe","8",10
"Rincon",2015-01-24,NA,NA,"Araneidae",1,NA,NA,"not measured","AnDe","8",10
"Rincon",2015-01-24,NA,NA,"Entomobryidae",1,NA,NA,"not measured","AnDe","8",10
"Rincon",2015-01-24,NA,NA,"Oecobius",1,NA,NA,"not measured","AnDe","8",10
"Rincon",2015-01-24,NA,NA,"Solenopsis",1,NA,NA,"not measured","AnDe","8",10
"Rincon",2015-01-24,NA,NA,"Anystoidea",2,NA,NA,"not measured","AnDe","9",10
"Rincon",2015-01-24,NA,NA,"Entomobryidae",12,NA,NA,"not measured","AnDe","9",10
"Rincon",2015-01-24,NA,NA,"Linyphiidae",1,NA,NA,"not measured","AnDe","9",10
"Rincon",2015-01-24,NA,NA,"Phalangiidae",2,NA,NA,"not measured","AnDe","9",10
"Rincon",2015-01-24,NA,NA,"Ptomaphagus",1,NA,NA,"not measured","AnDe","9",10
"Rincon",2015-01-24,NA,NA,"Solenopsis",1,NA,NA,"not measured","AnDe","9",10
"Rincon",2015-01-24,NA,NA,"Tennesseellum",1,NA,NA,"not measured","AnDe","9",10
"Rincon",2015-01-24,NA,NA,"Acari",3,NA,NA,"not measured","AnDe","10",10
"Rincon",2015-01-24,NA,NA,"Anystoidea",1,NA,NA,"not measured","AnDe","10",10
"Rincon",2015-01-24,NA,NA,"Aphididae",1,NA,NA,"not measured","AnDe","10",10
"Rincon",2015-01-24,NA,NA,"Araneidae",1,NA,NA,"not measured","AnDe","10",10
"Rincon",2015-01-24,NA,NA,"Entomobryidae",2,NA,NA,"not measured","AnDe","10",10
"Rincon",2015-01-24,NA,NA,"Hemiptera",1,NA,NA,"not measured","AnDe","10",10
"Rincon",2015-01-24,NA,NA,"Noctuidae",2,"TRUE",NA,"not measured","AnDe","10",10
"Rincon",2015-01-24,NA,NA,"Solenopsis",1,NA,NA,"not measured","AnDe","10",10
"Rincon",2015-04-24,NA,NA,"Nocibiotes",1,NA,NA,"not measured","DaFl","1",10
"Rincon",2015-04-24,"Empty","empty_trap",NA,NA,NA,NA,NA,NA,"2",10
"Rincon",2015-04-24,NA,NA,"Triorophus",1,NA,NA,"not measured","DaFl","3",10
"Rincon",2015-04-24,NA,NA,"Anystoidea",2,NA,NA,"not measured","DaFl","4",10
"Rincon",2015-04-24,NA,NA,"Entomobryidae",15,NA,NA,"not measured","DaFl","4",10
"Rincon",2015-04-24,NA,NA,"Agroeca",1,NA,NA,"not measured","DaFl","5",10
"Rincon",2015-04-24,NA,NA,"Entomobryidae",1,NA,NA,"not measured","DaFl","5",10
"Rincon",2015-04-24,NA,NA,"Anystoidea",4,NA,NA,"not measured","DaFl","6",10
"Rincon",2015-04-24,NA,NA,"Araeoschizus",1,NA,NA,"not measured","DaFl","6",10
"Rincon",2015-04-24,NA,NA,"Nocibiotes",1,NA,NA,"not measured","DaFl","6",10
"Rincon",2015-04-24,NA,NA,"Psilochorus",1,NA,NA,"not measured","DaFl","6",10
"Rincon",2015-04-24,NA,NA,"Solifugae",1,NA,NA,"not measured","DaFl","6",10
"Rincon",2015-04-24,NA,NA,"Solenopsis",4,NA,NA,"not measured","DaFl","7",10
"Rincon",2015-04-24,NA,NA,"Entomobryidae",1,NA,NA,"not measured","DaFl","8",10
"Rincon",2015-04-24,NA,NA,"Erythraeidae",1,NA,NA,"not measured","DaFl","8",10
"Rincon",2015-04-24,NA,NA,"Thripidae",1,NA,NA,"not measured","DaFl","8",10
"Rincon",2015-04-24,"Empty","empty_trap",NA,NA,NA,NA,NA,NA,"9",10
"Rincon",2015-04-24,NA,NA,"Cercopidae",1,NA,NA,"not measured","DaFl","10",10
"Rincon",2015-04-24,NA,NA,"Forelius pruinosus",1,NA,NA,"not measured","DaFl","10",10
"Rincon",2015-04-24,NA,NA,"Solenopsis",3,NA,NA,"not measured","DaFl","10",10
"Rincon",2015-07-23,"Empty","empty_trap",NA,NA,NA,NA,NA,NA,"1",10
"Rincon",2015-07-23,"Empty","empty_trap",NA,NA,NA,NA,NA,NA,"2",10
"Rincon",2015-07-23,"Empty","empty_trap",NA,NA,NA,NA,NA,NA,"3",10
"Rincon",2015-07-23,"Empty","empty_trap",NA,NA,NA,NA,NA,NA,"4",10
"Rincon",2015-07-23,NA,NA,"Oecobius",1,NA,NA,"not measured","DaFl","5",10
"Rincon",2015-07-23,"Empty","empty_trap",NA,NA,NA,NA,NA,NA,"6",10
"Rincon",2015-07-23,"Empty","empty_trap",NA,NA,NA,NA,NA,NA,"7",10
"Rincon",2015-07-23,"Empty","empty_trap",NA,NA,NA,NA,NA,NA,"8",10
"Rincon",2015-07-23,"Empty","empty_trap",NA,NA,NA,NA,NA,NA,"9",10
"Rincon",2015-07-23,NA,NA,"Forelius",1,NA,NA,"not measured","DaFl","10",10
"Rincon",2015-10-25,NA,NA,"Mutillidae",1,NA,NA,"not measured","DaFl","1",9
"Rincon",2015-10-25,NA,NA,"Psocodea",1,"TRUE",NA,"not measured","DaFl","1",9
"Rincon",2015-10-25,NA,NA,"Solenopsis",2,NA,NA,"not measured","DaFl","1",9
"Rincon",2015-10-25,NA,NA,"Anystoidea",1,NA,NA,"not measured","DaFl","2",9
"Rincon",2015-10-25,NA,NA,"Solenopsis",2,NA,NA,"not measured","DaFl","2",9
"Rincon",2015-10-25,NA,NA,"Solifugae",1,NA,NA,"not measured","DaFl","2",9
"Rincon",2015-10-25,NA,NA,"Anystoidea",1,NA,NA,"not measured","DaFl","3",9
"Rincon",2015-10-25,NA,NA,"Mutillidae",1,NA,NA,"not measured","DaFl","3",9
"Rincon",2015-10-25,NA,NA,"Ammotrechidae",1,NA,NA,"greater than 10 mm","DaFl","4",9
"Rincon",2015-10-25,NA,NA,"Anystoidea",1,NA,NA,"not measured","DaFl","4",9
"Rincon",2015-10-25,NA,NA,"Anystoidea",3,NA,NA,"not measured","DaFl","5",9
"Rincon",2015-10-25,NA,NA,"Erythraeidae",1,NA,NA,"not measured","DaFl","5",9
"Rincon",2015-10-25,"Empty","empty_trap",NA,NA,NA,NA,NA,NA,"6",9
"Rincon",2015-10-25,NA,NA,"Ammotrechidae",1,NA,NA,"not measured","DaFl","8",9
"Rincon",2015-10-25,NA,NA,"Isopoda",1,NA,NA,"not measured","DaFl","8",9
"Rincon",2015-10-25,NA,NA,"Erythraeidae",1,NA,NA,"not measured","DaFl","9",9
"Rincon",2015-10-25,NA,NA,"Mutillidae",1,NA,NA,"not measured","DaFl","10",9
"Rincon",2015-10-25,NA,NA,"Oecobius",1,NA,NA,"not measured","DaFl","10",9
"Rincon",2016-01-16,"Empty","empty_trap",NA,NA,NA,NA,NA,NA,"1",10
"Rincon",2016-01-16,NA,NA,"Phyllotreta",1,NA,NA,"not measured","DaFl","2",10
"Rincon",2016-01-16,NA,NA,"Psocodea",1,"TRUE",NA,"not measured","DaFl","2",10
"Rincon",2016-01-16,"Empty","empty_trap",NA,NA,NA,NA,NA,NA,"3",10
"Rincon",2016-01-16,NA,NA,"Acari",2,NA,NA,"not measured","DaFl","4",10
"Rincon",2016-01-16,NA,NA,"Oribatida",1,NA,NA,"not measured","DaFl","4",10
"Rincon",2016-01-16,NA,NA,"Ammotrechidae",1,NA,NA,"not measured","DaFl","5",10
"Rincon",2016-01-16,NA,NA,"Phyllotreta",1,NA,NA,"not measured","DaFl","5",10
"Rincon",2016-01-16,NA,NA,"Psocodea",1,"TRUE",NA,"not measured","DaFl","5",10
"Rincon",2016-01-16,NA,NA,"Sminthuridae",2,NA,NA,"not measured","DaFl","5",10
"Rincon",2016-01-16,NA,NA,"Anystoidea",1,NA,NA,"not measured","DaFl","6",10
"Rincon",2016-01-16,NA,NA,"Acari",2,NA,NA,"not measured","DaFl","7",10
"Rincon",2016-01-16,NA,NA,"Phyllotreta",2,NA,NA,"not measured","DaFl","7",10
"Rincon",2016-01-16,NA,NA,"Sminthuridae",1,NA,NA,"not measured","DaFl","7",10
"Rincon",2016-01-16,"Empty","empty_trap",NA,NA,NA,NA,NA,NA,"8",10
"Rincon",2016-01-16,NA,NA,"Acari",1,NA,NA,"not measured","DaFl","9",10
"Rincon",2016-01-16,NA,NA,"Opiliones",1,NA,NA,"not measured","DaFl","9",10
"Rincon",2016-01-16,NA,NA,"Ammotrechidae",1,NA,NA,"not measured","DaFl","10",10
"Rincon",2016-01-16,NA,NA,"Phyllotreta",3,NA,NA,"not measured","DaFl","10",10
"Rincon",2016-04-18,NA,NA,"Cicadellidae",1,"TRUE",NA,"not measured","DaFl","1",10
"Rincon",2016-04-18,NA,NA,"Erythraeidae",1,NA,NA,"not measured","DaFl","1",10
"Rincon",2016-04-18,NA,NA,"Aphididae",1,NA,NA,"not measured","DaFl","2",10
"Rincon",2016-04-18,NA,NA,"Anystoidea",3,NA,NA,"not measured","DaFl","3",10
"Rincon",2016-04-18,NA,NA,"Scolopendridae",1,NA,NA,"greater than 10 mm","DaFl","3",10
"Rincon",2016-04-18,NA,NA,"Anystoidea",1,NA,NA,"not measured","DaFl","4",10
"Rincon",2016-04-18,NA,NA,"Filistatoides",1,NA,NA,"not measured","DaFl","4",10
"Rincon",2016-04-18,NA,NA,"Oecobius",2,NA,NA,"not measured","DaFl","4",10
"Rincon",2016-04-18,NA,NA,"Termitidae",9,NA,NA,"not measured","DaFl","4",10
"Rincon",2016-04-18,NA,NA,"Anystoidea",1,NA,NA,"not measured","DaFl","5",10
"Rincon",2016-04-18,NA,NA,"Oecobius",2,NA,NA,"not measured","DaFl","5",10
"Rincon",2016-04-18,NA,NA,"Pheidole",1,NA,NA,"not measured","DaFl","5",10
"Rincon",2016-04-18,NA,NA,"Trombidioidea",1,NA,NA,"not measured","DaFl","5",10
"Rincon",2016-04-18,NA,NA,"Anystoidea",1,NA,NA,"not measured","DaFl","6",10
"Rincon",2016-04-18,NA,NA,"Erythraeidae",1,NA,NA,"not measured","DaFl","6",10
"Rincon",2016-04-18,NA,NA,"Solenopsis amblychila",1,NA,NA,"not measured","DaFl","6",10
"Rincon",2016-04-18,NA,NA,"Triorophus",1,NA,NA,"not measured","DaFl","6",10
"Rincon",2016-04-18,NA,NA,"Anystoidea",1,NA,NA,"not measured","DaFl","7",10
"Rincon",2016-04-18,NA,NA,"Coleoptera",1,"TRUE",NA,"not measured","DaFl","8",10
"Rincon",2016-04-18,NA,NA,"Erythraeidae",1,NA,NA,"not measured","DaFl","8",10
"Rincon",2016-04-18,NA,NA,"Trupanea",1,NA,NA,"not measured","DaFl","8",10
"Rincon",2016-04-18,NA,NA,"Erythraeidae",1,NA,NA,"not measured","DaFl","9",10
"Rincon",2016-04-18,NA,NA,"Oecobius",2,NA,NA,"not measured","DaFl","9",10
"Rincon",2016-04-18,NA,NA,"Anystoidea",1,NA,NA,"not measured","DaFl","10",10
"Rincon",2016-04-18,NA,NA,"Erythraeidae",1,NA,NA,"not measured","DaFl","10",10
"Rincon",2016-04-18,NA,NA,"Oecobius",1,NA,NA,"not measured","DaFl","10",10
"Rincon",2016-04-18,NA,NA,"Pheidole",1,NA,NA,"not measured","DaFl","10",10
"Rincon",2016-04-18,NA,NA,"Tetramorium",1,NA,NA,"not measured","DaFl","10",10
"Rincon",2016-08-02,NA,NA,"Solenopsis amblychila",1,NA,NA,"not measured","DaFl","1",10
"Rincon",2016-08-02,NA,NA,"Solenopsis amblychila",1,NA,NA,"not measured","DaFl","2",10
"Rincon",2016-08-02,NA,NA,"Tetramorium",1,NA,NA,"not measured","DaFl","3",10
"Rincon",2016-08-02,"Empty","empty_trap",NA,NA,NA,NA,NA,NA,"4",10
"Rincon",2016-08-02,NA,NA,"Ammotrechidae",1,NA,NA,"not measured","DaFl","5",10
"Rincon",2016-08-02,NA,NA,"Pheidole",2,NA,NA,"not measured","DaFl","5",10
"Rincon",2016-08-02,NA,NA,"Anystoidea",2,NA,NA,"not measured","DaFl","6",10
"Rincon",2016-08-02,NA,NA,"Embioptera",1,NA,NA,"not measured","DaFl","6",10
"Rincon",2016-08-02,NA,NA,"Gnaphosidae",1,NA,NA,"not measured","DaFl","6",10
"Rincon",2016-08-02,NA,NA,"Lepismatidae",1,NA,NA,"not measured","DaFl","6",10
"Rincon",2016-08-02,NA,NA,"Oecobius",1,NA,NA,"not measured","DaFl","6",10
"Rincon",2016-08-02,NA,NA,"Pheidole",2,NA,NA,"not measured","DaFl","6",10
"Rincon",2016-08-02,NA,NA,"Anystoidea",16,NA,NA,"not measured","DaFl","7",10
"Rincon",2016-08-02,NA,NA,"Aphididae",1,NA,NA,"not measured","DaFl","7",10
"Rincon",2016-08-02,NA,NA,"Solenopsis xyloni",1,NA,NA,"not measured","DaFl","7",10
"Rincon",2016-08-02,NA,NA,"Anystoidea",3,NA,NA,"not measured","DaFl","8",10
"Rincon",2016-08-02,NA,NA,"Forelius",2,NA,NA,"not measured","DaFl","8",10
"Rincon",2016-08-02,NA,NA,"Sminthuridae",1,NA,NA,"not measured","DaFl","8",10
"Rincon",2016-08-02,NA,NA,"Oecobius",1,NA,NA,"not measured","DaFl","9",10
"Rincon",2016-08-02,NA,NA,"Salticidae",1,NA,NA,"not measured","DaFl","9",10
"Rincon",2016-08-02,NA,NA,"Anystoidea",23,NA,NA,"not measured","DaFl","10",10
"Rincon",2016-08-02,NA,NA,"Forelius",1,NA,NA,"not measured","DaFl","10",10
"Rincon",2016-08-02,NA,NA,"Mantidae",1,NA,NA,"not measured","DaFl","10",10
"Rincon",2016-08-02,NA,NA,"Sminthuridae",1,NA,NA,"not measured","DaFl","10",10
"Rincon",2016-10-26,"Empty","empty_trap",NA,NA,NA,NA,NA,NA,"1",10
"Rincon",2016-10-26,"Empty","empty_trap",NA,NA,NA,NA,NA,NA,"2",10
"Rincon",2016-10-26,"Empty","empty_trap",NA,NA,NA,NA,NA,NA,"3",10
"Rincon",2016-10-26,NA,NA,"Chyphotes",3,NA,NA,"not measured","DaFl","4",10
"Rincon",2016-10-26,NA,NA,"Ammotrechidae",1,NA,NA,"not measured","DaFl","5",10
"Rincon",2016-10-26,NA,NA,"Agroeca",1,NA,NA,"not measured","DaFl","6",10
"Rincon",2016-10-26,NA,NA,"Caeculidae",1,NA,NA,"not measured","DaFl","7",10
"Rincon",2016-10-26,NA,NA,"Agroeca",1,NA,NA,"not measured","DaFl","8",10
"Rincon",2016-10-26,NA,NA,"Chyphotes",1,NA,NA,"not measured","DaFl","8",10
"Rincon",2016-10-26,NA,NA,"Solenopsis xyloni",1,NA,NA,"not measured","DaFl","8",10
"Rincon",2016-10-26,NA,NA,"Vaejovidae",1,NA,NA,"not measured","DaFl","8",10
"Rincon",2016-10-26,"Empty","empty_trap",NA,NA,NA,NA,NA,NA,"9",10
"Rincon",2016-10-26,"Empty","empty_trap",NA,NA,NA,NA,NA,NA,"10",10
"Rincon",2017-01-27,"Disturbed, not collected","trap_not_collected",NA,NA,NA,NA,NA,NA,"1",9
"Rincon",2017-01-27,"Empty","empty_trap",NA,NA,NA,NA,NA,NA,"2",9
"Rincon",2017-01-27,"Empty","empty_trap",NA,NA,NA,NA,NA,NA,"3",9
"Rincon",2017-01-27,NA,NA,"Anystidae",1,NA,NA,"not measured","DaFl","4",9
"Rincon",2017-01-27,NA,NA,"Chrysomelidae",1,NA,NA,"not measured","DaFl","5",9
"Rincon",2017-01-27,"Empty","empty_trap",NA,NA,NA,NA,NA,NA,"6",9
"Rincon",2017-01-27,"Empty","empty_trap",NA,NA,NA,NA,NA,NA,"7",9
"Rincon",2017-01-27,NA,NA,"Anystoidea",1,NA,NA,"not measured","DaFl","8",9
"Rincon",2017-01-27,NA,NA,"Prytanes",1,NA,NA,"not measured","DaFl","8",9
"Rincon",2017-01-27,NA,NA,"Solifugae",1,NA,NA,"not measured","DaFl","8",9
"Rincon",2017-01-27,NA,NA,"Coccoidea",1,"TRUE",NA,"not measured","DaFl","9",9
"Rincon",2017-01-27,NA,NA,"Anystoidea",1,NA,NA,"not measured","DaFl","10",9
"Rincon",2017-01-27,NA,NA,"Sminthuridae",2,NA,NA,"not measured","DaFl","10",9
"Rincon",2017-04-22,"Empty","empty_trap",NA,NA,NA,NA,NA,NA,"1",10
"Rincon",2017-04-22,NA,NA,"Anystoidea",1,NA,NA,"not measured","DaFl","2",10
"Rincon",2017-04-22,NA,NA,"Mutillidae",1,NA,NA,"not measured","DaFl","2",10
"Rincon",2017-04-22,NA,NA,"Nocibiotes",1,NA,NA,"not measured","DaFl","2",10
"Rincon",2017-04-22,NA,NA,"Linyphiidae",1,NA,NA,"not measured","DaFl","3",10
"Rincon",2017-04-22,NA,NA,"Mecinus",1,NA,NA,"not measured","DaFl","3",10
"Rincon",2017-04-22,NA,NA,"Steatoda",1,NA,NA,"not measured","DaFl","4",10
"Rincon",2017-04-22,NA,NA,"Nocibiotes",1,NA,NA,"not measured","DaFl","5",10
"Rincon",2017-04-22,NA,NA,"Chyphotes",1,NA,NA,"not measured","DaFl","6",10
"Rincon",2017-04-22,NA,NA,"Mecinus",1,NA,NA,"not measured","DaFl","6",10
"Rincon",2017-04-22,NA,NA,"Chilopoda",2,NA,NA,"not measured","DaFl","7",10
"Rincon",2017-04-22,"Empty","empty_trap",NA,NA,NA,NA,NA,NA,"8",10
"Rincon",2017-04-22,"Empty","empty_trap",NA,NA,NA,NA,NA,NA,"9",10
"Rincon",2017-04-22,NA,NA,"Mutillidae",1,NA,NA,"not measured","DaFl","10",10
"Rincon",2017-10-19,NA,NA,"Psilochorus",1,NA,NA,"not measured","DaFl","1",10
"Rincon",2017-10-19,NA,NA,"Ammotrechidae",1,NA,NA,"not measured","DaFl","2",10
"Rincon",2017-10-19,"Empty","empty_trap",NA,NA,NA,NA,NA,NA,"3",10
"Rincon",2017-10-19,NA,NA,"Entomobryidae",5,NA,NA,"less than 2 mm","TaJo","4",10
"Rincon",2017-10-19,NA,NA,"Psilochorus",1,NA,NA,"not measured","DaFl","4",10
"Rincon",2017-10-19,NA,NA,"Entomobryidae",4,NA,NA,"less than 2 mm","TaJo","5",10
"Rincon",2017-10-19,"empty","empty_trap",NA,NA,NA,NA,NA,NA,"6",10
"Rincon",2017-10-19,NA,NA,"Anystoidea",1,NA,NA,"less than 2 mm","TaJo","7",10
"Rincon",2017-10-19,NA,NA,"Chyphotes",1,NA,NA,"not measured","DaFl","7",10
"Rincon",2017-10-19,NA,NA,"Entomobryidae",1,NA,NA,"less than 2 mm","TaJo","7",10
"Rincon",2017-10-19,NA,NA,"Solenopsis xyloni",1,NA,NA,"not measured","DaFl","7",10
"Rincon",2017-10-19,NA,NA,"Nocibiotes",1,NA,NA,"not measured","DaFl","8",10
"Rincon",2017-10-19,NA,NA,"Solenopsis amblychila",5,NA,NA,"not measured","DaFl","8",10
"Rincon",2017-10-19,NA,NA,"Termitidae",10,NA,NA,"not measured","DaFl","8",10
"Rincon",2017-10-19,NA,NA,"Chironomidae",1,NA,NA,"not measured","DaFl","9",10
"Rincon",2017-10-19,NA,NA,"Mutillidae",1,NA,NA,"not measured","DaFl","9",10
"Rincon",2017-10-19,"Empty","empty_trap",NA,NA,NA,NA,NA,NA,"10",10
"Rincon",2018-01-19,"Empty","empty_trap",NA,NA,NA,NA,NA,NA,"1",10
"Rincon",2018-01-19,NA,NA,"Entomobryidae",1,NA,NA,"not measured","DaFl","2",10
"Rincon",2018-01-19,"Empty","empty_trap",NA,NA,NA,NA,NA,NA,"3",10
"Rincon",2018-01-19,NA,NA,"Anystidae",1,NA,NA,"not measured","DaFl","4",10
"Rincon",2018-01-19,NA,NA,"Solenopsis xyloni",10,NA,NA,"not measured","DaFl","4",10
"Rincon",2018-01-19,NA,NA,"Solifugae",1,NA,NA,"not measured","DaFl","5",10
"Rincon",2018-01-19,NA,NA,"Theridiidae",1,NA,NA,"not measured","DaFl","6",10
"Rincon",2018-01-19,NA,NA,"Anystidae",1,NA,NA,"not measured","DaFl","7",10
"Rincon",2018-01-19,NA,NA,"Psocodea",1,"TRUE",NA,"not measured","DaFl","7",10
"Rincon",2018-01-19,NA,NA,"Solifugae",1,NA,NA,"not measured","DaFl","8",10
"Rincon",2018-01-19,"Empty","empty_trap",NA,NA,NA,NA,NA,NA,"9",10
"Rincon",2018-01-19,NA,NA,"Linyphiidae",1,NA,NA,"not measured","DaFl","10",10
"Rincon",2018-04-20,NA,NA,"Anystidae",2,NA,NA,"not measured","DaFl","1",10
"Rincon",2018-04-20,NA,NA,"Entomobryidae",1,NA,NA,"not measured","DaFl","1",10
"Rincon",2018-04-20,NA,NA,"Oecobius",1,NA,NA,"not measured","DaFl","1",10
"Rincon",2018-04-20,NA,NA,"Chyphotes",1,NA,NA,"not measured","DaFl","2",10
"Rincon",2018-04-20,NA,NA,"Anystidae",1,NA,NA,"not measured","DaFl","3",10
"Rincon",2018-04-20,NA,NA,"Arenivaga",1,NA,NA,"not measured","DaFl","3",10
"Rincon",2018-04-20,"teneb damaged",NA,"Forelius",1,NA,NA,"not measured","DaFl","4",10
"Rincon",2018-04-20,"teneb damaged",NA,"Solenopsis xyloni",1,NA,NA,"not measured","DaFl","4",10
"Rincon",2018-04-20,"teneb damaged",NA,"Tenebrionidae",1,NA,NA,"not measured","DaFl","4",10
"Rincon",2018-04-20,NA,NA,"Steriphanus",1,NA,NA,"not measured","DaFl","5",10
"Rincon",2018-04-20,NA,NA,"Oecobius",1,NA,NA,"not measured","DaFl","6",10
"Rincon",2018-04-20,NA,NA,"Apis mellifera",1,NA,"TRUE","not measured","DaFl","7",10
"Rincon",2018-04-20,NA,NA,"Agroeca",1,NA,NA,"not measured","DaFl","8",10
"Rincon",2018-04-20,NA,NA,"Anystoidea",2,NA,NA,"not measured","DaFl","8",10
"Rincon",2018-04-20,"Empty","empty_trap",NA,NA,NA,NA,NA,NA,"9",10
"Rincon",2018-04-20,NA,NA,"Steatoda",1,NA,NA,"not measured","DaFl","10",10
"Rincon",2018-04-20,NA,NA,"Triorophus",1,NA,NA,"not measured","DaFl","10",10
"Rincon",2018-10-26,NA,NA,"Anystoidea",1,NA,NA,"not measured","DaFl","1",10
"Rincon",2018-10-26,NA,NA,"Forelius pruinosus",1,NA,NA,"not measured","DaFl","1",10
"Rincon",2018-10-26,NA,NA,"Lepidoptera",2,"TRUE",NA,"not measured","DaFl","1",10
"Rincon",2018-10-26,NA,NA,"Lepismatidae",23,NA,NA,"not measured","DaFl","1",10
"Rincon",2018-10-26,NA,NA,"Sminthuridae",2,NA,NA,"not measured","DaFl","2",10
"Rincon",2018-10-26,NA,NA,"Solenopsis",1,NA,NA,"not measured","DaFl","2",10
"Rincon",2018-10-26,NA,NA,"Anystoidea",1,NA,NA,"not measured","DaFl","3",10
"Rincon",2018-10-26,NA,NA,"Anystoidea",1,NA,NA,"not measured","DaFl","4",10
"Rincon",2018-10-26,NA,NA,"Paravaejovis spinigerus",1,NA,NA,"not measured","DaFl","4",10
"Rincon",2018-10-26,NA,NA,"Ammotrechidae",1,NA,NA,"not measured","DaFl","5",10
"Rincon",2018-10-26,NA,NA,"Chyphotes",1,NA,NA,"not measured","DaFl","5",10
"Rincon",2018-10-26,NA,NA,"Entomobryidae",2,NA,NA,"not measured","DaFl","5",10
"Rincon",2018-10-26,NA,NA,"Anystoidea",4,NA,NA,"not measured","DaFl","6",10
"Rincon",2018-10-26,NA,NA,"Lepismatidae",1,NA,NA,"not measured","DaFl","6",10
"Rincon",2018-10-26,NA,NA,"Anystoidea",2,NA,NA,"not measured","DaFl","7",10
"Rincon",2018-10-26,NA,NA,"Entomobryidae",37,NA,NA,"not measured","DaFl","7",10
"Rincon",2018-10-26,NA,NA,"Forelius pruinosus",1,NA,NA,"not measured","DaFl","7",10
"Rincon",2018-10-26,NA,NA,"Solenopsis amblychila",1,NA,NA,"not measured","DaFl","7",10
"Rincon",2018-10-26,NA,NA,"Psocodea",1,"TRUE",NA,"not measured","DaFl","8",10
"Rincon",2018-10-26,NA,NA,"Anystoidea",1,NA,NA,"not measured","DaFl","9",10
"Rincon",2018-10-26,NA,NA,"Corythucha",1,NA,NA,"not measured","DaFl","9",10
"Rincon",2018-10-26,"Empty","empty_trap",NA,NA,NA,NA,NA,NA,"10",10
"Rincon",2019-01-31,NA,NA,"Entomobryidae",1,NA,NA,"less than 2 mm","GaRi","1",10
"Rincon",2019-01-31,NA,NA,"Tennesseellum",2,NA,NA,"not measured","DaFl","1",10
"Rincon",2019-01-31,NA,NA,"Thripidae",1,NA,NA,"not measured","DaFl","1",10
"Rincon",2019-01-31,NA,NA,"Chalcidoidea",1,NA,NA,"not measured","DaFl","2",10
"Rincon",2019-01-31,NA,NA,"Cicadellidae",2,"TRUE",NA,"not measured","DaFl","2",10
"Rincon",2019-01-31,NA,NA,"Isotomidae",1,NA,NA,"less than 2 mm","GaRi","2",10
"Rincon",2019-01-31,NA,NA,"Phoridae",1,NA,NA,"not measured","DaFl","2",10
"Rincon",2019-01-31,NA,NA,"Sminthuridae",1,NA,NA,"less than 2 mm","GaRi","2",10
"Rincon",2019-01-31,NA,NA,"Solenopsis xyloni",2,NA,NA,"not measured","DaFl","2",10
"Rincon",2019-01-31,NA,NA,"Anystidae",3,NA,NA,"less than 2 mm","GaRi","3",10
"Rincon",2019-01-31,NA,NA,"Cicadidae",1,"TRUE",NA,"not measured","DaFl","3",10
"Rincon",2019-01-31,NA,NA,"Entomobryidae",2,NA,NA,"less than 2 mm","GaRi","3",10
"Rincon",2019-01-31,NA,NA,"Forelius",1,NA,NA,"not measured","DaFl","3",10
"Rincon",2019-01-31,NA,NA,"Solenopsis xyloni",1,NA,NA,"not measured","DaFl","3",10
"Rincon",2019-01-31,NA,NA,"Lepidoptera",1,"TRUE",NA,"not measured","DaFl","4",10
"Rincon",2019-01-31,NA,NA,"Solenopsis xyloni",1,NA,NA,"not measured","DaFl","4",10
"Rincon",2019-01-31,NA,NA,"Aphididae",1,NA,NA,"not measured","DaFl","5",10
"Rincon",2019-01-31,NA,NA,"Sminthuridae",1,NA,NA,"less than 2 mm","GaRi","5",10
"Rincon",2019-01-31,NA,NA,"Formicidae",1,NA,"TRUE","not measured","DaFl","6",10
"Rincon",2019-01-31,"Glenognatha to be confirmed",NA,"Cicadellidae",1,"TRUE",NA,"not measured","DaFl","7",10
"Rincon",2019-01-31,"Glenognatha to be confirmed",NA,"Glenognatha",1,NA,NA,"not measured","DaFl","7",10
"Rincon",2019-01-31,"Glenognatha to be confirmed",NA,"Opiliones",1,NA,NA,"not measured","DaFl","7",10
"Rincon",2019-01-31,NA,NA,"Cicadellidae",1,"TRUE",NA,"not measured","DaFl","8",10
"Rincon",2019-01-31,NA,NA,"Entomobryidae",4,NA,NA,"less than 2 mm","GaRi","8",10
"Rincon",2019-01-31,NA,NA,"Solenopsis xyloni",1,NA,NA,"not measured","DaFl","8",10
"Rincon",2019-01-31,NA,NA,"Entomobryidae",1,NA,NA,"less than 2 mm","GaRi","9",10
"Rincon",2019-01-31,NA,NA,"Mantodea",1,"TRUE",NA,"not measured","DaFl","9",10
"Rincon",2019-01-31,"Empty","empty_trap",NA,NA,NA,NA,NA,NA,"10",10
"Rincon",2019-04-19,NA,NA,"Erythraeidae",88,NA,NA,"less than 2 mm","GaRi","1",10
"Rincon",2019-04-19,NA,NA,"Camponotus",1,NA,NA,"not measured","DaFl","2",10
"Rincon",2019-04-19,NA,NA,"Cicadellidae",1,"TRUE",NA,"not measured","DaFl","2",10
"Rincon",2019-04-19,NA,NA,"Entomobryidae",1,NA,NA,"less than 2 mm","GaRi","2",10
"Rincon",2019-04-19,NA,NA,"Erythraeidae",42,NA,NA,"less than 2 mm","GaRi","2",10
"Rincon",2019-04-19,NA,NA,"Forelius",1,NA,NA,"not measured","DaFl","2",10
"Rincon",2019-04-19,NA,NA,"Anystidae",6,NA,NA,"less than 2 mm","GaRi","3",10
"Rincon",2019-04-19,NA,NA,"Erythraeidae",33,NA,NA,"less than 2 mm","GaRi","3",10
"Rincon",2019-04-19,NA,NA,"Lepismatidae",1,NA,NA,"not measured","GaRi","3",10
"Rincon",2019-04-19,NA,NA,"Anystidae",2,NA,NA,"less than 2 mm","GaRi","4",10
"Rincon",2019-04-19,NA,NA,"Cicadellidae",1,"TRUE",NA,"not measured","DaFl","4",10
"Rincon",2019-04-19,NA,NA,"Entomobryidae",9,NA,NA,"less than 2 mm","GaRi","4",10
"Rincon",2019-04-19,NA,NA,"Erythraeidae",20,NA,NA,"less than 2 mm","GaRi","4",10
"Rincon",2019-04-19,NA,NA,"Mecinus",3,NA,NA,"not measured","DaFl","4",10
"Rincon",2019-04-19,NA,NA,"Rhyparochromidae",2,NA,NA,"not measured","DaFl","4",10
"Rincon",2019-04-19,NA,NA,"Xysticus",1,NA,NA,"not measured","DaFl","4",10
"Rincon",2019-04-19,NA,NA,"Anystidae",1,NA,NA,"less than 2 mm","GaRi","5",10
"Rincon",2019-04-19,NA,NA,"Erythraeidae",148,NA,NA,"less than 2 mm","GaRi","5",10
"Rincon",2019-04-19,NA,NA,"Lepismatidae",1,NA,NA,"not measured","DaFl","5",10
"Rincon",2019-04-19,NA,NA,"Anystidae",3,NA,NA,"less than 2 mm","GaRi","6",10
"Rincon",2019-04-19,NA,NA,"Erythraeidae",146,NA,NA,"less than 2 mm","GaRi","6",10
"Rincon",2019-04-19,NA,NA,"Triorophus",1,NA,NA,"not measured","DaFl","6",10
"Rincon",2019-04-19,NA,NA,"Anystidae",2,NA,NA,"less than 2 mm","GaRi","7",10
"Rincon",2019-04-19,NA,NA,"Chalcidoidea",1,NA,NA,"not measured","DaFl","7",10
"Rincon",2019-04-19,NA,NA,"Erythraeidae",52,NA,NA,"less than 2 mm","GaRi","7",10
"Rincon",2019-04-19,NA,NA,"Erythraeidae",39,NA,NA,"less than 2 mm","GaRi","8",10
"Rincon",2019-04-19,NA,NA,"Anystoidea",1,NA,NA,"not measured","DaFl","9",10
"Rincon",2019-04-19,NA,NA,"Carabidae",1,"TRUE",NA,"not measured","DaFl","9",10
"Rincon",2019-04-19,NA,NA,"Erythraeidae",45,NA,NA,"less than 2 mm","GaRi","9",10
"Rincon",2019-04-19,NA,NA,"Mantodea",1,"TRUE",NA,"not measured","DaFl","9",10
"Rincon",2019-04-19,NA,NA,"Erythraeidae",6,NA,NA,"less than 2 mm","GaRi","10",10
"Rincon",2019-10-25,NA,NA,"Anystoidea",1,NA,NA,"not measured","DaFl","1",10
"Rincon",2019-10-25,NA,NA,"Chyphotes",1,NA,NA,"not measured","DaFl","1",10
"Rincon",2019-10-25,NA,NA,"Erythraeidae",1,NA,NA,"not measured","DaFl","1",10
"Rincon",2019-10-25,NA,NA,"Lepismatidae",2,NA,NA,"not measured","DaFl","1",10
"Rincon",2019-10-25,NA,NA,"Xysticus",1,NA,NA,"not measured","DaFl","1",10
"Rincon",2019-10-25,NA,NA,"Forelius pruinosus",1,NA,NA,"not measured","DaFl","2",10
"Rincon",2019-10-25,NA,NA,"Lepismatidae",1,NA,NA,"not measured","DaFl","2",10
"Rincon",2019-10-25,NA,NA,"Solenopsis xyloni",14,NA,NA,"not measured","DaFl","2",10
"Rincon",2019-10-25,NA,NA,"Anystoidea",1,NA,NA,"not measured","DaFl","3",10
"Rincon",2019-10-25,NA,NA,"Entomobryidae",2,NA,NA,"not measured","DaFl","3",10
"Rincon",2019-10-25,NA,NA,"Lepismatidae",2,NA,NA,"not measured","DaFl","3",10
"Rincon",2019-10-25,NA,NA,"Ammotrechidae",1,NA,NA,"not measured","DaFl","4",10
"Rincon",2019-10-25,NA,NA,"Entomobryidae",5,NA,NA,"not measured","DaFl","4",10
"Rincon",2019-10-25,NA,NA,"Solenopsis amblychila",1,NA,NA,"not measured","DaFl","4",10
"Rincon",2019-10-25,NA,NA,"Chyphotes",1,NA,NA,"not measured","DaFl","5",10
"Rincon",2019-10-25,NA,NA,"Lepismatidae",6,NA,NA,"not measured","DaFl","6",10
"Rincon",2019-10-25,NA,NA,"Lepismatidae",3,NA,NA,"not measured","DaFl","7",10
"Rincon",2019-10-25,NA,NA,"Tetramorium",1,NA,NA,"not measured","DaFl","7",10
"Rincon",2019-10-25,NA,NA,"Camponotus",1,NA,NA,"not measured","DaFl","8",10
"Rincon",2019-10-25,NA,NA,"Cicadellidae",1,NA,NA,"not measured","DaFl","8",10
"Rincon",2019-10-25,NA,NA,"Paravaejovis spinigerus",1,NA,NA,"greater than 10 mm","DaFl","8",10
"Rincon",2019-10-25,NA,NA,"Solenopsis xyloni",2,NA,NA,"not measured","DaFl","8",10
"Rincon",2019-10-25,NA,NA,"Entomobryidae",5,NA,NA,"not measured","DaFl","9",10
"Rincon",2019-10-25,NA,NA,"Solenopsis xyloni",56,NA,NA,"not measured","DaFl","9",10
"Rincon",2019-10-25,NA,NA,"Trombidioidea",1,NA,NA,"not measured","DaFl","9",10
"Rincon",2019-10-25,"Empty","empty_trap",NA,NA,NA,NA,NA,NA,"10",10
"Rincon",2020-01-25,NA,NA,"Thripidae",2,NA,NA,"not measured","DaFl","1",10
"Rincon",2020-01-25,NA,NA,"Entomobryidae",1,NA,NA,"not measured","DaFl","2",10
"Rincon",2020-01-25,NA,NA,"Lepidoptera",1,"TRUE",NA,"not measured","DaFl","2",10
"Rincon",2020-01-25,NA,NA,"Staphylinidae",1,NA,NA,"not measured","DaFl","2",10
"Rincon",2020-01-25,NA,NA,"Linyphiidae",1,NA,NA,"not measured","DaFl","3",10
"Rincon",2020-01-25,NA,NA,"Anystoidea",1,NA,NA,"not measured","DaFl","4",10
"Rincon",2020-01-25,NA,NA,"Chrysomelidae",1,"TRUE",NA,"not measured","DaFl","4",10
"Rincon",2020-01-25,NA,NA,"Lepidoptera",1,"TRUE",NA,"not measured","DaFl","4",10
"Rincon",2020-01-25,NA,NA,"Entomobryidae",1,NA,NA,"not measured","DaFl","5",10
"Rincon",2020-01-25,NA,NA,"Solenopsis xyloni",1,NA,NA,"not measured","DaFl","5",10
"Rincon",2020-01-25,NA,NA,"Thripidae",1,NA,NA,"not measured","DaFl","5",10
"Rincon",2020-01-25,"Empty","empty_trap",NA,NA,NA,NA,NA,NA,"6",10
"Rincon",2020-01-25,NA,NA,"Chrysomelidae",1,"TRUE",NA,"not measured","DaFl","7",10
"Rincon",2020-01-25,NA,NA,"Lepidoptera",1,"TRUE",NA,"not measured","DaFl","7",10
"Rincon",2020-01-25,NA,NA,"Thripidae",2,NA,NA,"not measured","DaFl","7",10
"Rincon",2020-01-25,NA,NA,"Anystoidea",1,NA,NA,"not measured","DaFl","8",10
"Rincon",2020-01-25,NA,NA,"Sminthuridae",1,NA,NA,"not measured","DaFl","9",10
"Rincon",2020-01-25,NA,NA,"Anystoidea",4,NA,NA,"not measured","DaFl","10",10
"Rincon",2020-01-25,NA,NA,"Entomobryidae",1,NA,NA,"not measured","DaFl","10",10
"Rincon",2020-01-25,NA,NA,"Linyphiidae",2,NA,NA,"not measured","DaFl","10",10
"Rincon",2020-01-25,NA,NA,"Sminthuridae",1,NA,NA,"not measured","DaFl","10",10
"Rincon",2020-04-24,NA,NA,"Caeculidae",1,NA,NA,"not measured","DaFl","1",10
"Rincon",2020-04-24,NA,NA,"Curculionidae",1,NA,NA,"not measured","DaFl","1",10
"Rincon",2020-04-24,NA,NA,"Hemiptera",2,"TRUE",NA,"not measured","DaFl","1",10
"Rincon",2020-04-24,NA,NA,"Anystoidea",1,NA,NA,"not measured","DaFl","2",10
"Rincon",2020-04-24,NA,NA,"Curculionidae",2,NA,NA,"not measured","DaFl","2",10
"Rincon",2020-04-24,NA,NA,"Lepismatidae",1,NA,NA,"not measured","DaFl","2",10
"Rincon",2020-04-24,NA,NA,"Rhopalidae",1,NA,NA,"not measured","DaFl","2",10
"Rincon",2020-04-24,NA,NA,"Solenopsis xyloni",1,NA,NA,"not measured","DaFl","2",10
"Rincon",2020-04-24,NA,NA,"Anystoidea",1,NA,NA,"not measured","DaFl","3",10
"Rincon",2020-04-24,NA,NA,"Aphididae",1,NA,NA,"not measured","DaFl","3",10
"Rincon",2020-04-24,NA,NA,"Curculionidae",1,NA,NA,"not measured","DaFl","3",10
"Rincon",2020-04-24,NA,NA,"Erythraeoidea",1,NA,NA,"not measured","DaFl","3",10
"Rincon",2020-04-24,NA,NA,"Geocoris",1,NA,NA,"not measured","DaFl","3",10
"Rincon",2020-04-24,NA,NA,"Myrmosidae",1,NA,NA,"not measured","DaFl","3",10
"Rincon",2020-04-24,NA,NA,"Pholcidae",1,NA,NA,"not measured","DaFl","3",10
"Rincon",2020-04-24,NA,NA,"Solenopsis xyloni",4,NA,NA,"not measured","DaFl","3",10
"Rincon",2020-04-24,NA,NA,"Anystoidea",2,NA,NA,"not measured","DaFl","4",10
"Rincon",2020-04-24,NA,NA,"Entomobryidae",1,NA,NA,"not measured","DaFl","4",10
"Rincon",2020-04-24,NA,NA,"Erythraeoidea",1,NA,NA,"not measured","DaFl","4",10
"Rincon",2020-04-24,NA,NA,"Lepismatidae",1,NA,NA,"not measured","DaFl","4",10
"Rincon",2020-04-24,NA,NA,"Bdellidae",1,NA,NA,"not measured","DaFl","5",10
"Rincon",2020-04-24,NA,NA,"Cicadellidae",1,"TRUE",NA,"not measured","DaFl","5",10
"Rincon",2020-04-24,NA,NA,"Curculionidae",1,NA,NA,"not measured","DaFl","5",10
"Rincon",2020-04-24,NA,NA,"Solenopsis xyloni",9,NA,NA,"not measured","DaFl","5",10
"Rincon",2020-04-24,NA,NA,"Termitidae",2,NA,NA,"not measured","DaFl","5",10
"Rincon",2020-04-24,NA,NA,"Aphididae",1,NA,NA,"not measured","DaFl","6",10
"Rincon",2020-04-24,NA,NA,"Bdellidae",1,NA,NA,"not measured","DaFl","6",10
"Rincon",2020-04-24,NA,NA,"Curculionidae",1,NA,NA,"not measured","DaFl","6",10
"Rincon",2020-04-24,NA,NA,"Erythraeoidea",1,NA,NA,"not measured","DaFl","6",10
"Rincon",2020-04-24,NA,NA,"Hemiptera",1,"TRUE",NA,"not measured","DaFl","6",10
"Rincon",2020-04-24,NA,NA,"Linyphiidae",2,NA,NA,"not measured","DaFl","6",10
"Rincon",2020-04-24,NA,NA,"Solenopsis xyloni",3,NA,NA,"not measured","DaFl","6",10
"Rincon",2020-04-24,NA,NA,"Triorophus",1,NA,NA,"not measured","DaFl","6",10
"Rincon",2020-04-24,NA,NA,"Bdellidae",1,NA,NA,"not measured","DaFl","7",10
"Rincon",2020-04-24,NA,NA,"Curculionidae",1,NA,NA,"not measured","DaFl","7",10
"Rincon",2020-04-24,NA,NA,"Cicadellidae",1,"TRUE",NA,"not measured","DaFl","8",10
"Rincon",2020-04-24,NA,NA,"Curculionidae",1,NA,NA,"not measured","DaFl","8",10
"Rincon",2020-04-24,NA,NA,"Staphylinidae",1,NA,NA,"not measured","DaFl","8",10
"Rincon",2020-04-24,NA,NA,"Entomobryidae",1,NA,NA,"not measured","DaFl","9",10
"Rincon",2020-04-24,NA,NA,"Anystoidea",1,NA,NA,"not measured","DaFl","10",10
"Rincon",2020-04-24,NA,NA,"Anystoidea",1,NA,NA,"not measured","DaFl","10",10
"Rincon",2020-04-24,NA,NA,"Curculionidae",2,NA,NA,"not measured","DaFl","10",10
"Rincon",2020-04-24,NA,NA,"Isopoda",1,NA,NA,"not measured","DaFl","10",10
"Rincon",2020-04-24,NA,NA,"Lepismatidae",7,NA,NA,"not measured","DaFl","10",10
"Rincon",2020-04-24,NA,NA,"Nocibiotes",1,NA,NA,"not measured","DaFl","10",10
"Rincon",2020-04-24,NA,NA,"Oecobius",1,NA,NA,"not measured","DaFl","10",10
"Rincon",2020-10-22,"empty","empty_trap",NA,NA,NA,NA,NA,NA,"1",10
"Rincon",2020-10-22,NA,NA,"Forelius",1,NA,NA,"not measured","DaFl","2",10
"Rincon",2020-10-22,NA,NA,"Lepismatidae",3,NA,NA,"not measured","DaFl","2",10
"Rincon",2020-10-22,NA,NA,"Solenopsis xyloni",2,NA,NA,"not measured","DaFl","2",10
"Rincon",2020-10-22,NA,NA,"Lepismatidae",3,NA,NA,"not measured","DaFl","3",10
"Rincon",2020-10-22,NA,NA,"Solenopsis xyloni",2,NA,NA,"not measured","DaFl","3",10
"Rincon",2020-10-22,NA,NA,"Lepismatidae",3,NA,NA,"not measured","DaFl","4",10
"Rincon",2020-10-22,NA,NA,"Paravaejovis spinigerus",1,NA,NA,"greater than 10 mm","DaFl","4",10
"Rincon",2020-10-22,NA,NA,"Lepismatidae",1,NA,NA,"not measured","DaFl","5",10
"Rincon",2020-10-22,NA,NA,"Solenopsis xyloni",3,NA,NA,"not measured","DaFl","5",10
"Rincon",2020-10-22,NA,NA,"Lepismatidae",9,NA,NA,"not measured","DaFl","6",10
"Rincon",2020-10-22,NA,NA,"Syntomus americanus",1,NA,NA,"not measured","DaFl","6",10
"Rincon",2020-10-22,"empty","empty_trap",NA,NA,NA,NA,NA,NA,"7",10
"Rincon",2020-10-22,"empty","empty_trap",NA,NA,NA,NA,NA,NA,"8",10
"Rincon",2020-10-22,"empty","empty_trap",NA,NA,NA,NA,NA,NA,"9",10
"Rincon",2020-10-22,"lizard removed from trap",NA,"Lepismatidae",86,NA,NA,"not measured","DaFl","10",10
"Rincon",2020-10-22,"lizard removed from trap",NA,"Solenopsis xyloni",1,NA,NA,"not measured","DaFl","10",10
"Rincon",2021-01-21,NA,NA,"Solenopsis xyloni",1,NA,NA,"not measured","DaFl","1",10
"Rincon",2021-01-21,"empty","empty_trap",NA,NA,NA,NA,NA,NA,"2",10
"Rincon",2021-01-21,NA,NA,"Erythraeoidea",1,NA,NA,"not measured","DaFl","3",10
"Rincon",2021-01-21,NA,NA,"Solenopsis xyloni",1,NA,NA,"not measured","DaFl","3",10
"Rincon",2021-01-21,NA,NA,"Lepismatidae",3,NA,NA,"not measured","DaFl","4",10
"Rincon",2021-01-21,NA,NA,"Solenopsis xyloni",1,NA,NA,"not measured","DaFl","4",10
"Rincon",2021-01-21,NA,NA,"Tenebrionidae",1,NA,NA,"not measured","DaFl","4",10
"Rincon",2021-01-21,NA,NA,"Xysticus",1,NA,NA,"not measured","DaFl","4",10
"Rincon",2021-01-21,"empty","empty_trap",NA,NA,NA,NA,NA,NA,"5",10
"Rincon",2021-01-21,"empty","empty_trap",NA,NA,NA,NA,NA,NA,"6",10
"Rincon",2021-01-21,NA,NA,"Erythraeoidea",1,NA,NA,"not measured","DaFl","7",10
"Rincon",2021-01-21,NA,NA,"Solenopsis xyloni",4,NA,NA,"not measured","DaFl","7",10
"Rincon",2021-01-21,NA,NA,"Solenopsis xyloni",2,NA,NA,"not measured","DaFl","8",10
"Rincon",2021-01-21,NA,NA,"Xysticus",1,NA,NA,"not measured","DaFl","8",10
"Rincon",2021-01-21,"empty","empty_trap",NA,NA,NA,NA,NA,NA,"9",10
"Rincon",2021-01-21,"empty","empty_trap",NA,NA,NA,NA,NA,NA,"10",10
"Rincon",2021-04-23,NA,NA,"Lepismatidae",3,NA,NA,"not measured","DaFl","1",10
"Rincon",2021-04-23,NA,NA,"Anystoidea",1,NA,NA,"not measured","DaFl","2",10
"Rincon",2021-04-23,NA,NA,"Diptera",16,"TRUE",NA,"not measured","DaFl","2",10
"Rincon",2021-04-23,NA,NA,"Lepismatidae",1,NA,NA,"not measured","DaFl","2",10
"Rincon",2021-04-23,NA,NA,"Mantidae",1,NA,NA,"not measured","DaFl","2",10
"Rincon",2021-04-23,NA,NA,"Lepismatidae",2,NA,NA,"not measured","DaFl","3",10
"Rincon",2021-04-23,NA,NA,"Solenopsis xyloni",5,NA,NA,"not measured","DaFl","3",10
"Rincon",2021-04-23,NA,NA,"Lepismatidae",5,NA,NA,"not measured","DaFl","4",10
"Rincon",2021-04-23,NA,NA,"Aphididae",1,NA,NA,"not measured","DaFl","5",10
"Rincon",2021-04-23,NA,NA,"Solenopsis xyloni",1,NA,NA,"not measured","DaFl","6",10
"Rincon",2021-04-23,NA,NA,"Lepismatidae",15,NA,NA,"not measured","DaFl","7",10
"Rincon",2021-04-23,NA,NA,"Solenopsis xyloni",12,NA,NA,"not measured","DaFl","7",10
"Rincon",2021-04-23,NA,NA,"Solenopsis xyloni",1,NA,NA,"not measured","DaFl","8",10
"Rincon",2021-04-23,NA,NA,"Lepismatidae",1,NA,NA,"not measured","DaFl","9",10
"Rincon",2021-04-23,NA,NA,"Scolopendridae",1,NA,NA,"greater than 10 mm","DaFl","9",10
"Rincon",2021-04-23,NA,NA,"Xysticus",1,NA,NA,"not measured","DaFl","9",10
"Rincon",2021-04-23,NA,NA,"Lepismatidae",24,NA,NA,"not measured","DaFl","10",10
"Rincon",2021-04-23,NA,NA,"Psilochorus",1,NA,NA,"not measured","DaFl","10",10
"Rincon",2021-10-22,NA,NA,"Melanaethus",2,"FALSE","FALSE","not measured","DaFl","1",10
"Rincon",2021-10-22,NA,NA,"Solenopsis xyloni",20,"FALSE","FALSE","not measured","DaFl","1",10
"Rincon",2021-10-22,NA,NA,"Solenopsis xyloni",21,"FALSE","FALSE","not measured","DaFl","2",10
"Rincon",2021-10-22,NA,NA,"Solenopsis xyloni",137,"FALSE","FALSE","not measured","DaFl","3",10
"Rincon",2021-10-22,NA,NA,"Entomobryidae",1,"FALSE","FALSE","not measured","DaFl","4",10
"Rincon",2021-10-22,NA,NA,"Solenopsis xyloni",11,"FALSE","FALSE","not measured","DaFl","4",10
"Rincon",2021-10-22,NA,NA,"Carabidae",1,"FALSE","FALSE","not measured","DaFl","5",10
"Rincon",2021-10-22,NA,NA,"Solenopsis xyloni",39,"FALSE","FALSE","not measured","DaFl","5",10
"Rincon",2021-10-22,NA,NA,"Solenopsis xyloni",7,"FALSE","FALSE","not measured","DaFl","6",10
"Rincon",2021-10-22,NA,NA,"Melanaethus",1,"FALSE","FALSE","not measured","DaFl","7",10
"Rincon",2021-10-22,NA,NA,"Solenopsis xyloni",64,"FALSE","FALSE","not measured","DaFl","7",10
"Rincon",2021-10-22,NA,NA,"Melanaethus",1,"FALSE","FALSE","not measured","DaFl","8",10
"Rincon",2021-10-22,NA,NA,"Solenopsis xyloni",84,"FALSE","FALSE","not measured","DaFl","8",10
"Rincon",2021-10-22,NA,NA,"Geocoris",1,"FALSE","FALSE","not measured","DaFl","9",10
"Rincon",2021-10-22,NA,NA,"Melanaethus",2,"FALSE","FALSE","not measured","DaFl","9",10
"Rincon",2021-10-22,NA,NA,"Solenopsis xyloni",235,"FALSE","FALSE","not measured","DaFl","9",10
"Rincon",2021-10-22,NA,NA,"Syntomus americanus",1,"FALSE","FALSE","not measured","DaFl","9",10
"Rincon",2021-10-22,NA,NA,"Solenopsis xyloni",48,"FALSE","FALSE","not measured","DaFl","10",10
"Rincon",2022-01-21,NA,NA,"Entomobryidae",3,"FALSE","FALSE","not measured","DaFl","1",10
"Rincon",2022-01-21,NA,NA,"Solenopsis xyloni",11,"FALSE","FALSE","not measured","DaFl","1",10
"Rincon",2022-01-21,NA,NA,"Entomobryidae",1,"FALSE","FALSE","not measured","DaFl","2",10
"Rincon",2022-01-21,NA,NA,"Ptomaphagus",1,"FALSE","FALSE","not measured","DaFl","2",10
"Rincon",2022-01-21,NA,NA,"Solenopsis xyloni",1,"FALSE","FALSE","not measured","DaFl","2",10
"Rincon",2022-01-21,NA,NA,"Entomobryidae",2,"FALSE","FALSE","not measured","DaFl","3",10
"Rincon",2022-01-21,NA,NA,"Pronotacantha",1,"FALSE","FALSE","not measured","DaFl","3",10
"Rincon",2022-01-21,NA,NA,"Ptomaphagus",1,"FALSE","FALSE","not measured","DaFl","3",10
"Rincon",2022-01-21,NA,NA,"Solenopsis xyloni",1,"FALSE","FALSE","not measured","DaFl","3",10
"Rincon",2022-01-21,NA,NA,"Tennesseellum",1,"FALSE","FALSE","not measured","DaFl","3",10
"Rincon",2022-01-21,NA,NA,"Cicadellidae",1,"FALSE","FALSE","not measured","DaFl","4",10
"Rincon",2022-01-21,NA,NA,"Discoderus",1,"FALSE","FALSE","not measured","DaFl","4",10
"Rincon",2022-01-21,NA,NA,"Ligyrocoris",1,"FALSE","FALSE","not measured","DaFl","4",10
"Rincon",2022-01-21,NA,NA,"Pronotacantha",1,"FALSE","FALSE","not measured","DaFl","4",10
"Rincon",2022-01-21,NA,NA,"Solenopsis xyloni",7,"FALSE","FALSE","not measured","DaFl","4",10
"Rincon",2022-01-21,NA,NA,"Hemiptera",1,"TRUE","FALSE","not measured","DaFl","5",10
"Rincon",2022-01-21,NA,NA,"Pompilidae",1,"FALSE","FALSE","not measured","DaFl","5",10
"Rincon",2022-01-21,NA,NA,"Solenopsis xyloni",4,"FALSE","FALSE","not measured","DaFl","5",10
"Rincon",2022-01-21,NA,NA,"Curculionidae",1,"FALSE","FALSE","not measured","DaFl","6",10
"Rincon",2022-01-21,NA,NA,"Solenopsis xyloni",1,"FALSE","FALSE","not measured","DaFl","7",10
"Rincon",2022-01-21,NA,NA,"Theridiidae",1,"FALSE","FALSE","not measured","DaFl","7",10
"Rincon",2022-01-21,NA,NA,"Erythraeoidea",1,"FALSE","FALSE","not measured","DaFl","8",10
"Rincon",2022-01-21,NA,NA,"Ptomaphagus",1,"FALSE","FALSE","not measured","DaFl","8",10
"Rincon",2022-01-21,NA,NA,"Melanaethus",1,"FALSE","FALSE","not measured","DaFl","9",10
"Rincon",2022-01-21,NA,NA,"Rhyparochromidae",2,"FALSE","FALSE","not measured","DaFl","9",10
"Rincon",2022-01-21,NA,NA,"Solenopsis xyloni",7,"FALSE","FALSE","not measured","DaFl","9",10
"Rincon",2022-01-21,NA,NA,"Theridiidae",1,"FALSE","FALSE","not measured","DaFl","9",10
"Rincon",2022-01-21,NA,NA,"Ptomaphagus",1,"FALSE","FALSE","not measured","DaFl","10",10
"Rincon",2022-04-21,NA,NA,"Anystoidea",4,"FALSE","FALSE","not measured","DaFl","1",10
"Rincon",2022-04-21,NA,NA,"Entomobryidae",8,"FALSE","FALSE","not measured","DaFl","1",10
"Rincon",2022-04-21,NA,NA,"Forelius",5,"FALSE","FALSE","not measured","DaFl","1",10
"Rincon",2022-04-21,NA,NA,"Gnaphosidae",1,"FALSE","FALSE","not measured","DaFl","1",10
"Rincon",2022-04-21,NA,NA,"Lepismatidae",1,"FALSE","FALSE","not measured","DaFl","1",10
"Rincon",2022-04-21,NA,NA,"Solenopsis xyloni",4,"FALSE","FALSE","not measured","DaFl","1",10
"Rincon",2022-04-21,NA,NA,"Sphaeropthalma",1,"FALSE","FALSE","not measured","DaFl","1",10
"Rincon",2022-04-21,NA,NA,"Steatoda",1,"FALSE","FALSE","not measured","DaFl","1",10
"Rincon",2022-04-21,NA,NA,"Carabidae",1,"FALSE","FALSE","not measured","DaFl","2",10
"Rincon",2022-04-21,NA,NA,"Chyphotes",1,"FALSE","FALSE","not measured","DaFl","2",10
"Rincon",2022-04-21,NA,NA,"Nocibiotes",1,"FALSE","FALSE","not measured","DaFl","2",10
"Rincon",2022-04-21,NA,NA,"Solenopsis xyloni",2,"FALSE","FALSE","not measured","DaFl","3",10
"Rincon",2022-04-21,NA,NA,"Carabidae",6,"FALSE","FALSE","not measured","DaFl","4",10
"Rincon",2022-04-21,NA,NA,"Gnaphosidae",1,"FALSE","FALSE","not measured","DaFl","4",10
"Rincon",2022-04-21,NA,NA,"Solenopsis xyloni",88,"FALSE","FALSE","not measured","DaFl","5",10
"Rincon",2022-04-21,NA,NA,"Anystoidea",2,"FALSE","FALSE","not measured","DaFl","6",10
"Rincon",2022-04-21,NA,NA,"Carabidae",1,"FALSE","FALSE","not measured","DaFl","6",10
"Rincon",2022-04-21,NA,NA,"Emblethis",1,"FALSE","FALSE","not measured","DaFl","6",10
"Rincon",2022-04-21,NA,NA,"Gnaphosidae",1,"FALSE","FALSE","not measured","DaFl","6",10
"Rincon",2022-04-21,NA,NA,"Salticidae",1,"FALSE","FALSE","not measured","DaFl","6",10
"Rincon",2022-04-21,NA,NA,"Solenopsis xyloni",4,"FALSE","FALSE","not measured","DaFl","6",10
"Rincon",2022-04-21,NA,NA,"Theridiidae",1,"FALSE","FALSE","not measured","DaFl","6",10
"Rincon",2022-04-21,NA,NA,"Anystoidea",2,"FALSE","FALSE","not measured","DaFl","7",10
"Rincon",2022-04-21,NA,NA,"Carabidae",2,"FALSE","FALSE","not measured","DaFl","7",10
"Rincon",2022-04-21,NA,NA,"Chyphotes",1,"FALSE","FALSE","not measured","DaFl","7",10
"Rincon",2022-04-21,NA,NA,"Entomobryidae",5,"FALSE","FALSE","not measured","DaFl","7",10
"Rincon",2022-04-21,NA,NA,"Erythraeoidea",2,"FALSE","FALSE","not measured","DaFl","7",10
"Rincon",2022-04-21,NA,NA,"Solenopsis xyloni",2,"FALSE","FALSE","not measured","DaFl","7",10
"Rincon",2022-04-21,NA,NA,"Triorophus",1,"FALSE","FALSE","not measured","DaFl","7",10
"Rincon",2022-04-21,"Lizard found in trap","empty_trap",NA,NA,NA,NA,NA,NA,"8",10
"Rincon",2022-04-21,NA,NA,"Anystoidea",10,"FALSE","FALSE","not measured","DaFl","9",10
"Rincon",2022-04-21,NA,NA,"Entomobryidae",75,"FALSE","FALSE","not measured","DaFl","9",10
"Rincon",2022-04-21,NA,NA,"Entomobryidae",22,"FALSE","FALSE","not measured","DaFl","9",10
"Rincon",2022-04-21,NA,NA,"Forelius",5,"FALSE","FALSE","not measured","DaFl","9",10
"Rincon",2022-04-21,NA,NA,"Linyphiidae",1,"FALSE","FALSE","not measured","DaFl","9",10
"Rincon",2022-04-21,NA,NA,"Solenopsis xyloni",40,"FALSE","FALSE","not measured","DaFl","9",10
"Rincon",2022-04-21,NA,NA,"Anystoidea",6,"FALSE","FALSE","not measured","DaFl","10",10
"Rincon",2022-04-21,NA,NA,"Entomobryidae",1,"FALSE","FALSE","not measured","DaFl","10",10
"Rincon",2022-04-21,NA,NA,"Nocibiotes",1,"FALSE","FALSE","not measured","DaFl","10",10
"Rincon",2022-04-21,NA,NA,"Solenopsis xyloni",1,"FALSE","FALSE","not measured","DaFl","10",10
"Rincon",2022-10-18,NA,NA,"Entomobryidae",1,"FALSE","FALSE","not measured","DaFl","1",10
"Rincon",2022-10-18,NA,NA,"Hypogastruridae",18,"FALSE","FALSE","not measured","DaFl","1",10
"Rincon",2022-10-18,NA,NA,"Lepismatidae",1,"FALSE","FALSE","not measured","DaFl","1",10
"Rincon",2022-10-18,NA,NA,"Anystoidea",1,"FALSE","FALSE","not measured","DaFl","2",10
"Rincon",2022-10-18,NA,NA,"Diptera",1,"TRUE","FALSE","not measured","DaFl","2",10
"Rincon",2022-10-18,NA,NA,"Emblethis",1,"FALSE","FALSE","not measured","DaFl","2",10
"Rincon",2022-10-18,NA,NA,"Entomobryidae",1,"FALSE","FALSE","not measured","DaFl","2",10
"Rincon",2022-10-18,NA,NA,"Hypogastruridae",28,"FALSE","FALSE","not measured","DaFl","2",10
"Rincon",2022-10-18,NA,NA,"Lepismatidae",1,"FALSE","FALSE","not measured","DaFl","2",10
"Rincon",2022-10-18,NA,NA,"Nocibiotes",1,"FALSE","FALSE","not measured","DaFl","2",10
"Rincon",2022-10-18,NA,NA,"Syntomus americanus",1,"FALSE","FALSE","not measured","DaFl","2",10
"Rincon",2022-10-18,NA,NA,"Anystoidea",1,"FALSE","FALSE","not measured","DaFl","3",10
"Rincon",2022-10-18,NA,NA,"Bdellidae",1,"FALSE","FALSE","not measured","DaFl","3",10
"Rincon",2022-10-18,NA,NA,"Entomobryidae",3,"FALSE","FALSE","not measured","DaFl","3",10
"Rincon",2022-10-18,NA,NA,"Hypogastruridae",27,"FALSE","FALSE","not measured","DaFl","3",10
"Rincon",2022-10-18,NA,NA,"Sminthuridae",1,"FALSE","FALSE","not measured","DaFl","3",10
"Rincon",2022-10-18,NA,NA,"Carabidae",1,"FALSE","FALSE","not measured","DaFl","4",10
"Rincon",2022-10-18,NA,NA,"Hypogastruridae",7,"FALSE","FALSE","not measured","DaFl","4",10
"Rincon",2022-10-18,NA,NA,"Syntomus americanus",1,"FALSE","FALSE","not measured","DaFl","4",10
"Rincon",2022-10-18,NA,NA,"Chalcidoidea",1,"FALSE","FALSE","not measured","DaFl","5",10
"Rincon",2022-10-18,NA,NA,"Entomobryidae",4,"FALSE","FALSE","not measured","DaFl","5",10
"Rincon",2022-10-18,NA,NA,"Hemiptera",1,"FALSE","FALSE","not measured","DaFl","5",10
"Rincon",2022-10-18,NA,NA,"Hemiptera",1,"TRUE","FALSE","not measured","DaFl","5",10
"Rincon",2022-10-18,NA,NA,"Hypogastruridae",22,"FALSE","FALSE","not measured","DaFl","5",10
"Rincon",2022-10-18,NA,NA,"Sminthuridae",2,"FALSE","FALSE","not measured","DaFl","5",10
"Rincon",2022-10-18,NA,NA,"Solenopsis xyloni",2,"FALSE","FALSE","not measured","DaFl","5",10
"Rincon",2022-10-18,NA,NA,"Bdellidae",1,"FALSE","FALSE","not measured","DaFl","6",10
"Rincon",2022-10-18,NA,NA,"Hypogastruridae",16,"FALSE","FALSE","not measured","DaFl","6",10
"Rincon",2022-10-18,NA,NA,"Lepismatidae",1,"FALSE","FALSE","not measured","DaFl","6",10
"Rincon",2022-10-18,NA,NA,"Solenopsis xyloni",1,"FALSE","FALSE","not measured","DaFl","6",10
"Rincon",2022-10-18,NA,NA,"Solenopsis xyloni",17,"FALSE","FALSE","not measured","DaFl","7",10
"Rincon",2022-10-18,NA,NA,"Entomobryidae",2,"FALSE","FALSE","not measured","DaFl","8",10
"Rincon",2022-10-18,NA,NA,"Hypogastruridae",35,"FALSE","FALSE","not measured","DaFl","8",10
"Rincon",2022-10-18,NA,NA,"Sminthuridae",31,"FALSE","FALSE","not measured","DaFl","8",10
"Rincon",2022-10-18,NA,NA,"Solenopsis xyloni",1,"FALSE","FALSE","not measured","DaFl","8",10
"Rincon",2022-10-18,NA,NA,"Entomobryidae",2,"FALSE","FALSE","not measured","DaFl","9",10
"Rincon",2022-10-18,NA,NA,"Hypogastruridae",39,"FALSE","FALSE","not measured","DaFl","9",10
"Rincon",2022-10-18,NA,NA,"Lepismatidae",4,"FALSE","FALSE","not measured","DaFl","9",10
"Rincon",2022-10-18,NA,NA,"Sminthuridae",3,"FALSE","FALSE","not measured","DaFl","9",10
"Rincon",2022-10-18,NA,NA,"Solenopsis xyloni",2,"FALSE","FALSE","not measured","DaFl","9",10
"Rincon",2022-10-18,NA,NA,"Hypogastruridae",4,"FALSE","FALSE","not measured","DaFl","10",10
"Rincon",2022-10-18,NA,NA,"Lepismatidae",3,"FALSE","FALSE","not measured","DaFl","10",10
"Rincon",2022-10-18,NA,NA,"Psilochorus",1,"FALSE","FALSE","not measured","DaFl","10",10
"Rincon",2022-10-18,NA,NA,"Solenopsis xyloni",2,"FALSE","FALSE","not measured","DaFl","10",10
"Rincon",2023-01-20,NA,NA,"Entomobryidae",19,"FALSE","FALSE","not measured","DaFl","1",10
"Rincon",2023-01-20,NA,NA,"Ptomaphagus",1,"FALSE","FALSE","not measured","DaFl","1",10
"Rincon",2023-01-20,NA,NA,"Entomobryidae",2,"FALSE","FALSE","not measured","DaFl","2",10
"Rincon",2023-01-20,NA,NA,"Lepismatidae",1,"FALSE","FALSE","not measured","DaFl","2",10
"Rincon",2023-01-20,NA,NA,"Oribatida",1,"FALSE","FALSE","not measured","DaFl","2",10
"Rincon",2023-01-20,NA,NA,"Ptomaphagus",1,"FALSE","FALSE","not measured","DaFl","2",10
"Rincon",2023-01-20,NA,"empty_trap",NA,NA,NA,NA,NA,NA,"3",10
"Rincon",2023-01-20,NA,NA,"Syntomus americanus",1,"FALSE","FALSE","not measured","DaFl","4",10
"Rincon",2023-01-20,NA,NA,"Entomobryidae",40,"FALSE","FALSE","not measured","DaFl","5",10
"Rincon",2023-01-20,NA,NA,"Solenopsis xyloni",2,"FALSE","FALSE","not measured","DaFl","5",10
"Rincon",2023-01-20,NA,NA,"Entomobryidae",51,"FALSE","FALSE","not measured","DaFl","6",10
"Rincon",2023-01-20,NA,NA,"Oribatida",1,"FALSE","FALSE","not measured","DaFl","6",10
"Rincon",2023-01-20,NA,NA,"Entomobryidae",20,"FALSE","FALSE","not measured","DaFl","7",10
"Rincon",2023-01-20,NA,NA,"Lepismatidae",1,"FALSE","FALSE","not measured","DaFl","7",10
"Rincon",2023-01-20,NA,NA,"Oribatida",1,"FALSE","FALSE","not measured","DaFl","7",10
"Rincon",2023-01-20,NA,NA,"Ceraticelus",1,"FALSE","FALSE","not measured","DaFl","8",10
"Rincon",2023-01-20,NA,NA,"Entomobryidae",1,"FALSE","FALSE","not measured","DaFl","8",10
"Rincon",2023-01-20,NA,NA,"Ptomaphagus",1,"FALSE","FALSE","not measured","DaFl","8",10
"Rincon",2023-01-20,NA,NA,"Solenopsis xyloni",1,"FALSE","FALSE","not measured","DaFl","8",10
"Rincon",2023-01-20,NA,NA,"Cicadellidae",1,"TRUE","FALSE","not measured","DaFl","9",10
"Rincon",2023-01-20,NA,NA,"Erythraeoidea",1,"FALSE","FALSE","not measured","DaFl","9",10
"Rincon",2023-01-20,NA,NA,"Solenopsis xyloni",1,"FALSE","FALSE","not measured","DaFl","10",10
"Rincon",2023-04-19,NA,NA,"Aphis",1,"FALSE","FALSE","not measured","DaFl","1",10
"Rincon",2023-04-19,NA,NA,"Myrmosula",1,"FALSE","FALSE","not measured","DaFl","1",10
"Rincon",2023-04-19,NA,NA,"Caeculidae",1,"FALSE","FALSE","not measured","DaFl","2",10
"Rincon",2023-04-19,NA,NA,"Carabidae",1,"FALSE","FALSE","not measured","DaFl","2",10
"Rincon",2023-04-19,NA,NA,"Nocibiotes",2,"FALSE","FALSE","not measured","DaFl","2",10
"Rincon",2023-04-19,NA,NA,"Salticidae",1,"FALSE","FALSE","not measured","DaFl","2",10
"Rincon",2023-04-19,NA,NA,"Oecobius",2,"FALSE","FALSE","not measured","DaFl","3",10
"Rincon",2023-04-19,NA,NA,"Anystoidea",3,"FALSE","FALSE","not measured","DaFl","4",10
"Rincon",2023-04-19,NA,NA,"Linepithema humile",1,"FALSE","FALSE","not measured","DaFl","4",10
"Rincon",2023-04-19,NA,NA,"Myrmosula",1,"FALSE","FALSE","not measured","DaFl","4",10
"Rincon",2023-04-19,NA,NA,"Carabidae",2,"FALSE","FALSE","not measured","DaFl","5",10
"Rincon",2023-04-19,NA,NA,"Lepismatidae",1,"FALSE","FALSE","not measured","DaFl","5",10
"Rincon",2023-04-19,NA,"empty_trap",NA,NA,NA,NA,NA,NA,"6",10
"Rincon",2023-04-19,NA,NA,"Anystoidea",4,"FALSE","FALSE","not measured","DaFl","7",10
"Rincon",2023-04-19,NA,NA,"Carabidae",1,"FALSE","FALSE","not measured","DaFl","7",10
"Rincon",2023-04-19,NA,NA,"Syntomus americanus",2,"FALSE","FALSE","not measured","DaFl","7",10
"Rincon",2023-04-19,NA,NA,"Deltocephalus",1,"FALSE","FALSE","not measured","DaFl","8",10
"Rincon",2023-04-19,NA,NA,"Solenopsis xyloni",1,"FALSE","FALSE","not measured","DaFl","8",10
"Rincon",2023-04-19,NA,NA,"Syntomus americanus",3,"FALSE","FALSE","not measured","DaFl","8",10
"Rincon",2023-04-19,NA,NA,"Paravaejovis spinigerus",1,"FALSE","FALSE","not measured","DaFl","9",10
"Rincon",2023-04-19,NA,NA,"Solenopsis xyloni",1,"FALSE","FALSE","not measured","DaFl","9",10
"Rincon",2023-04-19,NA,NA,"Anystoidea",1,"FALSE","FALSE","not measured","DaFl","10",10
"Rincon",2023-04-19,NA,NA,"Lepidoptera",1,"TRUE","FALSE","not measured","DaFl","10",10
"Rincon",2023-04-19,NA,NA,"Lepismatidae",4,"FALSE","FALSE","not measured","DaFl","10",10
"Rincon",2023-04-19,NA,NA,"Oecobius",1,"FALSE","FALSE","not measured","DaFl","10",10
"Rincon",2023-04-19,NA,NA,"Solenopsis xyloni",1,"FALSE","FALSE","not measured","DaFl","10",10
"Rincon",2023-04-19,NA,NA,"Syntomus americanus",1,"FALSE","FALSE","not measured","DaFl","10",10
"Rincon",2023-04-19,NA,NA,"Thripidae",1,"FALSE","FALSE","not measured","DaFl","10",10
"Rincon",2023-07-27,NA,NA,"Oligotomidae",1,"FALSE","FALSE","not measured","DaFl","1",10
"Rincon",2023-07-27,NA,NA,"Solenopsis xyloni",6,"FALSE","FALSE","not measured","DaFl","1",10
"Rincon",2023-07-27,NA,NA,"Chyphotes",1,"FALSE","FALSE","not measured","DaFl","2",10
"Rincon",2023-07-27,NA,NA,"Lepismatidae",1,"FALSE","FALSE","not measured","DaFl","2",10
"Rincon",2023-07-27,NA,NA,"Solenopsis xyloni",2,"FALSE","FALSE","not measured","DaFl","2",10
"Rincon",2023-07-27,NA,NA,"Anystoidea",3,"FALSE","FALSE","not measured","DaFl","3",10
"Rincon",2023-07-27,NA,NA,"Lepismatidae",2,"FALSE","FALSE","not measured","DaFl","3",10
"Rincon",2023-07-27,NA,NA,"Solenopsis xyloni",9,"FALSE","FALSE","not measured","DaFl","3",10
"Rincon",2023-07-27,NA,NA,"Anystoidea",2,"FALSE","FALSE","not measured","DaFl","4",10
"Rincon",2023-07-27,NA,NA,"Chyphotes",1,"FALSE","FALSE","not measured","DaFl","4",10
"Rincon",2023-07-27,NA,NA,"Lepismatidae",3,"FALSE","FALSE","not measured","DaFl","4",10
"Rincon",2023-07-27,NA,NA,"Solenopsis xyloni",7,"FALSE","FALSE","not measured","DaFl","4",10
"Rincon",2023-07-27,NA,NA,"Solenopsis xyloni",3,"FALSE","FALSE","not measured","DaFl","5",10
"Rincon",2023-07-27,NA,NA,"Lepismatidae",3,"FALSE","FALSE","not measured","DaFl","6",10
"Rincon",2023-07-27,NA,NA,"Solenopsis xyloni",8,"FALSE","FALSE","not measured","DaFl","6",10
"Rincon",2023-07-27,NA,NA,"Anystoidea",1,"FALSE","FALSE","not measured","DaFl","7",10
"Rincon",2023-07-27,NA,NA,"Lepismatidae",4,"FALSE","FALSE","not measured","DaFl","7",10
"Rincon",2023-07-27,NA,NA,"Solenopsis xyloni",8,"FALSE","FALSE","not measured","DaFl","7",10
"Rincon",2023-07-27,NA,NA,"Solenopsis xyloni",25,"FALSE","FALSE","not measured","DaFl","8",10
"Rincon",2023-07-27,NA,NA,"Bdellidae",1,"FALSE","FALSE","not measured","DaFl","9",10
"Rincon",2023-07-27,NA,NA,"Lepismatidae",1,"FALSE","FALSE","not measured","DaFl","9",10
"Rincon",2023-07-27,NA,NA,"Solenopsis xyloni",11,"FALSE","FALSE","not measured","DaFl","9",10
"Rincon",2023-07-27,NA,NA,"Anystoidea",1,"FALSE","FALSE","not measured","DaFl","10",10
"Rincon",2023-07-27,NA,NA,"Lepismatidae",6,"FALSE","FALSE","not measured","DaFl","10",10
"Rincon",2023-07-27,NA,NA,"Solenopsis xyloni",3,"FALSE","FALSE","not measured","DaFl","10",10
"Rincon",2023-10-26,NA,"empty_trap",NA,NA,NA,NA,NA,NA,"1",10
"Rincon",2023-10-26,NA,NA,"Emblethis",1,"FALSE","FALSE","not measured","DaFl","2",10
"Rincon",2023-10-26,NA,NA,"Lepismatidae",3,"FALSE","FALSE","not measured","DaFl","2",10
"Rincon",2023-10-26,NA,NA,"Solenopsis xyloni",3,"FALSE","FALSE","not measured","DaFl","2",10
"Rincon",2023-10-26,NA,NA,"Lepismatidae",4,"FALSE","FALSE","not measured","DaFl","3",10
"Rincon",2023-10-26,NA,NA,"Solenopsis xyloni",5,"FALSE","FALSE","not measured","DaFl","3",10
"Rincon",2023-10-26,NA,NA,"Lepismatidae",6,"FALSE","FALSE","not measured","DaFl","4",10
"Rincon",2023-10-26,NA,NA,"Solenopsis xyloni",1,"FALSE","FALSE","not measured","DaFl","4",10
"Rincon",2023-10-26,NA,"empty_trap",NA,NA,NA,NA,NA,NA,"5",10
"Rincon",2023-10-26,NA,NA,"Lepismatidae",2,"FALSE","FALSE","not measured","DaFl","6",10
"Rincon",2023-10-26,NA,NA,"Solenopsis xyloni",7,"FALSE","FALSE","not measured","DaFl","6",10
"Rincon",2023-10-26,NA,NA,"Lepismatidae",2,"FALSE","FALSE","not measured","DaFl","7",10
"Rincon",2023-10-26,NA,NA,"Solenopsis xyloni",6,"FALSE","FALSE","not measured","DaFl","8",10
"Rincon",2023-10-26,NA,NA,"Solenopsis xyloni",3,"FALSE","FALSE","not measured","DaFl","9",10
"Rincon",2023-10-26,NA,NA,"Lepismatidae",1,"FALSE","FALSE","not measured","DaFl","10",10
"Rincon",2024-01-20,NA,NA,"Erythraeoidea",5,"FALSE","FALSE","not measured","DaFl","1",10
"Rincon",2024-01-20,NA,NA,"Erythraeoidea",8,"FALSE","FALSE","not measured","DaFl","2",10
"Rincon",2024-01-20,NA,NA,"Psilochorus",1,"FALSE","FALSE","not measured","DaFl","3",10
"Rincon",2024-01-20,NA,NA,"Solenopsis xyloni",1,"FALSE","FALSE","not measured","DaFl","3",10
"Rincon",2024-01-20,NA,NA,"Thripidae",1,"FALSE","FALSE","not measured","DaFl","3",10
"Rincon",2024-01-20,NA,NA,"Psilochorus",3,"FALSE","FALSE","not measured","DaFl","4",10
"Rincon",2024-01-20,NA,NA,"Erythraeoidea",1,"FALSE","FALSE","not measured","DaFl","5",10
"Rincon",2024-01-20,NA,NA,"Hypogastruridae",1,"FALSE","FALSE","not measured","DaFl","5",10
"Rincon",2024-01-20,NA,NA,"Ptomaphagus",2,"FALSE","FALSE","not measured","DaFl","5",10
"Rincon",2024-01-20,NA,NA,"Ammotrechidae",1,"FALSE","FALSE","not measured","DaFl","6",10
"Rincon",2024-01-20,NA,NA,"Lepismatidae",1,"FALSE","FALSE","not measured","DaFl","6",10
"Rincon",2024-01-20,NA,NA,"Solenopsis xyloni",3,"FALSE","FALSE","not measured","DaFl","6",10
"Rincon",2024-01-20,NA,NA,"Emblethis",1,"FALSE","FALSE","not measured","DaFl","7",10
"Rincon",2024-01-20,NA,NA,"Psilochorus",1,"FALSE","FALSE","not measured","DaFl","7",10
"Rincon",2024-01-20,NA,NA,"Theridiidae",2,"FALSE","FALSE","not measured","DaFl","7",10
"Rincon",2024-01-20,NA,NA,"Melanaethus",1,"FALSE","FALSE","not measured","DaFl","8",10
"Rincon",2024-01-20,NA,NA,"Erythraeoidea",1,"FALSE","FALSE","not measured","DaFl","9",10
"Rincon",2024-01-20,NA,"empty_trap",NA,NA,NA,NA,NA,NA,"10",10
"Rincon",2024-04-26,NA,NA,"Anystoidea",7,"FALSE","FALSE","not measured","DaFl","1",10
"Rincon",2024-04-26,NA,NA,"Bdellidae",1,"FALSE","FALSE","not measured","DaFl","1",10
"Rincon",2024-04-26,NA,NA,"Carabidae",5,"TRUE","FALSE","not measured","DaFl","1",10
"Rincon",2024-04-26,NA,NA,"Phlaeothripidae",1,"FALSE","FALSE","not measured","DaFl","1",10
"Rincon",2024-04-26,NA,NA,"Termitidae",1,"FALSE","FALSE","not measured","DaFl","1",10
"Rincon",2024-04-26,NA,NA,"Anystoidea",1,"FALSE","FALSE","not measured","DaFl","2",10
"Rincon",2024-04-26,NA,NA,"Bdellidae",1,"FALSE","FALSE","not measured","DaFl","2",10
"Rincon",2024-04-26,NA,NA,"Carabidae",5,"TRUE","FALSE","not measured","DaFl","2",10
"Rincon",2024-04-26,NA,NA,"Entomobryidae",1,"FALSE","FALSE","not measured","DaFl","2",10
"Rincon",2024-04-26,NA,NA,"Hemiptera",1,"TRUE","FALSE","not measured","DaFl","2",10
"Rincon",2024-04-26,NA,NA,"Lepismatidae",38,"FALSE","FALSE","not measured","DaFl","2",10
"Rincon",2024-04-26,NA,NA,"Linepithema humile",24,"FALSE","FALSE","not measured","DaFl","2",10
"Rincon",2024-04-26,NA,NA,"Nocibiotes",1,"FALSE","FALSE","not measured","DaFl","2",10
"Rincon",2024-04-26,NA,NA,"Anystoidea",1,"FALSE","FALSE","not measured","DaFl","3",10
"Rincon",2024-04-26,NA,NA,"Bdellidae",1,"FALSE","FALSE","not measured","DaFl","3",10
"Rincon",2024-04-26,NA,NA,"Carabidae",7,"TRUE","FALSE","not measured","DaFl","3",10
"Rincon",2024-04-26,NA,NA,"Entomobryidae",3,"FALSE","FALSE","not measured","DaFl","3",10
"Rincon",2024-04-26,NA,NA,"Lepismatidae",1,"FALSE","FALSE","not measured","DaFl","3",10
"Rincon",2024-04-26,NA,NA,"Oecobius",1,"FALSE","FALSE","not measured","DaFl","3",10
"Rincon",2024-04-26,NA,NA,"Entomobryidae",1,"FALSE","FALSE","not measured","DaFl","4",10
"Rincon",2024-04-26,NA,NA,"Lepismatidae",1,"FALSE","FALSE","not measured","DaFl","4",10
"Rincon",2024-04-26,NA,NA,"Tenebrionidae",1,"FALSE","FALSE","not measured","DaFl","4",10
"Rincon",2024-04-26,NA,NA,"Anystoidea",5,"FALSE","FALSE","not measured","DaFl","5",10
"Rincon",2024-04-26,NA,NA,"Entomobryidae",9,"FALSE","FALSE","not measured","DaFl","5",10
"Rincon",2024-04-26,NA,NA,"Bdellidae",1,"FALSE","FALSE","not measured","DaFl","6",10
"Rincon",2024-04-26,NA,NA,"Carabidae",1,"TRUE","FALSE","not measured","DaFl","6",10
"Rincon",2024-04-26,NA,NA,"Lepismatidae",3,"FALSE","FALSE","not measured","DaFl","6",10
"Rincon",2024-04-26,NA,NA,"Nocibiotes",1,"FALSE","FALSE","not measured","DaFl","6",10
"Rincon",2024-04-26,NA,NA,"Anystoidea",3,"FALSE","FALSE","not measured","DaFl","7",10
"Rincon",2024-04-26,NA,NA,"Bdellidae",1,"FALSE","FALSE","not measured","DaFl","7",10
"Rincon",2024-04-26,NA,NA,"Carabidae",1,"TRUE","FALSE","not measured","DaFl","7",10
"Rincon",2024-04-26,NA,NA,"Entomobryidae",15,"FALSE","FALSE","not measured","DaFl","7",10
"Rincon",2024-04-26,NA,NA,"Nocibiotes",2,"FALSE","FALSE","not measured","DaFl","7",10
"Rincon",2024-04-26,NA,NA,"Xysticus",1,"FALSE","FALSE","not measured","DaFl","7",10
"Rincon",2024-04-26,NA,NA,"Bdellidae",1,"FALSE","FALSE","not measured","DaFl","8",10
"Rincon",2024-04-26,NA,NA,"Carabidae",3,"TRUE","FALSE","not measured","DaFl","8",10
"Rincon",2024-04-26,NA,NA,"Drassyllus",1,"FALSE","FALSE","not measured","DaFl","8",10
"Rincon",2024-04-26,NA,NA,"Lepismatidae",1,"FALSE","FALSE","not measured","DaFl","8",10
"Rincon",2024-04-26,NA,NA,"Myrmosula",1,"FALSE","FALSE","not measured","DaFl","8",10
"Rincon",2024-04-26,NA,NA,"Psilochorus",1,"FALSE","FALSE","not measured","DaFl","8",10
"Rincon",2024-04-26,NA,NA,"Entomobryidae",1,"FALSE","FALSE","not measured","DaFl","9",10
"Rincon",2024-04-26,NA,NA,"Lepismatidae",15,"FALSE","FALSE","not measured","DaFl","9",10
"Rincon",2024-04-26,NA,NA,"Psilochorus",2,"FALSE","FALSE","not measured","DaFl","9",10
"Rincon",2024-04-26,NA,NA,"Solenopsis xyloni",6,"FALSE","FALSE","not measured","DaFl","9",10
"Rincon",2024-04-26,NA,NA,"Xysticus",1,"FALSE","FALSE","not measured","DaFl","9",10
"Rincon",2024-04-26,NA,NA,"Lepismatidae",9,"FALSE","FALSE","not measured","DaFl","10",10
"Rincon",2024-04-26,NA,NA,"Paravaejovis spinigerus",1,"FALSE","FALSE","not measured","DaFl","10",10
"Rincon",2024-04-26,NA,NA,"Psilochorus",1,"FALSE","FALSE","not measured","DaFl","10",10
"Rincon",2024-07-20,NA,NA,"Anystoidea",4,"FALSE","FALSE","not measured","DaFl","1",10
"Rincon",2024-07-20,NA,NA,"Anystoidea",4,"FALSE","FALSE","not measured","DaFl","2",10
"Rincon",2024-07-20,NA,NA,"Solenopsis xyloni",6,"FALSE","FALSE","not measured","DaFl","2",10
"Rincon",2024-07-20,NA,NA,"Anystoidea",1,"FALSE","FALSE","not measured","DaFl","3",10
"Rincon",2024-07-20,NA,NA,"Lepismatidae",1,"FALSE","FALSE","not measured","DaFl","3",10
"Rincon",2024-07-20,NA,NA,"Solenopsis xyloni",1,"FALSE","FALSE","not measured","DaFl","3",10
"Rincon",2024-07-20,NA,NA,"Anystoidea",2,"FALSE","FALSE","not measured","DaFl","4",10
"Rincon",2024-07-20,NA,NA,"Lepismatidae",1,"FALSE","FALSE","not measured","DaFl","4",10
"Rincon",2024-07-20,NA,NA,"Solenopsis xyloni",1,"FALSE","FALSE","not measured","DaFl","4",10
"Rincon",2024-07-20,NA,NA,"Anystoidea",1,"FALSE","FALSE","not measured","DaFl","5",10
"Rincon",2024-07-20,NA,NA,"Lepismatidae",1,"FALSE","FALSE","not measured","DaFl","5",10
"Rincon",2024-07-20,NA,NA,"Solenopsis xyloni",1,"FALSE","FALSE","not measured","DaFl","5",10
"Rincon",2024-07-20,NA,NA,"Eupelmidae",1,"FALSE","FALSE","not measured","DaFl","6",10
"Rincon",2024-07-20,NA,NA,"Lepismatidae",6,"FALSE","FALSE","not measured","DaFl","6",10
"Rincon",2024-07-20,NA,NA,"Solenopsis xyloni",3,"FALSE","FALSE","not measured","DaFl","6",10
"Rincon",2024-07-20,NA,NA,"Anystoidea",10,"FALSE","FALSE","not measured","DaFl","7",10
"Rincon",2024-07-20,NA,NA,"Psocodea",1,"FALSE","FALSE","not measured","DaFl","7",10
"Rincon",2024-07-20,NA,NA,NA,NA,NA,NA,NA,NA,"8",10
"Rincon",2024-07-20,NA,NA,"Anystoidea",3,"FALSE","FALSE","not measured","DaFl","9",10
"Rincon",2024-07-20,NA,NA,"Lepismatidae",2,"FALSE","FALSE","not measured","DaFl","9",10
"Rincon",2024-07-20,NA,NA,"Solenopsis xyloni",2,"FALSE","FALSE","not measured","DaFl","9",10
"Rincon",2024-07-20,NA,NA,"Anystoidea",3,"FALSE","FALSE","not measured","DaFl","10",10
"Rincon",2024-07-20,NA,NA,"Lepismatidae",2,"FALSE","FALSE","not measured","DaFl","10",10
"Rincon",2024-07-20,NA,NA,"Solenopsis xyloni",2,"FALSE","FALSE","not measured","DaFl","10",10
"Rincon",2024-10-24,NA,NA,"Ammotrechidae",1,"FALSE","FALSE","not measured","DaFl","1",10
"Rincon",2024-10-24,NA,NA,"Lepismatidae",2,"FALSE","FALSE","not measured","DaFl","1",10
"Rincon",2024-10-24,NA,NA,"Solenopsis xyloni",2,"FALSE","FALSE","not measured","DaFl","1",10
"Rincon",2024-10-24,NA,NA,"Steatoda",1,"FALSE","FALSE","not measured","DaFl","1",10
"Rincon",2024-10-24,NA,NA,"Psilochorus",1,"FALSE","FALSE","not measured","DaFl","2",10
"Rincon",2024-10-24,NA,NA,"Solenopsis xyloni",11,"FALSE","FALSE","not measured","DaFl","2",10
"Rincon",2024-10-24,NA,NA,"Entomobryidae",4,"FALSE","FALSE","not measured","DaFl","3",10
"Rincon",2024-10-24,NA,NA,"Hemiptera",1,"TRUE","FALSE","not measured","DaFl","3",10
"Rincon",2024-10-24,NA,NA,"Lepismatidae",1,"FALSE","FALSE","not measured","DaFl","3",10
"Rincon",2024-10-24,NA,NA,"Lepismatidae",1,"FALSE","FALSE","not measured","DaFl","4",10
"Rincon",2024-10-24,NA,NA,"Solenopsis xyloni",17,"FALSE","FALSE","not measured","DaFl","4",10
"Rincon",2024-10-24,NA,"empty_trap",NA,NA,NA,NA,NA,NA,"5",10
"Rincon",2024-10-24,NA,NA,"Anystoidea",2,"FALSE","FALSE","not measured","DaFl","6",10
"Rincon",2024-10-24,NA,NA,"Lepismatidae",1,"FALSE","FALSE","not measured","DaFl","6",10
"Rincon",2024-10-24,NA,NA,"Solenopsis xyloni",1,"FALSE","FALSE","not measured","DaFl","6",10
"Rincon",2024-10-24,NA,NA,"Lepismatidae",1,"FALSE","FALSE","not measured","DaFl","7",10
"Rincon",2024-10-24,NA,NA,"Anystoidea",1,"FALSE","FALSE","not measured","DaFl","8",10
"Rincon",2024-10-24,NA,NA,"Lepismatidae",1,"FALSE","FALSE","not measured","DaFl","8",10
"Rincon",2024-10-24,NA,NA,"Solenopsis xyloni",1,"FALSE","FALSE","not measured","DaFl","8",10
"Rincon",2024-10-24,NA,NA,"Lepismatidae",1,"FALSE","FALSE","not measured","DaFl","9",10
"Rincon",2024-10-24,NA,NA,"Anystoidea",2,"FALSE","FALSE","not measured","DaFl","10",10
"Rincon",2025-01-25,NA,NA,"Solenopsis xyloni",1,"FALSE","FALSE","not measured","DaFl","1",10
"Rincon",2025-01-25,NA,"empty_trap",NA,NA,NA,NA,NA,NA,"2",10
"Rincon",2025-01-25,NA,"empty_trap",NA,NA,NA,NA,NA,NA,"3",10
"Rincon",2025-01-25,NA,NA,"Anystoidea",1,"FALSE","FALSE","not measured","DaFl","4",10
"Rincon",2025-01-25,NA,NA,"Xysticus",1,"FALSE","FALSE","not measured","DaFl","4",10
"Rincon",2025-01-25,NA,"empty_trap",NA,NA,NA,NA,NA,NA,"5",10
"Rincon",2025-01-25,NA,"empty_trap",NA,NA,NA,NA,NA,NA,"6",10
"Rincon",2025-01-25,NA,"empty_trap",NA,NA,NA,NA,NA,NA,"7",10
"Rincon",2025-01-25,NA,"empty_trap",NA,NA,NA,NA,NA,NA,"8",10
"Rincon",2025-01-25,NA,"empty_trap",NA,NA,NA,NA,NA,NA,"9",10
"Rincon",2025-01-25,NA,NA,"Xysticus",2,"FALSE","FALSE","not measured","DaFl","10",10
"Sunrise",2012-03-02,NA,NA,"Acari",3,NA,NA,"not measured","ChAl","1",10
"Sunrise",2012-03-02,NA,NA,"Bethylidae",1,NA,NA,"not measured","ChAl","1",10
"Sunrise",2012-03-02,NA,NA,"Cicadellidae",1,"TRUE",NA,"not measured","ChAl","1",10
"Sunrise",2012-03-02,NA,NA,"Coccoidea",1,NA,NA,"not measured","ChAl","1",10
"Sunrise",2012-03-02,NA,NA,"Opiliones",2,NA,NA,"not measured","ChAl","1",10
"Sunrise",2012-03-02,NA,NA,"Sminthuridae",1,NA,NA,"not measured","ChAl","1",10
"Sunrise",2012-03-02,NA,NA,"Acari",2,NA,NA,"not measured","ChAl","2",10
"Sunrise",2012-03-02,NA,NA,"Meinertellidae",3,NA,NA,"not measured","ChAl","2",10
"Sunrise",2012-03-02,NA,NA,"Opiliones",3,NA,NA,"not measured","ChAl","2",10
"Sunrise",2012-03-02,NA,NA,"Aphididae",1,NA,NA,"not measured","ChAl","3",10
"Sunrise",2012-03-02,NA,NA,"Psilochorus",1,NA,NA,"not measured","ChAl","3",10
"Sunrise",2012-03-02,NA,NA,"Bombyliidae",1,NA,NA,"not measured","ChAl","4",10
"Sunrise",2012-03-02,NA,NA,"Ophryastes",1,NA,NA,"not measured","ChAl","4",10
"Sunrise",2012-03-02,NA,NA,"Opiliones",1,NA,NA,"not measured","ChAl","4",10
"Sunrise",2012-03-02,NA,NA,"Phytocoris",2,NA,NA,"not measured","ChAl","4",10
"Sunrise",2012-03-02,NA,NA,"Psilochorus",1,NA,NA,"not measured","ChAl","4",10
"Sunrise",2012-03-02,NA,NA,"Acari",2,NA,NA,"not measured","ChAl","5",10
"Sunrise",2012-03-02,NA,NA,"Forelius pruinosus",3,NA,NA,"not measured","ChAl","5",10
"Sunrise",2012-03-02,NA,NA,"Meinertellidae",2,NA,NA,"not measured","ChAl","5",10
"Sunrise",2012-03-02,NA,NA,"Psilochorus",1,NA,NA,"not measured","ChAl","5",10
"Sunrise",2012-03-02,NA,NA,"Acari",1,NA,NA,"not measured","ChAl","6",10
"Sunrise",2012-03-02,NA,NA,"Meinertellidae",3,NA,NA,"not measured","ChAl","6",10
"Sunrise",2012-03-02,NA,NA,"Acari",4,NA,NA,"not measured","ChAl","7",10
"Sunrise",2012-03-02,NA,NA,"Bethylidae",1,NA,NA,"not measured","ChAl","7",10
"Sunrise",2012-03-02,NA,NA,"Bombyliidae",2,NA,NA,"not measured","ChAl","7",10
"Sunrise",2012-03-02,NA,NA,"Cicadellidae",1,"TRUE",NA,"not measured","ChAl","7",10
"Sunrise",2012-03-02,NA,NA,"Coccoidea",2,NA,NA,"not measured","ChAl","7",10
"Sunrise",2012-03-02,NA,NA,"Meinertellidae",1,NA,NA,"not measured","ChAl","7",10
"Sunrise",2012-03-02,NA,NA,"Acari",2,NA,NA,"not measured","ChAl","8",10
"Sunrise",2012-03-02,NA,NA,"Ceraphronidae",1,NA,"TRUE","not measured","ChAl","8",10
"Sunrise",2012-03-02,NA,NA,"Mutillidae",1,NA,NA,"not measured","ChAl","8",10
"Sunrise",2012-03-02,NA,NA,"Phytocoris",1,NA,NA,"not measured","ChAl","8",10
"Sunrise",2012-03-02,NA,NA,"Acari",4,NA,NA,"not measured","ChAl","9",10
"Sunrise",2012-03-02,NA,NA,"Bethylidae",1,NA,NA,"not measured","ChAl","9",10
"Sunrise",2012-03-02,NA,NA,"Encyrtidae",1,NA,NA,"not measured","ChAl","9",10
"Sunrise",2012-03-02,NA,NA,"Entomobryidae",2,NA,NA,"not measured","ChAl","9",10
"Sunrise",2012-03-02,NA,NA,"Forelius pruinosus",5,NA,NA,"not measured","ChAl","9",10
"Sunrise",2012-03-02,NA,NA,"Meinertellidae",2,NA,NA,"not measured","ChAl","9",10
"Sunrise",2012-03-02,NA,NA,"Opiliones",1,NA,NA,"not measured","ChAl","9",10
"Sunrise",2012-03-02,NA,NA,"Phytocoris",1,NA,NA,"not measured","ChAl","9",10
"Sunrise",2012-03-02,NA,NA,"Thanatus",1,NA,NA,"not measured","ChAl","9",10
"Sunrise",2012-03-02,NA,NA,"Acari",3,NA,NA,"not measured","ChAl","10",10
"Sunrise",2012-03-02,NA,NA,"Bombyliidae",1,NA,NA,"not measured","ChAl","10",10
"Sunrise",2012-03-02,NA,NA,"Curculionidae",2,NA,NA,"not measured","ChAl","10",10
"Sunrise",2012-03-02,NA,NA,"Nocibiotes",1,NA,NA,"between 2 and 5 mm","ChAl","10",10
"Sunrise",2012-03-02,NA,NA,"Opiliones",1,NA,NA,"not measured","ChAl","10",10
"Sunrise",2012-03-02,NA,NA,"Psilochorus",1,NA,NA,"not measured","ChAl","10",10
"Sunrise",2012-04-27,"All traps had some water or were dried and crusty from rain the previous day.",NA,"Diptera",1,NA,NA,"not measured","ChAl","1",10
"Sunrise",2012-04-27,"All traps had some water or were dried and crusty from rain the previous day.",NA,"Lepismatidae",2,NA,NA,"not measured","ChAl","1",10
"Sunrise",2012-04-27,"All traps had some water or were dried and crusty from rain the previous day.",NA,"Meinertellidae",9,NA,NA,"not measured","ChAl","1",10
"Sunrise",2012-04-27,"All traps had some water or were dried and crusty from rain the previous day.",NA,"Mutillidae",1,NA,NA,"not measured","ChAl","1",10
"Sunrise",2012-04-27,"All traps had some water or were dried and crusty from rain the previous day.",NA,"Scelionidae",1,NA,NA,"not measured","ChAl","1",10
"Sunrise",2012-04-27,"All traps had some water or were dried and crusty from rain the previous day.",NA,"Acari",3,NA,NA,"not measured","ChAl","2",10
"Sunrise",2012-04-27,"All traps had some water or were dried and crusty from rain the previous day.",NA,"Forelius pruinosus",2,NA,NA,"not measured","ChAl","2",10
"Sunrise",2012-04-27,"All traps had some water or were dried and crusty from rain the previous day.",NA,"Lepismatidae",4,NA,NA,"not measured","ChAl","2",10
"Sunrise",2012-04-27,"All traps had some water or were dried and crusty from rain the previous day.",NA,"Meinertellidae",9,NA,NA,"not measured","ChAl","2",10
"Sunrise",2012-04-27,"All traps had some water or were dried and crusty from rain the previous day.",NA,"Sminthuridae",1,NA,NA,"not measured","ChAl","2",10
"Sunrise",2012-04-27,"All traps had some water or were dried and crusty from rain the previous day.",NA,"Encyrtidae",1,NA,NA,"not measured","ChAl","3",10
"Sunrise",2012-04-27,"All traps had some water or were dried and crusty from rain the previous day.",NA,"Lepismatidae",1,NA,NA,"not measured","ChAl","3",10
"Sunrise",2012-04-27,"All traps had some water or were dried and crusty from rain the previous day.",NA,"Meinertellidae",1,NA,NA,"not measured","ChAl","3",10
"Sunrise",2012-04-27,"All traps had some water or were dried and crusty from rain the previous day.",NA,"Thripidae",1,NA,NA,"not measured","ChAl","3",10
"Sunrise",2012-04-27,"All traps had some water or were dried and crusty from rain the previous day.",NA,"Trichochrous",1,NA,NA,"not measured","ChAl","3",10
"Sunrise",2012-04-27,"All traps had some water or were dried and crusty from rain the previous day.",NA,"Forelius pruinosus",2,NA,NA,"not measured","ChAl","4",10
"Sunrise",2012-04-27,"All traps had some water or were dried and crusty from rain the previous day.",NA,"Lepismatidae",3,NA,NA,"not measured","ChAl","4",10
"Sunrise",2012-04-27,"All traps had some water or were dried and crusty from rain the previous day.",NA,"Meinertellidae",17,NA,NA,"not measured","ChAl","4",10
"Sunrise",2012-04-27,"All traps had some water or were dried and crusty from rain the previous day.",NA,"Acari",11,NA,NA,"not measured","ChAl","5",10
"Sunrise",2012-04-27,"All traps had some water or were dried and crusty from rain the previous day.",NA,"Anepsius",1,NA,NA,"between 2 and 5 mm","ChAl","5",10
"Sunrise",2012-04-27,"All traps had some water or were dried and crusty from rain the previous day.",NA,"Crematogaster",2,NA,NA,"not measured","ChAl","5",10
"Sunrise",2012-04-27,"All traps had some water or were dried and crusty from rain the previous day.",NA,"Cryptoglossa",1,NA,NA,"greater than 10 mm","ChAl","5",10
"Sunrise",2012-04-27,"All traps had some water or were dried and crusty from rain the previous day.",NA,"Forelius pruinosus",20,NA,NA,"not measured","ChAl","5",10
"Sunrise",2012-04-27,"All traps had some water or were dried and crusty from rain the previous day.",NA,"Heleomyzidae",23,NA,NA,"not measured","ChAl","5",10
"Sunrise",2012-04-27,"All traps had some water or were dried and crusty from rain the previous day.",NA,"Lepismatidae",2,NA,NA,"not measured","ChAl","5",10
"Sunrise",2012-04-27,"All traps had some water or were dried and crusty from rain the previous day.",NA,"Meinertellidae",18,NA,NA,"not measured","ChAl","5",10
"Sunrise",2012-04-27,"All traps had some water or were dried and crusty from rain the previous day.",NA,"Sminthuridae",1,NA,NA,"not measured","ChAl","5",10
"Sunrise",2012-04-27,"All traps had some water or were dried and crusty from rain the previous day.",NA,"Acari",1,NA,NA,"not measured","ChAl","6",10
"Sunrise",2012-04-27,"All traps had some water or were dried and crusty from rain the previous day.",NA,"Cecidomyiidae",1,NA,NA,"not measured","ChAl","6",10
"Sunrise",2012-04-27,"All traps had some water or were dried and crusty from rain the previous day.",NA,"Hypogastruridae",1,NA,NA,"not measured","ChAl","6",10
"Sunrise",2012-04-27,"All traps had some water or were dried and crusty from rain the previous day.",NA,"Meinertellidae",1,NA,NA,"not measured","ChAl","6",10
"Sunrise",2012-04-27,"All traps had some water or were dried and crusty from rain the previous day.",NA,"Sminthuridae",4,NA,NA,"not measured","ChAl","6",10
"Sunrise",2012-04-27,"All traps had some water or were dried and crusty from rain the previous day.",NA,"Forelius pruinosus",1,NA,NA,"not measured","ChAl","7",10
"Sunrise",2012-04-27,"All traps had some water or were dried and crusty from rain the previous day.",NA,"Lepismatidae",2,NA,NA,"not measured","ChAl","7",10
"Sunrise",2012-04-27,"All traps had some water or were dried and crusty from rain the previous day.",NA,"Entomobryidae",1,NA,NA,"not measured","ChAl","8",10
"Sunrise",2012-04-27,"All traps had some water or were dried and crusty from rain the previous day.",NA,"Lepismatidae",3,NA,NA,"not measured","ChAl","8",10
"Sunrise",2012-04-27,"All traps had some water or were dried and crusty from rain the previous day.",NA,"Meinertellidae",1,NA,NA,"not measured","ChAl","8",10
"Sunrise",2012-04-27,"All traps had some water or were dried and crusty from rain the previous day.",NA,"Mutillidae",1,NA,NA,"not measured","ChAl","8",10
"Sunrise",2012-04-27,"All traps had some water or were dried and crusty from rain the previous day.",NA,"Sminthuridae",4,NA,NA,"not measured","ChAl","8",10
"Sunrise",2012-04-27,"All traps had some water or were dried and crusty from rain the previous day.",NA,"Acari",2,NA,NA,"not measured","ChAl","9",10
"Sunrise",2012-04-27,"All traps had some water or were dried and crusty from rain the previous day.",NA,"Cryptoglossa",1,NA,NA,"greater than 10 mm","ChAl","9",10
"Sunrise",2012-04-27,"All traps had some water or were dried and crusty from rain the previous day.",NA,"Entomobryidae",1,NA,NA,"not measured","ChAl","9",10
"Sunrise",2012-04-27,"All traps had some water or were dried and crusty from rain the previous day.",NA,"Forelius pruinosus",2,NA,NA,"not measured","ChAl","9",10
"Sunrise",2012-04-27,"All traps had some water or were dried and crusty from rain the previous day.",NA,"Heleomyzidae",1,NA,NA,"not measured","ChAl","9",10
"Sunrise",2012-04-27,"All traps had some water or were dried and crusty from rain the previous day.",NA,"Lepismatidae",3,NA,NA,"not measured","ChAl","9",10
"Sunrise",2012-04-27,"All traps had some water or were dried and crusty from rain the previous day.",NA,"Meinertellidae",15,NA,NA,"not measured","ChAl","9",10
"Sunrise",2012-04-27,"All traps had some water or were dried and crusty from rain the previous day.",NA,"Mutillidae",1,NA,NA,"not measured","ChAl","9",10
"Sunrise",2012-04-27,"All traps had some water or were dried and crusty from rain the previous day.",NA,"Vaejovidae",1,NA,NA,"not measured","ChAl","9",10
"Sunrise",2012-04-27,"All traps had some water or were dried and crusty from rain the previous day.",NA,"Cryptoglossa",2,NA,NA,"greater than 10 mm","ChAl","10",10
"Sunrise",2012-04-27,"All traps had some water or were dried and crusty from rain the previous day.",NA,"Forelius pruinosus",1,NA,NA,"not measured","ChAl","10",10
"Sunrise",2012-04-27,"All traps had some water or were dried and crusty from rain the previous day.",NA,"Meinertellidae",4,NA,NA,"not measured","ChAl","10",10
"Sunrise",2012-07-26,NA,NA,"Isopoda",2,NA,NA,"not measured","ChAl","1",9
"Sunrise",2012-07-26,NA,NA,"Labiidae",1,NA,NA,"not measured","ChAl","1",9
"Sunrise",2012-07-26,NA,NA,"Lepismatidae",2,NA,NA,"not measured","ChAl","1",9
"Sunrise",2012-07-26,NA,NA,"Meinertellidae",1,NA,NA,"not measured","ChAl","1",9
"Sunrise",2012-07-26,NA,NA,"Crematogaster",2,NA,NA,"not measured","ChAl","2",9
"Sunrise",2012-07-26,NA,NA,"Cryptoglossa",2,NA,NA,"greater than 10 mm","ChAl","2",9
"Sunrise",2012-07-26,NA,NA,"Lepismatidae",1,NA,NA,"not measured","ChAl","3",9
"Sunrise",2012-07-26,NA,NA,"Scelionidae",1,NA,NA,"not measured","ChAl","3",9
"Sunrise",2012-07-26,NA,NA,"Forelius pruinosus",1,NA,NA,"not measured","ChAl","4",9
"Sunrise",2012-07-26,NA,NA,"Lepismatidae",2,NA,NA,"not measured","ChAl","4",9
"Sunrise",2012-07-26,NA,NA,"Vaejovidae",1,NA,NA,"not measured","ChAl","4",9
"Sunrise",2012-07-26,NA,NA,"Henicopidae",1,NA,NA,"not measured","ChAl","5",9
"Sunrise",2012-07-26,NA,NA,"Lepismatidae",2,NA,NA,"not measured","ChAl","5",9
"Sunrise",2012-07-26,NA,NA,"Thripidae",1,NA,NA,"not measured","ChAl","5",9
"Sunrise",2012-07-26,NA,NA,"Lepismatidae",3,NA,NA,"not measured","ChAl","6",9
"Sunrise",2012-07-26,NA,NA,"Lepismatidae",1,NA,NA,"not measured","ChAl","7",9
"Sunrise",2012-07-26,NA,NA,"Mutillidae",1,NA,NA,"not measured","ChAl","7",9
"Sunrise",2012-07-26,NA,NA,"Coleoptera",3,"TRUE",NA,"not measured","ChAl","8",9
"Sunrise",2012-07-26,NA,NA,"Coccoidea",1,NA,NA,"not measured","ChAl","9",9
"Sunrise",2012-07-26,NA,NA,"Lepismatidae",1,NA,NA,"not measured","ChAl","9",9
"Sunrise",2012-07-26,"Not collected.","trap_not_collected",NA,NA,NA,NA,NA,NA,"10",9
"Sunrise",2012-11-08,"No arthropods.","empty_trap",NA,NA,NA,NA,NA,NA,"1",10
"Sunrise",2012-11-08,NA,NA,"Lepismatidae",2,NA,NA,"not measured","ChAl","2",10
"Sunrise",2012-11-08,NA,NA,"Mutillidae",2,NA,NA,"not measured","ChAl","2",10
"Sunrise",2012-11-08,"No arthropods.","empty_trap",NA,NA,NA,NA,NA,NA,"3",10
"Sunrise",2012-11-08,NA,NA,"Agroeca",1,NA,NA,"not measured","ChAl","4",10
"Sunrise",2012-11-08,"No arthropods.","empty_trap",NA,NA,NA,NA,NA,NA,"5",10
"Sunrise",2012-11-08,NA,NA,"Vaejovidae",1,NA,NA,"not measured","ChAl","6",10
"Sunrise",2012-11-08,NA,NA,"Forelius pruinosus",1,NA,NA,"not measured","ChAl","7",10
"Sunrise",2012-11-08,NA,NA,"Solenopsis xyloni",4,NA,NA,"not measured","ChAl","7",10
"Sunrise",2012-11-08,"No arthropods.","empty_trap",NA,NA,NA,NA,NA,NA,"8",10
"Sunrise",2012-11-08,NA,NA,"Entomobryidae",3,NA,NA,"not measured","ChAl","9",10
"Sunrise",2012-11-08,NA,NA,"Mutillidae",1,NA,NA,"not measured","ChAl","10",10
"Sunrise",2012-11-08,NA,NA,"Thinoxenus",1,NA,NA,"not measured","ChAl","10",10
"Sunrise",2013-03-01,NA,NA,"Coccoidea",1,NA,NA,"not measured","ChAl","1",10
"Sunrise",2013-03-01,NA,NA,"Sminthuridae",1,NA,NA,"not measured","ChAl","1",10
"Sunrise",2013-03-01,NA,NA,"Aphididae",1,NA,NA,"not measured","ChAl","2",10
"Sunrise",2013-03-01,NA,NA,"Caeculidae",1,NA,NA,"not measured","ChAl","2",10
"Sunrise",2013-03-01,NA,NA,"Meinertellidae",1,NA,NA,"not measured","ChAl","2",10
"Sunrise",2013-03-01,NA,NA,"Acari",1,NA,NA,"not measured","ChAl","3",10
"Sunrise",2013-03-01,NA,NA,"Aphididae",3,NA,NA,"not measured","ChAl","3",10
"Sunrise",2013-03-01,NA,NA,"Aphididae",1,NA,NA,"not measured","ChAl","4",10
"Sunrise",2013-03-01,NA,NA,"Sminthuridae",2,NA,NA,"not measured","ChAl","4",10
"Sunrise",2013-03-01,NA,NA,"Caeculidae",1,NA,NA,"not measured","ChAl","5",10
"Sunrise",2013-03-01,NA,NA,"Sminthuridae",1,NA,NA,"not measured","ChAl","5",10
"Sunrise",2013-03-01,NA,NA,"Aphididae",1,NA,NA,"not measured","ChAl","6",10
"Sunrise",2013-03-01,NA,NA,"Sminthuridae",1,NA,NA,"not measured","ChAl","6",10
"Sunrise",2013-03-01,NA,NA,"Ophryastes",2,NA,NA,"not measured","ChAl","7",10
"Sunrise",2013-03-01,NA,NA,"Sminthuridae",3,NA,NA,"not measured","ChAl","7",10
"Sunrise",2013-03-01,NA,NA,"Solenopsis xyloni",2,NA,NA,"not measured","ChAl","7",10
"Sunrise",2013-03-01,NA,NA,"Sminthuridae",1,NA,NA,"not measured","ChAl","8",10
"Sunrise",2013-03-01,NA,NA,"Acari",1,NA,NA,"not measured","ChAl","9",10
"Sunrise",2013-03-01,NA,NA,"Eusattus",1,NA,NA,"between 5 and 10 mm","ChAl","9",10
"Sunrise",2013-03-01,NA,NA,"Sminthuridae",1,NA,NA,"not measured","ChAl","9",10
"Sunrise",2013-03-01,NA,NA,"Termitidae",2,NA,NA,"not measured","ChAl","9",10
"Sunrise",2013-03-01,NA,NA,"Drassyllus",1,NA,NA,"not measured","ChAl","10",10
"Sunrise",2013-03-01,NA,NA,"Oribatida",1,NA,NA,"not measured","ChAl","10",10
"Sunrise",2013-04-19,NA,NA,"Coccoidea",1,NA,NA,"not measured","ChAl","1",10
"Sunrise",2013-04-19,NA,NA,"Coccinellidae",1,"TRUE",NA,"not measured","ChAl","2",10
"Sunrise",2013-04-19,NA,NA,"Coccoidea",1,NA,NA,"not measured","ChAl","2",10
"Sunrise",2013-04-19,NA,NA,"Erythraeidae",1,NA,NA,"not measured","ChAl","2",10
"Sunrise",2013-04-19,NA,NA,"Entomobryidae",2,NA,NA,"not measured","ChAl","3",10
"Sunrise",2013-04-19,NA,NA,"Lepismatidae",1,NA,NA,"not measured","ChAl","3",10
"Sunrise",2013-04-19,NA,NA,"Formicidae",1,NA,NA,"not measured","ChAl","4",10
"Sunrise",2013-04-19,NA,NA,"Meinertellidae",1,NA,NA,"not measured","ChAl","4",10
"Sunrise",2013-04-19,NA,NA,"Rhopalidae",1,"TRUE",NA,"not measured","ChAl","4",10
"Sunrise",2013-04-19,"no arthropods","empty_trap",NA,NA,NA,NA,NA,NA,"5",10
"Sunrise",2013-04-19,NA,NA,"Ophryastes",1,NA,NA,"not measured","ChAl","6",10
"Sunrise",2013-04-19,NA,NA,"Phthiria",1,NA,NA,"not measured","ChAl","6",10
"Sunrise",2013-04-19,NA,NA,"Sminthuridae",1,NA,NA,"not measured","ChAl","6",10
"Sunrise",2013-04-19,NA,NA,"Coccinellidae",1,"TRUE",NA,"not measured","ChAl","7",10
"Sunrise",2013-04-19,NA,NA,"Bdellidae",1,NA,NA,"not measured","ChAl","8",10
"Sunrise",2013-04-19,NA,NA,"Coccinellidae",1,"TRUE",NA,"not measured","ChAl","8",10
"Sunrise",2013-04-19,NA,NA,"Thripidae",1,NA,NA,"not measured","ChAl","8",10
"Sunrise",2013-04-19,NA,NA,"Forelius pruinosus",2,NA,NA,"not measured","ChAl","9",10
"Sunrise",2013-04-19,NA,NA,"Thinoxenus",1,NA,NA,"not measured","ChAl","9",10
"Sunrise",2013-04-19,NA,NA,"Trichogrammatidae",1,NA,NA,"not measured","ChAl","9",10
"Sunrise",2013-04-19,NA,NA,"Aphididae",2,NA,NA,"not measured","ChAl","10",10
"Sunrise",2013-04-19,NA,NA,"Forelius pruinosus",1,NA,NA,"not measured","ChAl","10",10
"Sunrise",2013-04-19,NA,NA,"Psilochorus",1,NA,NA,"not measured","ChAl","10",10
"Sunrise",2013-08-13,"No arthropods","empty_trap",NA,NA,NA,NA,NA,NA,"1",10
"Sunrise",2013-08-13,"No arthropods","empty_trap",NA,NA,NA,NA,NA,NA,"2",10
"Sunrise",2013-08-13,NA,NA,"Lygaeidae",1,"TRUE",NA,"not measured","ChAl","3",10
"Sunrise",2013-08-13,NA,NA,"Coccoidea",1,NA,NA,"not measured","ChAl","4",10
"Sunrise",2013-08-13,NA,NA,"Lygaeidae",1,"TRUE",NA,"not measured","ChAl","4",10
"Sunrise",2013-08-13,NA,NA,"Psilochorus",1,NA,NA,"not measured","ChAl","4",10
"Sunrise",2013-08-13,NA,NA,"Solenopsis xyloni",1,NA,NA,"not measured","ChAl","4",10
"Sunrise",2013-08-13,NA,NA,"Mutillidae",1,NA,NA,"not measured","ChAl","5",10
"Sunrise",2013-08-13,NA,NA,"Lepidoptera",1,NA,NA,"not measured","ChAl","6",10
"Sunrise",2013-08-13,NA,NA,"Thripidae",1,NA,NA,"not measured","ChAl","6",10
"Sunrise",2013-08-13,NA,NA,"Pogonomyrmex",1,NA,NA,"not measured","ChAl","7",10
"Sunrise",2013-08-13,NA,NA,"Solenopsis xyloni",1,NA,NA,"not measured","ChAl","7",10
"Sunrise",2013-08-13,NA,NA,"Crematogaster",1,NA,NA,"not measured","ChAl","8",10
"Sunrise",2013-08-13,NA,NA,"Formicidae",1,NA,"TRUE","not measured","ChAl","8",10
"Sunrise",2013-08-13,NA,NA,"Gryllidae",1,NA,NA,"not measured","ChAl","8",10
"Sunrise",2013-08-13,NA,NA,"Mutillidae",2,NA,NA,"not measured","ChAl","8",10
"Sunrise",2013-08-13,NA,NA,"Solenopsis",2,NA,NA,"not measured","ChAl","8",10
"Sunrise",2013-08-13,NA,NA,"Tetramorium",1,NA,NA,"not measured","ChAl","8",10
"Sunrise",2013-08-13,NA,NA,"Vaejovidae",1,NA,NA,"not measured","ChAl","9",10
"Sunrise",2013-08-13,NA,NA,"Scolopendridae",2,NA,NA,"not measured","ChAl","10",10
"Sunrise",2013-08-13,NA,NA,"Solenopsis",6,NA,NA,"not measured","ChAl","10",10
"Sunrise",2013-12-23,"no arthropods","empty_trap",NA,NA,NA,NA,NA,NA,"1",10
"Sunrise",2013-12-23,NA,NA,"Hypogastruridae",3,NA,NA,"not measured","ChAl","2",10
"Sunrise",2013-12-23,NA,NA,"Solenopsis xyloni",1,NA,NA,"not measured","ChAl","2",10
"Sunrise",2013-12-23,NA,NA,"Hypogastruridae",2,NA,NA,"not measured","ChAl","3",10
"Sunrise",2013-12-23,"no arthropods","empty_trap",NA,NA,NA,NA,NA,NA,"4",10
"Sunrise",2013-12-23,NA,NA,"Hypogastruridae",1,NA,NA,"not measured","ChAl","5",10
"Sunrise",2013-12-23,NA,NA,"Lepidoptera",2,"TRUE",NA,"not measured","ChAl","5",10
"Sunrise",2013-12-23,NA,NA,"Phyllotreta",1,NA,NA,"not measured","ChAl","5",10
"Sunrise",2013-12-23,NA,NA,"Hypogastruridae",8,NA,NA,"not measured","ChAl","6",10
"Sunrise",2013-12-23,NA,NA,"Sminthuridae",1,NA,NA,"not measured","ChAl","6",10
"Sunrise",2013-12-23,"no arthropods","empty_trap",NA,NA,NA,NA,NA,NA,"7",10
"Sunrise",2013-12-23,NA,NA,"Entomobryidae",1,NA,NA,"not measured","ChAl","8",10
"Sunrise",2013-12-23,NA,NA,"Hypogastruridae",4,NA,NA,"not measured","ChAl","8",10
"Sunrise",2013-12-23,NA,NA,"Dictynidae",1,NA,NA,"not measured","ChAl","9",10
"Sunrise",2013-12-23,NA,NA,"Hypogastruridae",6,NA,NA,"not measured","ChAl","9",10
"Sunrise",2013-12-23,NA,NA,"Sminthuridae",1,NA,NA,"not measured","ChAl","9",10
"Sunrise",2013-12-23,NA,NA,"Termitidae",1,NA,NA,"not measured","ChAl","9",10
"Sunrise",2013-12-23,NA,NA,"Hypogastruridae",3,NA,NA,"not measured","ChAl","10",10
"Sunrise",2014-02-27,NA,NA,"Crematogaster",1,NA,NA,"not measured","MaTs","1",10
"Sunrise",2014-02-27,NA,NA,"Paratrechina",1,NA,NA,"not measured","MaTs","1",10
"Sunrise",2014-02-27,NA,NA,"Tiphiidae",1,NA,NA,"not measured","MaTs","1",10
"Sunrise",2014-02-27,NA,NA,"Coccoidea",1,NA,NA,"not measured","MaTs","2",10
"Sunrise",2014-02-27,NA,NA,"Drassyllus",1,NA,NA,"not measured","MaTs","2",10
"Sunrise",2014-02-27,NA,NA,"Lepismatidae",2,NA,NA,"not measured","MaTs","2",10
"Sunrise",2014-02-27,NA,NA,"Oribatida",1,NA,NA,"not measured","MaTs","2",10
"Sunrise",2014-02-27,NA,NA,"Thripidae",1,NA,NA,"not measured","MaTs","2",10
"Sunrise",2014-02-27,NA,NA,"Aphididae",1,NA,NA,"not measured","MaTs","3",10
"Sunrise",2014-02-27,NA,NA,"Eusattus",1,NA,NA,"not measured","MaTs","3",10
"Sunrise",2014-02-27,NA,NA,"Miridae",1,"TRUE",NA,"not measured","MaTs","3",10
"Sunrise",2014-02-27,NA,NA,"Sminthuridae",1,NA,NA,"not measured","MaTs","3",10
"Sunrise",2014-02-27,NA,NA,"Vaejovidae",1,NA,NA,"not measured","MaTs","3",10
"Sunrise",2014-02-27,NA,NA,"Acari",1,NA,NA,"not measured","MaTs","4",10
"Sunrise",2014-02-27,NA,NA,"Crematogaster",1,NA,NA,"not measured","MaTs","4",10
"Sunrise",2014-02-27,NA,NA,"Ophryastes",1,NA,NA,"not measured","MaTs","4",10
"Sunrise",2014-02-27,NA,NA,"Termitidae",1,NA,NA,"not measured","MaTs","4",10
"Sunrise",2014-02-27,NA,NA,"Ophryastes",1,NA,NA,"not measured","MaTs","5",10
"Sunrise",2014-02-27,NA,NA,"Ophryastes",1,NA,NA,"not measured","MaTs","6",10
"Sunrise",2014-02-27,NA,NA,"Sminthuridae",1,NA,NA,"not measured","MaTs","6",10
"Sunrise",2014-02-27,"No Arthropods","empty_trap",NA,NA,NA,NA,NA,NA,"7",10
"Sunrise",2014-02-27,"No Arthropods","empty_trap",NA,NA,NA,NA,NA,NA,"8",10
"Sunrise",2014-02-27,NA,NA,"Crematogaster",1,NA,NA,"not measured","MaTs","9",10
"Sunrise",2014-02-27,NA,NA,"Lepismatidae",1,NA,NA,"not measured","MaTs","9",10
"Sunrise",2014-02-27,NA,NA,"Meinertellidae",1,NA,NA,"not measured","MaTs","9",10
"Sunrise",2014-02-27,NA,NA,"Ophryastes",3,NA,NA,"not measured","MaTs","9",10
"Sunrise",2014-02-27,NA,NA,"Solenopsis xyloni",1,NA,NA,"not measured","MaTs","9",10
"Sunrise",2014-02-27,NA,NA,"Sminthuridae",1,NA,NA,"not measured","MaTs","10",10
"Sunrise",2014-04-11,NA,NA,"Caeculidae",1,NA,NA,"not measured","RoOr","1",10
"Sunrise",2014-04-11,NA,NA,"Entomobryidae",1,NA,NA,"not measured","RoOr","1",10
"Sunrise",2014-04-11,NA,NA,"Forelius pruinosus",1,NA,NA,"not measured","RoOr","1",10
"Sunrise",2014-04-11,NA,NA,"Mecinus",1,NA,NA,"not measured","RoOr","1",10
"Sunrise",2014-04-11,NA,NA,"Paratrechina",1,NA,NA,"not measured","RoOr","1",10
"Sunrise",2014-04-11,NA,NA,"Cicadellidae",2,"TRUE",NA,"not measured","RoOr","2",10
"Sunrise",2014-04-11,NA,NA,"Misumenops",1,NA,NA,"not measured","RoOr","2",10
"Sunrise",2014-04-11,NA,NA,"Bethylidae",1,NA,NA,"not measured","RoOr","3",10
"Sunrise",2014-04-11,NA,NA,"Crematogaster",1,NA,NA,"not measured","RoOr","3",10
"Sunrise",2014-04-11,NA,NA,"Lepismatidae",1,NA,NA,"not measured","RoOr","3",10
"Sunrise",2014-04-11,NA,NA,"Meinertellidae",3,NA,NA,"not measured","RoOr","3",10
"Sunrise",2014-04-11,NA,NA,"Forelius pruinosus",3,NA,NA,"not measured","RoOr","4",10
"Sunrise",2014-04-11,NA,NA,"Meinertellidae",17,NA,NA,"not measured","RoOr","4",10
"Sunrise",2014-04-11,NA,NA,"Solenopsis xyloni",1,NA,NA,"not measured","RoOr","4",10
"Sunrise",2014-04-11,NA,NA,"Crematogaster",11,NA,NA,"not measured","RoOr","5",10
"Sunrise",2014-04-11,NA,NA,"Forelius pruinosus",7,NA,NA,"not measured","RoOr","5",10
"Sunrise",2014-04-11,NA,NA,"Meinertellidae",7,NA,NA,"not measured","RoOr","5",10
"Sunrise",2014-04-11,NA,NA,"Nocibiotes",1,NA,NA,"between 2 and 5 mm","RoOr","5",10
"Sunrise",2014-04-11,NA,NA,"Anystoidea",3,NA,NA,"not measured","RoOr","6",10
"Sunrise",2014-04-11,NA,NA,"Aphididae",1,NA,NA,"not measured","RoOr","6",10
"Sunrise",2014-04-11,NA,NA,"Batuliodes",1,NA,NA,"between 2 and 5 mm","RoOr","6",10
"Sunrise",2014-04-11,NA,NA,"Entomobryidae",1,NA,NA,"not measured","RoOr","6",10
"Sunrise",2014-04-11,NA,NA,"Forelius pruinosus",3,NA,NA,"not measured","RoOr","6",10
"Sunrise",2014-04-11,NA,NA,"Lepismatidae",2,NA,NA,"not measured","RoOr","6",10
"Sunrise",2014-04-11,NA,NA,"Mecinus",2,NA,NA,"not measured","RoOr","6",10
"Sunrise",2014-04-11,NA,NA,"Meinertellidae",4,NA,NA,"not measured","RoOr","6",10
"Sunrise",2014-04-11,NA,NA,"Mutillidae",1,NA,NA,"not measured","RoOr","6",10
"Sunrise",2014-04-11,NA,NA,"Thinoxenus",1,NA,NA,"not measured","RoOr","6",10
"Sunrise",2014-04-11,NA,NA,"Thripidae",1,NA,NA,"not measured","RoOr","6",10
"Sunrise",2014-04-11,NA,NA,"Solenopsis xyloni",2,NA,NA,"not measured","RoOr","7",10
"Sunrise",2014-04-11,NA,NA,"Agroeca",1,NA,NA,"not measured","RoOr","8",10
"Sunrise",2014-04-11,NA,NA,"Forelius pruinosus",2,NA,NA,"not measured","RoOr","8",10
"Sunrise",2014-04-11,NA,NA,"Mecinus",1,NA,NA,"not measured","RoOr","8",10
"Sunrise",2014-04-11,NA,NA,"Meinertellidae",4,NA,NA,"not measured","RoOr","8",10
"Sunrise",2014-04-11,NA,NA,"Tetramorium",1,NA,NA,"not measured","RoOr","8",10
"Sunrise",2014-04-11,NA,NA,"Anystoidea",2,NA,NA,"not measured","RoOr","9",10
"Sunrise",2014-04-11,NA,NA,"Cicadellidae",1,"TRUE",NA,"not measured","RoOr","9",10
"Sunrise",2014-04-11,NA,NA,"Coccoidea",1,NA,NA,"not measured","RoOr","9",10
"Sunrise",2014-04-11,NA,NA,"Entomobryidae",5,NA,NA,"not measured","RoOr","9",10
"Sunrise",2014-04-11,NA,NA,"Erythraeoidea",5,NA,NA,"not measured","RoOr","9",10
"Sunrise",2014-04-11,NA,NA,"Forelius pruinosus",57,NA,NA,"not measured","RoOr","9",10
"Sunrise",2014-04-11,NA,NA,"Habronattus",1,NA,NA,"not measured","RoOr","9",10
"Sunrise",2014-04-11,NA,NA,"Ichneumonidae",2,NA,NA,"not measured","RoOr","9",10
"Sunrise",2014-04-11,NA,NA,"Meinertellidae",21,NA,NA,"not measured","RoOr","9",10
"Sunrise",2014-04-11,NA,NA,"Micaria",1,NA,NA,"not measured","RoOr","9",10
"Sunrise",2014-04-11,NA,NA,"Nocibiotes",3,NA,NA,"between 2 and 5 mm","RoOr","9",10
"Sunrise",2014-04-11,NA,NA,"Tetramorium",4,NA,NA,"not measured","RoOr","9",10
"Sunrise",2014-04-11,NA,NA,"Acari",1,NA,NA,"not measured","RoOr","10",10
"Sunrise",2014-04-11,NA,NA,"Sminthuridae",1,NA,NA,"not measured","RoOr","10",10
"Sunrise",2014-12-22,NA,NA,"Acari",20,NA,NA,"not measured","AnDe","1",9
"Sunrise",2014-12-22,NA,NA,"Hypogastruridae",1,NA,NA,"not measured","AnDe","1",9
"Sunrise",2014-12-22,NA,NA,"Lepidoptera",1,"TRUE",NA,"not measured","AnDe","1",9
"Sunrise",2014-12-22,NA,NA,"Xysticus",1,NA,NA,"not measured","AnDe","1",9
"Sunrise",2014-12-22,NA,NA,"Alticini",1,NA,NA,"not measured","AnDe","2",9
"Sunrise",2014-12-22,NA,NA,"Cecidomyiidae",3,NA,NA,"not measured","AnDe","2",9
"Sunrise",2014-12-22,NA,NA,"Oribatida",1,NA,NA,"not measured","AnDe","2",9
"Sunrise",2014-12-22,NA,NA,"Sminthuridae",1,NA,NA,"not measured","AnDe","2",9
"Sunrise",2014-12-22,NA,NA,"Cecidomyiidae",2,NA,NA,"not measured","AnDe","3",9
"Sunrise",2014-12-22,NA,NA,"Coccoidea",1,NA,NA,"not measured","AnDe","3",9
"Sunrise",2014-12-22,NA,NA,"Spirobolida",1,NA,NA,"not measured","AnDe","4",9
"Sunrise",2014-12-22,NA,NA,"Caeculidae",1,NA,NA,"not measured","AnDe","5",9
"Sunrise",2014-12-22,NA,NA,"Cecidomyiidae",4,NA,NA,"not measured","AnDe","5",9
"Sunrise",2014-12-22,NA,NA,"Entomobryidae",1,NA,NA,"not measured","AnDe","5",9
"Sunrise",2014-12-22,NA,NA,"Spirobolida",1,NA,NA,"not measured","AnDe","5",9
"Sunrise",2014-12-22,"trap not set","trap_not_collected",NA,NA,NA,NA,NA,NA,"6",9
"Sunrise",2014-12-22,NA,NA,"Linyphiidae",1,NA,NA,"not measured","AnDe","7",9
"Sunrise",2014-12-22,NA,NA,"Oribatida",10,NA,NA,"not measured","AnDe","7",9
"Sunrise",2014-12-22,NA,NA,"Pseudoscorpiones",1,NA,NA,"not measured","AnDe","7",9
"Sunrise",2014-12-22,NA,NA,"Scelionidae",1,NA,"TRUE","not measured","AnDe","7",9
"Sunrise",2014-12-22,NA,NA,"Hypogastruridae",1,NA,NA,"not measured","AnDe","8",9
"Sunrise",2014-12-22,NA,NA,"Oribatida",6,NA,NA,"not measured","AnDe","8",9
"Sunrise",2014-12-22,NA,NA,"Sminthuridae",1,NA,NA,"not measured","AnDe","8",9
"Sunrise",2014-12-22,NA,NA,"Thripidae",1,NA,NA,"not measured","AnDe","8",9
"Sunrise",2014-12-22,NA,NA,"Cecidomyiidae",5,NA,NA,"not measured","AnDe","9",9
"Sunrise",2014-12-22,NA,NA,"Oribatida",4,NA,NA,"not measured","AnDe","9",9
"Sunrise",2014-12-22,"live lizard",NA,"Cecidomyiidae",1,NA,NA,"not measured","AnDe","10",9
"Sunrise",2014-12-22,"live lizard",NA,"Entomobryidae",1,NA,NA,"not measured","AnDe","10",9
"Sunrise",2014-12-22,"live lizard",NA,"Oribatida",18,NA,NA,"not measured","AnDe","10",9
"Sunrise",2015-01-24,NA,NA,"Entomobryidae",1,NA,NA,"not measured","AnDe","1",10
"Sunrise",2015-01-24,NA,NA,"Meinertellidae",1,NA,NA,"not measured","AnDe","1",10
"Sunrise",2015-01-24,NA,NA,"Psilochorus",1,NA,NA,"not measured","AnDe","1",10
"Sunrise",2015-01-24,NA,NA,"Solenopsis",2,NA,NA,"not measured","AnDe","1",10
"Sunrise",2015-01-24,NA,NA,"Aphididae",2,NA,NA,"not measured","AnDe","2",10
"Sunrise",2015-01-24,NA,NA,"Bdellidae",1,NA,NA,"not measured","AnDe","2",10
"Sunrise",2015-01-24,NA,NA,"Entomobryidae",4,NA,NA,"not measured","AnDe","2",10
"Sunrise",2015-01-24,NA,NA,"Hemiptera",2,"TRUE",NA,"not measured","AnDe","2",10
"Sunrise",2015-01-24,NA,NA,"Meinertellidae",1,NA,NA,"not measured","AnDe","2",10
"Sunrise",2015-01-24,NA,NA,"Oribatida",1,NA,NA,"not measured","AnDe","2",10
"Sunrise",2015-01-24,NA,NA,"Psocodea",1,NA,NA,"not measured","AnDe","2",10
"Sunrise",2015-01-24,NA,NA,"Acari",2,NA,NA,"not measured","AnDe","3",10
"Sunrise",2015-01-24,NA,NA,"Phalangiidae",1,NA,NA,"not measured","AnDe","3",10
"Sunrise",2015-01-24,NA,NA,"Sminthuridae",1,NA,NA,"not measured","AnDe","3",10
"Sunrise",2015-01-24,NA,NA,"Thanatus",1,NA,NA,"not measured","AnDe","3",10
"Sunrise",2015-01-24,NA,NA,"Acari",2,NA,NA,"not measured","AnDe","4",10
"Sunrise",2015-01-24,NA,NA,"Aphididae",2,NA,NA,"not measured","AnDe","4",10
"Sunrise",2015-01-24,NA,NA,"Formicidae",1,NA,NA,"not measured","AnDe","4",10
"Sunrise",2015-01-24,NA,NA,"Hemiptera",1,NA,NA,"not measured","AnDe","4",10
"Sunrise",2015-01-24,NA,NA,"Lepismatidae",1,NA,NA,"not measured","AnDe","4",10
"Sunrise",2015-01-24,NA,NA,"Miridae",1,NA,NA,"not measured","AnDe","4",10
"Sunrise",2015-01-24,NA,NA,"Phalangiidae",1,NA,NA,"not measured","AnDe","4",10
"Sunrise",2015-01-24,NA,NA,"Psilochorus",1,NA,NA,"not measured","AnDe","4",10
"Sunrise",2015-01-24,NA,NA,"Sminthuridae",1,NA,NA,"not measured","AnDe","4",10
"Sunrise",2015-01-24,NA,NA,"Cicadellidae",2,"TRUE",NA,"not measured","AnDe","5",10
"Sunrise",2015-01-24,NA,NA,"Meinertellidae",3,NA,NA,"not measured","AnDe","5",10
"Sunrise",2015-01-24,NA,NA,"Oribatida",1,NA,NA,"not measured","AnDe","5",10
"Sunrise",2015-01-24,NA,NA,"Psilochorus",1,NA,NA,"not measured","AnDe","5",10
"Sunrise",2015-01-24,NA,NA,"Solenopsis",21,NA,NA,"not measured","AnDe","5",10
"Sunrise",2015-01-24,NA,NA,"Acari",4,NA,NA,"not measured","AnDe","6",10
"Sunrise",2015-01-24,NA,NA,"Cicadellidae",1,"TRUE",NA,"not measured","AnDe","6",10
"Sunrise",2015-01-24,NA,NA,"Entomobryidae",1,NA,NA,"not measured","AnDe","6",10
"Sunrise",2015-01-24,NA,NA,"Noctuidae",1,"TRUE",NA,"not measured","AnDe","6",10
"Sunrise",2015-01-24,NA,NA,"Phyllotreta",1,NA,NA,"not measured","AnDe","6",10
"Sunrise",2015-01-24,NA,NA,"Pronotacantha",1,NA,NA,"not measured","AnDe","6",10
"Sunrise",2015-01-24,NA,NA,"Acari",3,NA,NA,"not measured","AnDe","7",10
"Sunrise",2015-01-24,NA,NA,"Anthicidae",1,NA,NA,"not measured","AnDe","7",10
"Sunrise",2015-01-24,NA,NA,"Anystoidea",1,NA,NA,"not measured","AnDe","7",10
"Sunrise",2015-01-24,NA,NA,"Araneidae",2,NA,NA,"not measured","AnDe","7",10
"Sunrise",2015-01-24,NA,NA,"Bdellidae",2,NA,NA,"not measured","AnDe","7",10
"Sunrise",2015-01-24,NA,NA,"Diptera",94,"TRUE",NA,"not measured","AnDe","7",10
"Sunrise",2015-01-24,NA,NA,"Entomobryidae",6,NA,NA,"not measured","AnDe","7",10
"Sunrise",2015-01-24,NA,NA,"Erythraeoidea",1,NA,NA,"not measured","AnDe","7",10
"Sunrise",2015-01-24,NA,NA,"Meinertellidae",2,NA,NA,"not measured","AnDe","7",10
"Sunrise",2015-01-24,NA,NA,"Oribatida",26,NA,NA,"not measured","AnDe","7",10
"Sunrise",2015-01-24,NA,NA,"Ptomaphagus",1,NA,NA,"not measured","AnDe","7",10
"Sunrise",2015-01-24,NA,NA,"Scolopendridae",3,NA,NA,"not measured","AnDe","7",10
"Sunrise",2015-01-24,NA,NA,"Sminthuridae",1,NA,NA,"not measured","AnDe","7",10
"Sunrise",2015-01-24,NA,NA,"Solenopsis",1,NA,NA,"not measured","AnDe","7",10
"Sunrise",2015-01-24,NA,NA,"Drassyllus",1,NA,NA,"not measured","AnDe","8",10
"Sunrise",2015-01-24,NA,NA,"Oribatida",1,NA,NA,"not measured","AnDe","8",10
"Sunrise",2015-01-24,NA,NA,"Sminthuridae",2,NA,NA,"not measured","AnDe","8",10
"Sunrise",2015-01-24,NA,NA,"Thanatus",1,NA,NA,"not measured","AnDe","8",10
"Sunrise",2015-01-24,NA,NA,"Acari",4,NA,NA,"not measured","AnDe","9",10
"Sunrise",2015-01-24,NA,NA,"Entomobryidae",6,NA,NA,"not measured","AnDe","9",10
"Sunrise",2015-01-24,NA,NA,"Hemiptera",1,"TRUE",NA,"not measured","AnDe","9",10
"Sunrise",2015-01-24,NA,NA,"Phyllotreta",1,NA,NA,"not measured","AnDe","9",10
"Sunrise",2015-01-24,NA,NA,"Acari",1,NA,NA,"not measured","AnDe","10",10
"Sunrise",2015-01-24,NA,NA,"Aphididae",1,NA,NA,"not measured","AnDe","10",10
"Sunrise",2015-01-24,NA,NA,"Araneidae",1,NA,NA,"not measured","AnDe","10",10
"Sunrise",2015-01-24,NA,NA,"Sminthuridae",1,NA,NA,"not measured","AnDe","10",10
"Sunrise",2015-01-24,NA,NA,"Thripidae",1,NA,NA,"not measured","AnDe","10",10
"Sunrise",2015-01-24,NA,NA,"Vaejovidae",1,NA,NA,"not measured","AnDe","10",10
"Sunrise",2015-04-24,NA,NA,"Mutillidae",1,NA,NA,"not measured","DaFl","1",10
"Sunrise",2015-04-24,"Empty","empty_trap",NA,NA,NA,NA,NA,NA,"2",10
"Sunrise",2015-04-24,NA,NA,"Paravaejovis spinigerus",1,NA,NA,"not measured","DaFl","3",10
"Sunrise",2015-04-24,"Empty","empty_trap",NA,NA,NA,NA,NA,NA,"4",10
"Sunrise",2015-04-24,NA,NA,"Argoporis",2,NA,NA,"not measured","DaFl","5",10
"Sunrise",2015-04-24,NA,NA,"Crematogaster",3,NA,NA,"not measured","DaFl","5",10
"Sunrise",2015-04-24,NA,NA,"Forelius pruinosus",12,NA,NA,"not measured","DaFl","5",10
"Sunrise",2015-04-24,NA,NA,"Meinertellidae",3,NA,NA,"not measured","DaFl","5",10
"Sunrise",2015-04-24,NA,NA,"Nocibiotes",1,NA,NA,"not measured","DaFl","5",10
"Sunrise",2015-04-24,NA,NA,"Pogonomyrmex",2,NA,NA,"not measured","DaFl","5",10
"Sunrise",2015-04-24,NA,NA,"Tenebrionidae",1,NA,NA,"not measured","DaFl","5",10
"Sunrise",2015-04-24,NA,NA,"Crematogaster",2,NA,NA,"not measured","DaFl","6",10
"Sunrise",2015-04-24,NA,NA,"Mecinus",1,NA,NA,"not measured","DaFl","6",10
"Sunrise",2015-04-24,NA,NA,"Paravaejovis spinigerus",2,NA,NA,"not measured","DaFl","6",10
"Sunrise",2015-04-24,"Empty","empty_trap",NA,NA,NA,NA,NA,NA,"7",10
"Sunrise",2015-04-24,"Empty","empty_trap",NA,NA,NA,NA,NA,NA,"8",10
"Sunrise",2015-04-24,"Empty","empty_trap",NA,NA,NA,NA,NA,NA,"9",10
"Sunrise",2015-04-24,NA,NA,"Nocibiotes",4,NA,NA,"not measured","DaFl","10",10
"Sunrise",2015-07-23,NA,NA,"Scolopendridae",1,NA,NA,"not measured","DaFl","1",9
"Sunrise",2015-07-23,"Empty","empty_trap",NA,NA,NA,NA,NA,NA,"2",9
"Sunrise",2015-07-23,NA,NA,"Ammotrechidae",1,NA,NA,"not measured","DaFl","3",9
"Sunrise",2015-07-23,NA,NA,"Crematogaster",1,NA,NA,"not measured","DaFl","4",9
"Sunrise",2015-07-23,"Empty","empty_trap",NA,NA,NA,NA,NA,NA,"5",9
"Sunrise",2015-07-23,"Empty","empty_trap",NA,NA,NA,NA,NA,NA,"6",9
"Sunrise",2015-07-23,NA,NA,"Tetramorium",1,NA,NA,"not measured","DaFl","8",9
"Sunrise",2015-07-23,NA,NA,"Paravaejovis spinigerus",1,NA,NA,"greater than 10 mm","DaFl","9",9
"Sunrise",2015-07-23,NA,NA,"Cryptoglossa",1,NA,NA,"not measured","DaFl","10",9
"Sunrise",2015-10-25,"Empty","empty_trap",NA,NA,NA,NA,NA,NA,"1",10
"Sunrise",2015-10-25,NA,NA,"Mutillidae",1,NA,NA,"not measured","DaFl","2",10
"Sunrise",2015-10-25,NA,NA,"Scutigeridae",1,NA,NA,"not measured","DaFl","2",10
"Sunrise",2015-10-25,NA,NA,"Erythraeidae",2,NA,NA,"not measured","DaFl","3",10
"Sunrise",2015-10-25,NA,NA,"Lepismatidae",3,NA,NA,"not measured","DaFl","3",10
"Sunrise",2015-10-25,NA,NA,"Anystoidea",2,NA,NA,"not measured","DaFl","4",10
"Sunrise",2015-10-25,NA,NA,"Crematogaster",2,NA,NA,"not measured","DaFl","4",10
"Sunrise",2015-10-25,NA,NA,"Isopoda",1,NA,NA,"not measured","DaFl","4",10
"Sunrise",2015-10-25,NA,NA,"Lepismatidae",1,NA,NA,"not measured","DaFl","4",10
"Sunrise",2015-10-25,NA,NA,"Tenebrionidae",1,NA,NA,"not measured","DaFl","4",10
"Sunrise",2015-10-25,NA,NA,"Anystoidea",5,NA,NA,"not measured","DaFl","5",10
"Sunrise",2015-10-25,NA,NA,"Crematogaster",1,NA,NA,"not measured","DaFl","5",10
"Sunrise",2015-10-25,NA,NA,"Entomobryidae",2,NA,NA,"not measured","DaFl","5",10
"Sunrise",2015-10-25,NA,NA,"Erythraeidae",4,NA,NA,"not measured","DaFl","5",10
"Sunrise",2015-10-25,NA,NA,"Forelius mccooki",2,NA,NA,"not measured","DaFl","5",10
"Sunrise",2015-10-25,NA,NA,"Isopoda",1,NA,NA,"not measured","DaFl","5",10
"Sunrise",2015-10-25,NA,NA,"Pogonomyrmex",1,NA,NA,"not measured","DaFl","5",10
"Sunrise",2015-10-25,NA,NA,"Scutigeridae",1,NA,NA,"not measured","DaFl","5",10
"Sunrise",2015-10-25,NA,NA,"Solenopsis",1,NA,NA,"not measured","DaFl","5",10
"Sunrise",2015-10-25,NA,NA,"Lepismatidae",4,NA,NA,"not measured","DaFl","6",10
"Sunrise",2015-10-25,NA,NA,"Acari",2,NA,NA,"not measured","DaFl","7",10
"Sunrise",2015-10-25,NA,NA,"Anepsius",1,NA,NA,"not measured","DaFl","7",10
"Sunrise",2015-10-25,NA,NA,"Anystoidea",1,NA,NA,"not measured","DaFl","7",10
"Sunrise",2015-10-25,NA,NA,"Solenopsis",1,NA,NA,"not measured","DaFl","7",10
"Sunrise",2015-10-25,NA,NA,"Aeolus",1,NA,NA,"not measured","DaFl","8",10
"Sunrise",2015-10-25,NA,NA,"Psilochorus",1,NA,NA,"not measured","DaFl","8",10
"Sunrise",2015-10-25,NA,NA,"Lepismatidae",1,NA,NA,"not measured","DaFl","9",10
"Sunrise",2015-10-25,NA,NA,"Oribatida",1,NA,NA,"not measured","DaFl","9",10
"Sunrise",2015-10-25,NA,NA,"Crematogaster",1,NA,NA,"not measured","DaFl","10",10
"Sunrise",2015-10-25,NA,NA,"Forelius pruinosus",2,NA,NA,"not measured","DaFl","10",10
"Sunrise",2015-10-25,NA,NA,"Lepismatidae",1,NA,NA,"not measured","DaFl","10",10
"Sunrise",2015-10-25,NA,NA,"Mutillidae",1,NA,NA,"not measured","DaFl","10",10
"Sunrise",2015-10-25,NA,NA,"Solifugae",1,NA,NA,"not measured","DaFl","10",10
"Sunrise",2015-10-25,NA,NA,"Tetramorium",1,NA,NA,"not measured","DaFl","10",10
"Sunrise",2016-01-17,NA,NA,"Anystoidea",1,NA,NA,"not measured","DaFl","1",10
"Sunrise",2016-01-17,NA,NA,"Bdellidae",1,NA,NA,"not measured","DaFl","1",10
"Sunrise",2016-01-17,NA,NA,"Coleoptera",1,"TRUE",NA,"not measured","DaFl","2",10
"Sunrise",2016-01-17,NA,NA,"Opiliones",1,NA,NA,"not measured","DaFl","3",10
"Sunrise",2016-01-17,"Empty","empty_trap",NA,NA,NA,NA,NA,NA,"4",10
"Sunrise",2016-01-17,NA,NA,"Bdellidae",1,NA,NA,"not measured","DaFl","5",10
"Sunrise",2016-01-17,NA,NA,"Cicadellidae",1,"TRUE",NA,"not measured","DaFl","5",10
"Sunrise",2016-01-17,NA,NA,"Solenopsis aurea",1,NA,NA,"not measured","DaFl","5",10
"Sunrise",2016-01-17,NA,NA,"Crematogaster",2,NA,NA,"not measured","DaFl","6",10
"Sunrise",2016-01-17,NA,NA,"Opiliones",1,NA,NA,"not measured","DaFl","6",10
"Sunrise",2016-01-17,NA,NA,"Bdellidae",3,NA,NA,"not measured","DaFl","7",10
"Sunrise",2016-01-17,NA,NA,"Chloropidae",1,NA,NA,"not measured","DaFl","8",10
"Sunrise",2016-01-17,NA,NA,"Ceraticelus",4,NA,NA,"not measured","DaFl","9",10
"Sunrise",2016-01-17,"Empty","empty_trap",NA,NA,NA,NA,NA,NA,"10",10
"Sunrise",2016-04-18,NA,NA,"Anystoidea",4,NA,NA,"not measured","DaFl","1",10
"Sunrise",2016-04-18,NA,NA,"Chyphotes",1,NA,NA,"not measured","DaFl","1",10
"Sunrise",2016-04-18,NA,NA,"Lepismatidae",1,NA,NA,"not measured","DaFl","1",10
"Sunrise",2016-04-18,NA,NA,"Meinertellidae",1,NA,NA,"not measured","DaFl","1",10
"Sunrise",2016-04-18,NA,NA,"Psocodea",2,"TRUE",NA,"not measured","DaFl","1",10
"Sunrise",2016-04-18,NA,NA,"Lepismatidae",1,NA,NA,"not measured","DaFl","2",10
"Sunrise",2016-04-18,NA,NA,"Tetramorium",1,NA,NA,"not measured","DaFl","2",10
"Sunrise",2016-04-18,NA,NA,"Vaejovidae",1,NA,NA,"not measured","DaFl","2",10
"Sunrise",2016-04-18,NA,NA,"Agroeca",1,NA,NA,"not measured","DaFl","3",10
"Sunrise",2016-04-18,NA,NA,"Erythraeidae",1,NA,NA,"not measured","DaFl","3",10
"Sunrise",2016-04-18,NA,NA,"Meinertellidae",2,NA,NA,"not measured","DaFl","3",10
"Sunrise",2016-04-18,NA,NA,"Orthoptera",1,NA,NA,"not measured","DaFl","3",10
"Sunrise",2016-04-18,NA,NA,"Entomobryidae",1,NA,NA,"not measured","DaFl","4",10
"Sunrise",2016-04-18,NA,NA,"Lepismatidae",1,NA,NA,"not measured","DaFl","4",10
"Sunrise",2016-04-18,NA,NA,"Meinertellidae",3,NA,NA,"not measured","DaFl","4",10
"Sunrise",2016-04-18,NA,NA,"Pheidole",1,NA,NA,"not measured","DaFl","4",10
"Sunrise",2016-04-18,NA,NA,"Staphylinidae",1,"TRUE",NA,"not measured","DaFl","4",10
"Sunrise",2016-04-18,NA,NA,"Zopheridae",1,NA,NA,"not measured","DaFl","4",10
"Sunrise",2016-04-18,NA,NA,"Anystoidea",1,NA,NA,"not measured","DaFl","5",10
"Sunrise",2016-04-18,NA,NA,"Erythraeidae",2,NA,NA,"not measured","DaFl","5",10
"Sunrise",2016-04-18,NA,NA,"Forelius",2,NA,NA,"not measured","DaFl","5",10
"Sunrise",2016-04-18,NA,NA,"Meinertellidae",10,NA,NA,"not measured","DaFl","5",10
"Sunrise",2016-04-18,NA,NA,"Acrididae",1,"TRUE",NA,"not measured","DaFl","6",10
"Sunrise",2016-04-18,NA,NA,"Anystoidea",1,NA,NA,"not measured","DaFl","6",10
"Sunrise",2016-04-18,NA,NA,"Crematogaster",1,NA,NA,"not measured","DaFl","6",10
"Sunrise",2016-04-18,NA,NA,"Eusattus",1,NA,NA,"not measured","DaFl","6",10
"Sunrise",2016-04-18,NA,NA,"Forelius pruinosus",3,NA,NA,"not measured","DaFl","6",10
"Sunrise",2016-04-18,NA,NA,"Meinertellidae",2,NA,NA,"not measured","DaFl","6",10
"Sunrise",2016-04-18,NA,NA,"Cononotus",1,NA,NA,"not measured","DaFl","7",10
"Sunrise",2016-04-18,NA,NA,"Vaejovidae",1,NA,NA,"not measured","DaFl","7",10
"Sunrise",2016-04-18,"Empty","empty_trap",NA,NA,NA,NA,NA,NA,"8",10
"Sunrise",2016-04-18,NA,NA,"Agroeca",1,NA,NA,"not measured","DaFl","9",10
"Sunrise",2016-04-18,NA,NA,"Anystoidea",1,NA,NA,"not measured","DaFl","9",10
"Sunrise",2016-04-18,NA,NA,"Erythraeidae",13,NA,NA,"not measured","DaFl","9",10
"Sunrise",2016-04-18,NA,NA,"Forelius",4,NA,NA,"not measured","DaFl","9",10
"Sunrise",2016-04-18,NA,NA,"Lepismatidae",1,NA,NA,"not measured","DaFl","9",10
"Sunrise",2016-04-18,NA,NA,"Meinertellidae",1,NA,NA,"not measured","DaFl","9",10
"Sunrise",2016-04-18,NA,NA,"Oribatida",1,NA,NA,"not measured","DaFl","9",10
"Sunrise",2016-04-18,NA,NA,"Lepismatidae",2,NA,NA,"not measured","DaFl","10",10
"Sunrise",2016-04-18,NA,NA,"Meinertellidae",7,NA,NA,"not measured","DaFl","10",10
"Sunrise",2016-04-18,NA,NA,"Mutillidae",1,NA,NA,"not measured","DaFl","10",10
"Sunrise",2016-04-18,NA,NA,"Tetramorium",1,NA,NA,"not measured","DaFl","10",10
"Sunrise",2016-04-18,NA,NA,"Triorophus",2,NA,NA,"not measured","DaFl","10",10
"Sunrise",2016-07-30,NA,NA,"Ammotrechidae",1,NA,NA,"not measured","DaFl","1",9
"Sunrise",2016-07-30,NA,NA,"Anystoidea",1,NA,NA,"not measured","DaFl","1",9
"Sunrise",2016-07-30,NA,NA,"Dorymyrmex",1,NA,NA,"not measured","DaFl","1",9
"Sunrise",2016-07-30,NA,NA,"Meinertellidae",1,NA,NA,"not measured","DaFl","1",9
"Sunrise",2016-07-30,NA,NA,"Pheidole",1,NA,NA,"not measured","DaFl","1",9
"Sunrise",2016-07-30,NA,NA,"Termitidae",1,NA,NA,"not measured","DaFl","1",9
"Sunrise",2016-07-30,NA,NA,"Tetramorium",1,NA,NA,"not measured","DaFl","1",9
"Sunrise",2016-07-30,NA,NA,"Anystoidea",1,NA,NA,"not measured","DaFl","2",9
"Sunrise",2016-07-30,NA,NA,"Anystoidea",4,NA,NA,"not measured","DaFl","3",9
"Sunrise",2016-07-30,NA,NA,"Chyphotes",1,NA,NA,"not measured","DaFl","3",9
"Sunrise",2016-07-30,NA,NA,"Ammotrechidae",1,NA,NA,"not measured","DaFl","4",9
"Sunrise",2016-07-30,NA,NA,"Anystoidea",2,NA,NA,"not measured","DaFl","4",9
"Sunrise",2016-07-30,NA,NA,"Anystoidea",1,NA,NA,"not measured","DaFl","5",9
"Sunrise",2016-07-30,NA,NA,"Chyphotes",1,NA,NA,"not measured","DaFl","5",9
"Sunrise",2016-07-30,NA,NA,"Scolopendridae",1,NA,NA,"greater than 10 mm","DaFl","5",9
"Sunrise",2016-07-30,NA,NA,"Lepismatidae",1,NA,NA,"not measured","DaFl","6",9
"Sunrise",2016-07-30,NA,NA,"Ammotrechidae",1,NA,NA,"not measured","DaFl","7",9
"Sunrise",2016-07-30,NA,NA,"Anystoidea",7,NA,NA,"not measured","DaFl","7",9
"Sunrise",2016-07-30,NA,NA,"Crematogaster",1,NA,NA,"not measured","DaFl","7",9
"Sunrise",2016-07-30,NA,NA,"Erythraeidae",3,NA,NA,"not measured","DaFl","7",9
"Sunrise",2016-07-30,NA,NA,"Forelius",8,NA,NA,"not measured","DaFl","7",9
"Sunrise",2016-07-30,NA,NA,"Lepismatidae",1,NA,NA,"not measured","DaFl","7",9
"Sunrise",2016-07-30,NA,NA,"Monomorium",1,NA,NA,"not measured","DaFl","7",9
"Sunrise",2016-07-30,NA,NA,"Nocibiotes",1,NA,NA,"not measured","DaFl","7",9
"Sunrise",2016-07-30,NA,NA,"Anystoidea",1,NA,NA,"not measured","DaFl","8",9
"Sunrise",2016-07-30,NA,NA,"Crematogaster",1,NA,NA,"not measured","DaFl","8",9
"Sunrise",2016-07-30,NA,NA,"Pseudoscorpiones",1,NA,NA,"not measured","DaFl","8",9
"Sunrise",2016-07-30,NA,NA,"Termitidae",1,NA,NA,"not measured","DaFl","8",9
"Sunrise",2016-07-30,NA,NA,"Tetramorium",1,NA,NA,"not measured","DaFl","8",9
"Sunrise",2016-07-30,NA,NA,"Lepismatidae",3,NA,NA,"not measured","DaFl","10",9
"Sunrise",2016-10-26,NA,NA,"Lepismatidae",1,NA,NA,"not measured","DaFl","1",10
"Sunrise",2016-10-26,NA,NA,"Psilochorus",1,NA,NA,"not measured","DaFl","2",10
"Sunrise",2016-10-26,NA,NA,"Lepismatidae",1,NA,NA,"not measured","DaFl","3",10
"Sunrise",2016-10-26,"Could not be sorted",NA,NA,NA,NA,NA,NA,NA,"4",10
"Sunrise",2016-10-26,NA,NA,"Paravaejovis spinigerus",1,NA,NA,"not measured","DaFl","5",10
"Sunrise",2016-10-26,NA,NA,"Linyphiidae",1,NA,NA,"not measured","DaFl","6",10
"Sunrise",2016-10-26,NA,NA,"Tetramorium",1,NA,NA,"not measured","DaFl","6",10
"Sunrise",2016-10-26,NA,NA,"Chyphotes",1,NA,NA,"not measured","DaFl","7",10
"Sunrise",2016-10-26,NA,NA,"Lepismatidae",1,NA,NA,"not measured","DaFl","7",10
"Sunrise",2016-10-26,NA,NA,"Paravaejovis spinigerus",1,NA,NA,"not measured","DaFl","7",10
"Sunrise",2016-10-26,NA,NA,"Chyphotes",1,NA,NA,"not measured","DaFl","8",10
"Sunrise",2016-10-26,NA,NA,"Lepismatidae",1,NA,NA,"not measured","DaFl","8",10
"Sunrise",2016-10-26,NA,NA,"Paravaejovis spinigerus",1,NA,NA,"not measured","DaFl","8",10
"Sunrise",2016-10-26,NA,NA,"Tetramorium",1,NA,NA,"not measured","DaFl","8",10
"Sunrise",2016-10-26,"Empty","empty_trap",NA,NA,NA,NA,NA,NA,"9",10
"Sunrise",2016-10-26,NA,NA,"Paravaejovis spinigerus",1,NA,NA,"not measured","DaFl","10",10
"Sunrise",2017-01-17,NA,NA,"Spirobolida",1,NA,NA,"not measured","DaFl","1",10
"Sunrise",2017-01-17,NA,NA,"Termitidae",7,NA,NA,"not measured","DaFl","1",10
"Sunrise",2017-01-17,"Empty","empty_trap",NA,NA,NA,NA,NA,NA,"2",10
"Sunrise",2017-01-17,"Empty","empty_trap",NA,NA,NA,NA,NA,NA,"3",10
"Sunrise",2017-01-17,"Empty","empty_trap",NA,NA,NA,NA,NA,NA,"4",10
"Sunrise",2017-01-17,"Empty","empty_trap",NA,NA,NA,NA,NA,NA,"5",10
"Sunrise",2017-01-17,NA,NA,"Phyllotreta",1,NA,NA,"not measured","DaFl","6",10
"Sunrise",2017-01-17,NA,NA,"Stenomorpha hispidula",1,NA,NA,"not measured","DaFl","6",10
"Sunrise",2017-01-17,NA,NA,"Scarabaeidae",1,NA,NA,"not measured","DaFl","7",10
"Sunrise",2017-01-17,NA,NA,"Opiliones",1,NA,NA,"not measured","DaFl","8",10
"Sunrise",2017-01-17,NA,NA,"Termitidae",1,NA,NA,"not measured","DaFl","8",10
"Sunrise",2017-01-17,"Empty","empty_trap",NA,NA,NA,NA,NA,NA,"9",10
"Sunrise",2017-01-17,"Empty","empty_trap",NA,NA,NA,NA,NA,NA,"10",10
"Sunrise",2017-04-22,"one pinned",NA,"Paravaejovis spinigerus",1,NA,NA,"not measured","DaFl","1",9
"Sunrise",2017-04-22,"one pinned",NA,"Paravaejovis spinigerus",1,NA,NA,"not measured","DaFl","2",9
"Sunrise",2017-04-22,NA,NA,"Erythraeidae",2,NA,NA,"not measured","DaFl","3",9
"Sunrise",2017-04-22,NA,NA,"Forelius",2,NA,NA,"not measured","DaFl","3",9
"Sunrise",2017-04-22,NA,NA,"Lepismatidae",3,NA,NA,"not measured","DaFl","3",9
"Sunrise",2017-04-22,NA,NA,"Crematogaster",1,NA,NA,"not measured","DaFl","4",9
"Sunrise",2017-04-22,"2 pinned",NA,"Crematogaster",1,NA,NA,"not measured","DaFl","5",9
"Sunrise",2017-04-22,"2 pinned",NA,"Forelius",9,NA,NA,"not measured","DaFl","5",9
"Sunrise",2017-04-22,"2 pinned",NA,"Hemiptera",1,"TRUE",NA,"not measured","DaFl","5",9
"Sunrise",2017-04-22,"2 pinned",NA,"Meinertellidae",5,NA,NA,"not measured","DaFl","5",9
"Sunrise",2017-04-22,"2 pinned",NA,"Monomorium",1,NA,NA,"not measured","DaFl","5",9
"Sunrise",2017-04-22,"2 pinned",NA,"Pheidole",1,NA,NA,"not measured","DaFl","5",9
"Sunrise",2017-04-22,"2 pinned",NA,"Triorophus",4,NA,NA,"not measured","DaFl","5",9
"Sunrise",2017-04-22,"one pinned",NA,"Anystidae",2,NA,NA,"not measured","DaFl","6",9
"Sunrise",2017-04-22,"one pinned",NA,"Mecinus",1,NA,NA,"not measured","DaFl","6",9
"Sunrise",2017-04-22,"Empty, one pinned","empty_trap",NA,NA,NA,NA,NA,NA,"7",9
"Sunrise",2017-04-22,"one pinned",NA,"Forelius pruinosus",12,NA,NA,"not measured","DaFl","9",9
"Sunrise",2017-04-22,"one pinned",NA,"Nocibiotes",1,NA,NA,"not measured","DaFl","9",9
"Sunrise",2017-04-22,"one pinned",NA,"Paravaejovis spinigerus",1,NA,NA,"not measured","DaFl","10",9
"Sunrise",2017-10-19,NA,NA,"Triorophus",1,NA,NA,"not measured","DaFl","1",10
"Sunrise",2017-10-19,"Empty","empty_trap",NA,NA,NA,NA,NA,NA,"2",10
"Sunrise",2017-10-19,NA,NA,"Chyphotes",1,NA,NA,"not measured","DaFl","3",10
"Sunrise",2017-10-19,NA,NA,"Lepismatidae",1,NA,NA,"not measured","DaFl","3",10
"Sunrise",2017-10-19,"Empty","empty_trap",NA,NA,NA,NA,NA,NA,"4",10
"Sunrise",2017-10-19,NA,NA,"Monomorium",1,NA,NA,"not measured","DaFl","5",10
"Sunrise",2017-10-19,NA,NA,"Ammotrechidae",1,NA,NA,"not measured","DaFl","6",10
"Sunrise",2017-10-19,NA,NA,"Chyphotes",1,NA,NA,"not measured","DaFl","6",10
"Sunrise",2017-10-19,NA,NA,"Crematogaster",1,NA,NA,"not measured","DaFl","6",10
"Sunrise",2017-10-19,NA,NA,"Forelius pruinosus",2,NA,NA,"not measured","DaFl","6",10
"Sunrise",2017-10-19,NA,NA,"Lepismatidae",3,NA,NA,"not measured","DaFl","6",10
"Sunrise",2017-10-19,NA,NA,"Salticidae",1,NA,NA,"not measured","DaFl","6",10
"Sunrise",2017-10-19,NA,NA,"Tetramorium",3,NA,NA,"not measured","DaFl","6",10
"Sunrise",2017-10-19,NA,NA,"Paravaejovis spinigerus",1,NA,NA,"not measured","DaFl","7",10
"Sunrise",2017-10-19,"Empty","empty_trap",NA,NA,NA,NA,NA,NA,"8",10
"Sunrise",2017-10-19,NA,NA,"Ammotrechidae",1,NA,NA,"not measured","DaFl","9",10
"Sunrise",2017-10-19,NA,NA,"Crematogaster",1,NA,NA,"not measured","DaFl","9",10
"Sunrise",2017-10-19,NA,NA,"Forelius pruinosus",2,NA,NA,"not measured","DaFl","9",10
"Sunrise",2017-10-19,NA,NA,"Tetramorium",3,NA,NA,"not measured","DaFl","9",10
"Sunrise",2017-10-19,"Empty","empty_trap",NA,NA,NA,NA,NA,NA,"10",10
"Sunrise",2018-01-19,NA,NA,"Opiliones",1,NA,NA,"not measured","DaFl","1",10
"Sunrise",2018-01-19,NA,NA,"Cicadellidae",2,NA,NA,"not measured","DaFl","2",10
"Sunrise",2018-01-19,NA,NA,"Paravaejovis spinigerus",1,NA,NA,"not measured","DaFl","2",10
"Sunrise",2018-01-19,NA,NA,"Lepismatidae",1,NA,NA,"not measured","DaFl","3",10
"Sunrise",2018-01-19,NA,NA,"Solifugae",1,NA,NA,"not measured","DaFl","4",10
"Sunrise",2018-01-19,NA,NA,"Entomobryidae",1,NA,NA,"not measured","DaFl","5",10
"Sunrise",2018-01-19,NA,NA,"Forelius",1,NA,NA,"not measured","DaFl","5",10
"Sunrise",2018-01-19,NA,NA,"Mantidae",1,NA,NA,"not measured","DaFl","5",10
"Sunrise",2018-01-19,NA,NA,"Eusattus",1,NA,NA,"not measured","DaFl","6",10
"Sunrise",2018-01-19,NA,NA,"Forelius pruinosus",1,NA,NA,"not measured","DaFl","6",10
"Sunrise",2018-01-19,NA,NA,"Lepidoptera",1,NA,NA,"not measured","DaFl","6",10
"Sunrise",2018-01-19,NA,NA,"Philodromidae",1,NA,NA,"not measured","DaFl","6",10
"Sunrise",2018-01-19,"Empty","empty_trap",NA,NA,NA,NA,NA,NA,"7",10
"Sunrise",2018-01-19,NA,NA,"Ceraticelus",1,NA,NA,"not measured","DaFl","8",10
"Sunrise",2018-01-19,NA,NA,"Prytanes",1,NA,NA,"not measured","DaFl","8",10
"Sunrise",2018-01-19,NA,NA,"Cononotus",1,NA,NA,"not measured","DaFl","9",10
"Sunrise",2018-01-19,NA,NA,"Psilochorus",1,NA,NA,"not measured","DaFl","9",10
"Sunrise",2018-01-19,NA,NA,"Tetramorium",1,NA,NA,"not measured","DaFl","9",10
"Sunrise",2018-01-19,NA,NA,"Lepismatidae",1,NA,NA,"not measured","DaFl","10",10
"Sunrise",2018-01-19,NA,NA,"Psilochorus",1,NA,NA,"not measured","DaFl","10",10
"Sunrise",2018-04-20,NA,NA,"Chyphotes",1,NA,NA,"not measured","DaFl","1",10
"Sunrise",2018-04-20,NA,NA,"Lepismatidae",4,NA,NA,"not measured","DaFl","1",10
"Sunrise",2018-04-20,NA,NA,"Linyphiidae",2,NA,NA,"not measured","DaFl","1",10
"Sunrise",2018-04-20,NA,NA,"Nylanderia",2,NA,NA,"not measured","DaFl","1",10
"Sunrise",2018-04-20,NA,NA,"Lepismatidae",3,NA,NA,"not measured","DaFl","2",10
"Sunrise",2018-04-20,NA,NA,"Habronattus",1,NA,NA,"not measured","DaFl","3",10
"Sunrise",2018-04-20,NA,NA,"Anystoidea",1,NA,NA,"not measured","DaFl","4",10
"Sunrise",2018-04-20,NA,NA,"Tetramorium",1,NA,NA,"not measured","DaFl","4",10
"Sunrise",2018-04-20,NA,NA,"Lepismatidae",1,NA,NA,"not measured","DaFl","5",10
"Sunrise",2018-04-20,"Empty","empty_trap",NA,NA,NA,NA,NA,NA,"6",10
"Sunrise",2018-04-20,NA,NA,"Cryptoglossa",1,NA,NA,"not measured","DaFl","7",10
"Sunrise",2018-04-20,NA,NA,"Tenebrionidae",1,NA,NA,"not measured","DaFl","7",10
"Sunrise",2018-04-20,NA,NA,"Vaejovidae",1,"TRUE",NA,"not measured","DaFl","7",10
"Sunrise",2018-04-20,NA,NA,"Tarsonops",1,NA,NA,"not measured","DaFl","8",10
"Sunrise",2018-04-20,NA,NA,"Anystidae",1,NA,NA,"not measured","DaFl","9",10
"Sunrise",2018-04-20,NA,NA,"Lepismatidae",1,NA,NA,"not measured","DaFl","9",10
"Sunrise",2018-04-20,NA,NA,"Tenebrionidae",1,NA,NA,"not measured","DaFl","9",10
"Sunrise",2018-04-20,NA,NA,"Lepismatidae",2,NA,NA,"not measured","DaFl","10",10
"Sunrise",2018-04-20,NA,NA,"Tenebrionidae",1,NA,NA,"not measured","DaFl","10",10
"Sunrise",2018-10-26,NA,NA,"Entomobryidae",4,NA,NA,"not measured","DaFl","1",9
"Sunrise",2018-10-26,NA,NA,"Hemiptera",2,"TRUE",NA,"not measured","DaFl","1",9
"Sunrise",2018-10-26,NA,NA,"Isopoda",2,NA,NA,"not measured","DaFl","1",9
"Sunrise",2018-10-26,NA,NA,"Isotomidae",1,NA,NA,"not measured","DaFl","1",9
"Sunrise",2018-10-26,NA,NA,"Agroeca",1,NA,NA,"not measured","DaFl","2",9
"Sunrise",2018-10-26,NA,NA,"Sminthuridae",1,NA,NA,"not measured","DaFl","2",9
"Sunrise",2018-10-26,NA,NA,"Anystoidea",5,NA,NA,"not measured","DaFl","3",9
"Sunrise",2018-10-26,NA,NA,"Cononotus",1,NA,NA,"not measured","DaFl","3",9
"Sunrise",2018-10-26,NA,NA,"Entomobryidae",3,NA,NA,"not measured","DaFl","3",9
"Sunrise",2018-10-26,NA,NA,"Forelius",2,NA,NA,"not measured","DaFl","3",9
"Sunrise",2018-10-26,NA,NA,"Sminthuridae",1,NA,NA,"not measured","DaFl","3",9
"Sunrise",2018-10-26,NA,NA,"Anystoidea",1,NA,NA,"not measured","DaFl","4",9
"Sunrise",2018-10-26,NA,NA,"Aphididae",1,NA,NA,"not measured","DaFl","4",9
"Sunrise",2018-10-26,NA,NA,"Isotomidae",1,NA,NA,"not measured","DaFl","4",9
"Sunrise",2018-10-26,NA,NA,"Sminthuridae",1,NA,NA,"not measured","DaFl","4",9
"Sunrise",2018-10-26,NA,NA,"Solenopsis",1,NA,NA,"not measured","DaFl","4",9
"Sunrise",2018-10-26,NA,NA,"Anystoidea",4,NA,NA,"not measured","DaFl","5",9
"Sunrise",2018-10-26,NA,NA,"Entomobryidae",3,NA,NA,"not measured","DaFl","5",9
"Sunrise",2018-10-26,NA,NA,"Forelius pruinosus",2,NA,NA,"not measured","DaFl","5",9
"Sunrise",2018-10-26,NA,NA,"Sminthuridae",1,NA,NA,"not measured","DaFl","5",9
"Sunrise",2018-10-26,NA,NA,"Anystoidea",1,NA,NA,"not measured","DaFl","6",9
"Sunrise",2018-10-26,NA,NA,"Entomobryidae",1,NA,NA,"not measured","DaFl","6",9
"Sunrise",2018-10-26,NA,NA,"Geometridae",1,NA,NA,"not measured","DaFl","6",9
"Sunrise",2018-10-26,NA,NA,"Tetramorium hispidum",1,NA,NA,"not measured","DaFl","6",9
"Sunrise",2018-10-26,NA,NA,"Chalcidoidea",1,NA,NA,"less than 2 mm","DaFl","7",9
"Sunrise",2018-10-26,NA,NA,"Noctuidae",1,"TRUE",NA,"not measured","DaFl","7",9
"Sunrise",2018-10-26,"Empty","empty_trap",NA,NA,NA,NA,NA,NA,"8",9
"Sunrise",2018-10-26,NA,NA,"Anystoidea",1,NA,NA,"not measured","DaFl","9",9
"Sunrise",2018-10-26,NA,NA,"Bombyliidae",1,NA,NA,"not measured","DaFl","9",9
"Sunrise",2018-10-26,NA,NA,"Entomobryidae",1,NA,NA,"not measured","DaFl","9",9
"Sunrise",2018-10-26,NA,NA,"Forelius",2,NA,NA,"not measured","DaFl","9",9
"Sunrise",2018-10-26,NA,NA,"Lepidoptera",1,NA,NA,"not measured","DaFl","9",9
"Sunrise",2018-10-26,NA,NA,"Lepismatidae",2,NA,NA,"not measured","DaFl","9",9
"Sunrise",2018-10-26,NA,NA,"Solenopsis xyloni",12,NA,NA,"not measured","DaFl","9",9
"Sunrise",2018-10-26,NA,NA,"Tetramorium",3,NA,NA,"not measured","DaFl","9",9
"Sunrise",2019-01-31,NA,NA,"Anystidae",1,NA,NA,"less than 2 mm","GaRi","1",10
"Sunrise",2019-01-31,NA,NA,"Cicadellidae",3,"TRUE",NA,"not measured","DaFl","1",10
"Sunrise",2019-01-31,NA,NA,"Coleoptera",1,"TRUE",NA,"not measured","DaFl","1",10
"Sunrise",2019-01-31,NA,NA,"Entomobryidae",95,NA,NA,"less than 2 mm","GaRi","1",10
"Sunrise",2019-01-31,NA,NA,"Eusattus",1,NA,NA,"not measured","DaFl","1",10
"Sunrise",2019-01-31,NA,NA,"Hemiptera",68,"TRUE",NA,"not measured","DaFl","1",10
"Sunrise",2019-01-31,NA,NA,"Linyphiidae",1,NA,NA,"not measured","DaFl","1",10
"Sunrise",2019-01-31,NA,NA,"Mecinus",1,NA,NA,"not measured","DaFl","1",10
"Sunrise",2019-01-31,NA,NA,"Nocibiotes",1,NA,NA,"not measured","DaFl","1",10
"Sunrise",2019-01-31,NA,NA,"Ptomaphagus",1,NA,NA,"not measured","DaFl","1",10
"Sunrise",2019-01-31,NA,NA,"Solenopsis xyloni",18,NA,NA,"not measured","DaFl","1",10
"Sunrise",2019-01-31,NA,NA,"Thripidae",1,"TRUE",NA,"not measured","DaFl","1",10
"Sunrise",2019-01-31,NA,NA,"Cicadellidae",1,"TRUE",NA,"not measured","DaFl","2",10
"Sunrise",2019-01-31,NA,NA,"Entomobryidae",24,NA,NA,"less than 2 mm","GaRi","2",10
"Sunrise",2019-01-31,NA,NA,"Myrmeleontidae",1,"TRUE",NA,"not measured","DaFl","2",10
"Sunrise",2019-01-31,NA,NA,"Entomobryidae",2,NA,NA,"less than 2 mm","GaRi","3",10
"Sunrise",2019-01-31,NA,NA,"Hemiptera",1,"TRUE",NA,"not measured","DaFl","3",10
"Sunrise",2019-01-31,NA,NA,"Camponotus",2,NA,NA,"not measured","DaFl","4",10
"Sunrise",2019-01-31,NA,NA,"Chyphotes",1,NA,NA,"not measured","DaFl","4",10
"Sunrise",2019-01-31,NA,NA,"Cononotus",1,NA,NA,"not measured","DaFl","4",10
"Sunrise",2019-01-31,NA,NA,"Chrysomelidae",1,NA,NA,"not measured","DaFl","5",10
"Sunrise",2019-01-31,NA,NA,"Entomobryidae",24,NA,NA,"less than 2 mm","GaRi","5",10
"Sunrise",2019-01-31,NA,NA,"Geophilomorpha",1,NA,NA,"not measured","DaFl","5",10
"Sunrise",2019-01-31,NA,NA,"Cicadellidae",1,"TRUE",NA,"not measured","DaFl","6",10
"Sunrise",2019-01-31,NA,NA,"Entomobryidae",84,NA,NA,"less than 2 mm","GaRi","6",10
"Sunrise",2019-01-31,NA,NA,"Hemiptera",1,"TRUE",NA,"not measured","DaFl","6",10
"Sunrise",2019-01-31,NA,NA,"Sminthuridae",1,NA,NA,"less than 2 mm","GaRi","6",10
"Sunrise",2019-01-31,NA,NA,"Solenopsis xyloni",2,NA,NA,"not measured","DaFl","6",10
"Sunrise",2019-01-31,NA,NA,"Entomobryidae",4,NA,NA,"less than 2 mm","GaRi","7",10
"Sunrise",2019-01-31,NA,NA,"Erythraeidae",1,NA,NA,"less than 2 mm","GaRi","7",10
"Sunrise",2019-01-31,NA,NA,"Anystidae",1,NA,NA,"less than 2 mm","GaRi","8",10
"Sunrise",2019-01-31,NA,NA,"Cononotus",1,NA,NA,"not measured","DaFl","8",10
"Sunrise",2019-01-31,NA,NA,"Erythraeoidea",1,NA,NA,"less than 2 mm","GaRi","8",10
"Sunrise",2019-01-31,NA,NA,"Aleyrodidae",1,NA,NA,"not measured","DaFl","9",10
"Sunrise",2019-01-31,NA,NA,"Anystidae",1,NA,NA,"less than 2 mm","GaRi","9",10
"Sunrise",2019-01-31,NA,NA,"Ceraticelus",2,NA,NA,"not measured","DaFl","9",10
"Sunrise",2019-01-31,NA,NA,"Crematogaster",1,NA,NA,"not measured","DaFl","9",10
"Sunrise",2019-01-31,NA,NA,"Entomobryidae",103,NA,NA,"less than 2 mm","GaRi","9",10
"Sunrise",2019-01-31,NA,NA,"Forelius",1,NA,NA,"not measured","DaFl","9",10
"Sunrise",2019-01-31,NA,NA,"Meinertellidae",1,NA,NA,"greater than 10 mm","GaRi","9",10
"Sunrise",2019-01-31,NA,NA,"Solenopsis xyloni",8,NA,NA,"not measured","DaFl","9",10
"Sunrise",2019-01-31,NA,NA,"Anystoidea",2,NA,NA,"less than 2 mm","GaRi","10",10
"Sunrise",2019-01-31,NA,NA,"Bethylidae",1,NA,NA,"not measured","DaFl","10",10
"Sunrise",2019-01-31,NA,NA,"Entomobryidae",1,NA,NA,"less than 2 mm","GaRi","10",10
"Sunrise",2019-01-31,NA,NA,"Erythraeoidea",1,NA,NA,"less than 2 mm","GaRi","10",10
"Sunrise",2019-01-31,NA,NA,"Geocoris",1,NA,NA,"not measured","DaFl","10",10
"Sunrise",2019-01-31,NA,NA,"Sminthuridae",1,NA,NA,"less than 2 mm","GaRi","10",10
"Sunrise",2019-04-19,NA,NA,"Entomobryidae",1,NA,NA,"less than 2 mm","GaRi","1",10
"Sunrise",2019-04-19,NA,NA,"Erythraeidae",4,NA,NA,"less than 2 mm","GaRi","1",10
"Sunrise",2019-04-19,NA,NA,"Mecinus",1,NA,NA,"not measured","DaFl","1",10
"Sunrise",2019-04-19,NA,NA,"Melanaethus",1,NA,NA,"not measured","DaFl","1",10
"Sunrise",2019-04-19,NA,NA,"Caeculidae",1,NA,NA,"less than 2 mm","GaRi","2",10
"Sunrise",2019-04-19,NA,NA,"Nocibiotes",1,NA,NA,"not measured","DaFl","2",10
"Sunrise",2019-04-19,NA,NA,"Scolopendridae",1,NA,NA,"greater than 10 mm","DaFl","2",10
"Sunrise",2019-04-19,NA,NA,"Solenopsis",2,NA,NA,"not measured","DaFl","2",10
"Sunrise",2019-04-19,NA,NA,"Trombidioidea",1,NA,NA,"not measured","DaFl","2",10
"Sunrise",2019-04-19,NA,NA,"Apis",1,NA,"TRUE","not measured","DaFl","3",10
"Sunrise",2019-04-19,NA,NA,"Camponotus",2,NA,NA,"not measured","DaFl","3",10
"Sunrise",2019-04-19,NA,NA,"Entomobryidae",3,NA,NA,"less than 2 mm","GaRi","3",10
"Sunrise",2019-04-19,NA,NA,"Erythraeidae",1,NA,NA,"less than 2 mm","GaRi","3",10
"Sunrise",2019-04-19,NA,NA,"Forelius",1,NA,NA,"not measured","DaFl","3",10
"Sunrise",2019-04-19,NA,NA,"Scolopendridae",1,NA,NA,"greater than 10 mm","DaFl","3",10
"Sunrise",2019-04-19,NA,NA,"Anystidae",1,NA,NA,"less than 2 mm","GaRi","4",10
"Sunrise",2019-04-19,NA,NA,"Camponotus",1,NA,NA,"not measured","DaFl","4",10
"Sunrise",2019-04-19,NA,NA,"Chrysomelidae",1,NA,NA,"not measured","DaFl","4",10
"Sunrise",2019-04-19,NA,NA,"Forelius",1,NA,NA,"not measured","DaFl","4",10
"Sunrise",2019-04-19,NA,NA,"Geocoris",1,NA,NA,"not measured","DaFl","4",10
"Sunrise",2019-04-19,NA,NA,"Geocoris",1,NA,NA,"not measured","DaFl","4",10
"Sunrise",2019-04-19,NA,NA,"Lepismatidae",2,NA,NA,"not measured","DaFl","4",10
"Sunrise",2019-04-19,NA,NA,"Mecinus",1,NA,NA,"not measured","DaFl","4",10
"Sunrise",2019-04-19,NA,NA,"Mecinus",1,NA,NA,"not measured","DaFl","4",10
"Sunrise",2019-04-19,NA,NA,"Nocibiotes",1,NA,NA,"not measured","DaFl","4",10
"Sunrise",2019-04-19,NA,NA,"Staphylinidae",1,"TRUE",NA,"not measured","DaFl","4",10
"Sunrise",2019-04-19,NA,NA,"Tetramorium",1,NA,NA,"not measured","DaFl","4",10
"Sunrise",2019-04-19,NA,NA,"Entomobryidae",115,NA,NA,"less than 2 mm","GaRi","5",10
"Sunrise",2019-04-19,NA,NA,"Erythraeidae",6,NA,NA,"less than 2 mm","GaRi","5",10
"Sunrise",2019-04-19,NA,NA,"Chrysopidae",1,NA,NA,"not measured","DaFl","6",10
"Sunrise",2019-04-19,NA,NA,"Entomobryidae",1,NA,NA,"less than 2 mm","GaRi","6",10
"Sunrise",2019-04-19,NA,NA,"Erythraeidae",2,NA,NA,"less than 2 mm","GaRi","6",10
"Sunrise",2019-04-19,NA,NA,"Mecinus",1,NA,NA,"not measured","DaFl","6",10
"Sunrise",2019-04-19,NA,NA,"Myrmosidae",1,NA,NA,"not measured","DaFl","6",10
"Sunrise",2019-04-19,NA,NA,"Solenopsis",1,NA,NA,"not measured","DaFl","6",10
"Sunrise",2019-04-19,NA,NA,"Entomobryidae",6,NA,NA,"less than 2 mm","GaRi","7",10
"Sunrise",2019-04-19,NA,NA,"Erythraeidae",27,NA,NA,"less than 2 mm","GaRi","7",10
"Sunrise",2019-04-19,NA,NA,"Forelius",1,NA,NA,"not measured","DaFl","7",10
"Sunrise",2019-04-19,NA,NA,"Nocibiotes",1,NA,NA,"not measured","DaFl","7",10
"Sunrise",2019-04-19,NA,NA,"Thripidae",1,NA,NA,"not measured","DaFl","7",10
"Sunrise",2019-04-19,NA,NA,"Anystidae",1,NA,NA,"not measured","DaFl","8",10
"Sunrise",2019-04-19,NA,NA,"Chalcidoidea",1,NA,NA,"not measured","DaFl","8",10
"Sunrise",2019-04-19,NA,NA,"Entomobryidae",5,NA,NA,"less than 2 mm","GaRi","8",10
"Sunrise",2019-04-19,NA,NA,"Erythraeidae",11,NA,NA,"less than 2 mm","GaRi","8",10
"Sunrise",2019-04-19,NA,NA,"Forelius",1,NA,NA,"not measured","DaFl","8",10
"Sunrise",2019-04-19,NA,NA,"Anystidae",1,NA,NA,"less than 2 mm","GaRi","9",10
"Sunrise",2019-04-19,NA,NA,"Anystoidea",3,NA,NA,"not measured","DaFl","9",10
"Sunrise",2019-04-19,NA,NA,"Cryptoglossa muricata",1,NA,NA,"not measured","DaFl","9",10
"Sunrise",2019-04-19,NA,NA,"Entomobryidae",3,NA,NA,"less than 2 mm","GaRi","9",10
"Sunrise",2019-04-19,NA,NA,"Erythraeidae",13,NA,NA,"less than 2 mm","GaRi","9",10
"Sunrise",2019-04-19,NA,NA,"Lepismatidae",1,NA,NA,"not measured","DaFl","9",10
"Sunrise",2019-04-19,NA,NA,"Tetramorium",2,NA,NA,"not measured","DaFl","9",10
"Sunrise",2019-04-19,NA,NA,"Anystoidea",1,NA,NA,"not measured","DaFl","10",10
"Sunrise",2019-04-19,NA,NA,"Cryptoglossa muricata",1,NA,NA,"not measured","DaFl","10",10
"Sunrise",2019-04-19,NA,NA,"Entomobryidae",53,NA,NA,"less than 2 mm","GaRi","10",10
"Sunrise",2019-04-19,NA,NA,"Entomobryidae",1,NA,NA,"not measured","DaFl","10",10
"Sunrise",2019-04-19,NA,NA,"Erythraeidae",5,NA,NA,"less than 2 mm","GaRi","10",10
"Sunrise",2019-04-19,NA,NA,"Forelius",2,NA,NA,"not measured","DaFl","10",10
"Sunrise",2019-04-19,NA,NA,"Lepismatidae",2,NA,NA,"not measured","DaFl","10",10
"Sunrise",2019-04-19,NA,NA,"Staphylinidae",2,"TRUE",NA,"not measured","DaFl","10",10
"Sunrise",2019-04-19,NA,NA,"Thripidae",1,NA,NA,"not measured","DaFl","10",10
"Sunrise",2019-10-25,NA,NA,"Bdellidae",1,NA,NA,"not measured","DaFl","1",10
"Sunrise",2019-10-25,NA,NA,"Entomobryidae",1,NA,NA,"not measured","DaFl","1",10
"Sunrise",2019-10-25,NA,NA,"Forelius",3,NA,NA,"not measured","DaFl","1",10
"Sunrise",2019-10-25,NA,NA,"Lepidoptera",1,"TRUE",NA,"not measured","DaFl","2",10
"Sunrise",2019-10-25,NA,NA,"Lepismatidae",1,NA,NA,"not measured","DaFl","2",10
"Sunrise",2019-10-25,NA,NA,"Sminthuridae",1,NA,NA,"not measured","DaFl","2",10
"Sunrise",2019-10-25,NA,NA,"Anystoidea",1,NA,NA,"not measured","DaFl","3",10
"Sunrise",2019-10-25,NA,NA,"Camponotus",1,NA,NA,"not measured","DaFl","3",10
"Sunrise",2019-10-25,NA,NA,"Hemiptera",3,NA,NA,"not measured","DaFl","3",10
"Sunrise",2019-10-25,NA,NA,"Solenopsis",1,NA,NA,"not measured","DaFl","3",10
"Sunrise",2019-10-25,NA,NA,"Forelius pruinosus",1,NA,NA,"not measured","DaFl","4",10
"Sunrise",2019-10-25,NA,NA,"Chalcidoidea",1,NA,NA,"not measured","DaFl","5",10
"Sunrise",2019-10-25,NA,NA,"Paravaejovis spinigerus",1,NA,NA,"not measured","DaFl","5",10
"Sunrise",2019-10-25,NA,NA,"Solenopsis xyloni",1,NA,NA,"not measured","DaFl","6",10
"Sunrise",2019-10-25,NA,NA,"Anystoidea",1,NA,NA,"not measured","DaFl","7",10
"Sunrise",2019-10-25,NA,NA,"Chyphotes",1,NA,NA,"not measured","DaFl","7",10
"Sunrise",2019-10-25,NA,NA,"Elateridae",2,NA,NA,"not measured","DaFl","7",10
"Sunrise",2019-10-25,NA,NA,"Syntomus americanus",1,NA,NA,"not measured","DaFl","7",10
"Sunrise",2019-10-25,"Empty","empty_trap",NA,NA,NA,NA,NA,NA,"8",10
"Sunrise",2019-10-25,NA,NA,"Crematogaster",1,NA,NA,"not measured","DaFl","9",10
"Sunrise",2019-10-25,NA,NA,"Linyphiidae",1,NA,NA,"not measured","DaFl","9",10
"Sunrise",2019-10-25,NA,NA,"Tetramorium",1,NA,NA,"not measured","DaFl","9",10
"Sunrise",2019-10-25,NA,NA,"Camponotus",1,NA,NA,"not measured","DaFl","10",10
"Sunrise",2019-10-25,NA,NA,"Chyphotes",2,NA,NA,"not measured","DaFl","10",10
"Sunrise",2019-10-25,NA,NA,"Forelius pruinosus",1,NA,NA,"not measured","DaFl","10",10
"Sunrise",2019-10-25,NA,NA,"Psilochorus",1,NA,NA,"not measured","DaFl","10",10
"Sunrise",2020-01-25,NA,NA,"Entomobryidae",1,NA,NA,"not measured","DaFl","1",10
"Sunrise",2020-01-25,NA,NA,"Erythraeidae",1,NA,NA,"not measured","DaFl","1",10
"Sunrise",2020-01-25,NA,NA,"Geometridae",1,NA,NA,"not measured","DaFl","1",10
"Sunrise",2020-01-25,"Specimens dried out",NA,NA,NA,NA,NA,NA,NA,"2",10
"Sunrise",2020-01-25,NA,NA,"Chrysomelidae",4,"TRUE",NA,"not measured","DaFl","3",10
"Sunrise",2020-01-25,NA,NA,"Chrysomelidae",1,"TRUE",NA,"not measured","DaFl","4",10
"Sunrise",2020-01-25,"Empty","empty_trap",NA,NA,NA,NA,NA,NA,"5",10
"Sunrise",2020-01-25,NA,NA,"Chrysomelidae",4,"TRUE",NA,"not measured","DaFl","6",10
"Sunrise",2020-01-25,NA,NA,"Chrysomelidae",4,"TRUE",NA,"not measured","DaFl","7",10
"Sunrise",2020-01-25,NA,NA,"Oribatida",1,NA,NA,"not measured","DaFl","7",10
"Sunrise",2020-01-25,NA,NA,"Thripidae",1,NA,NA,"not measured","DaFl","7",10
"Sunrise",2020-01-25,NA,NA,"Lepismatidae",1,NA,NA,"not measured","DaFl","8",10
"Sunrise",2020-01-25,NA,NA,"Anystoidea",1,NA,NA,"not measured","DaFl","9",10
"Sunrise",2020-01-25,NA,NA,"Chrysomelidae",8,"TRUE",NA,"not measured","DaFl","9",10
"Sunrise",2020-01-25,NA,NA,"Mecinus",1,NA,NA,"not measured","DaFl","9",10
"Sunrise",2020-01-25,NA,NA,"Meinertellidae",1,NA,NA,"not measured","DaFl","9",10
"Sunrise",2020-01-25,NA,NA,"Phalangiidae",1,NA,NA,"not measured","DaFl","9",10
"Sunrise",2020-01-25,NA,NA,"Thripidae",1,NA,NA,"not measured","DaFl","9",10
"Sunrise",2020-01-25,NA,NA,"Chrysomelidae",8,"TRUE",NA,"not measured","DaFl","10",10
"Sunrise",2020-01-25,NA,NA,"Crematogaster",1,NA,NA,"not measured","DaFl","10",10
"Sunrise",2020-01-25,NA,NA,"Drassyllus",1,NA,NA,"not measured","DaFl","10",10
"Sunrise",2020-01-25,NA,NA,"Meinertellidae",1,NA,NA,"not measured","DaFl","10",10
"Sunrise",2020-01-25,NA,NA,"Phalangiidae",1,NA,NA,"not measured","DaFl","10",10
"Sunrise",2020-04-24,NA,NA,"Anystoidea",1,NA,NA,"not measured","DaFl","1",10
"Sunrise",2020-04-24,NA,NA,"Chrysomelidae",1,"TRUE",NA,"not measured","DaFl","1",10
"Sunrise",2020-04-24,NA,NA,"Curculionidae",8,NA,NA,"not measured","DaFl","1",10
"Sunrise",2020-04-24,NA,NA,"Geocoris",1,NA,NA,"not measured","DaFl","1",10
"Sunrise",2020-04-24,NA,NA,"Meinertellidae",1,NA,NA,"not measured","DaFl","1",10
"Sunrise",2020-04-24,NA,NA,"Oribatida",1,NA,NA,"not measured","DaFl","1",10
"Sunrise",2020-04-24,NA,NA,"Solenopsis xyloni",1,NA,NA,"not measured","DaFl","1",10
"Sunrise",2020-04-24,NA,NA,"Staphylinidae",1,NA,NA,"not measured","DaFl","1",10
"Sunrise",2020-04-24,NA,NA,"Termitidae",1,NA,NA,"not measured","DaFl","1",10
"Sunrise",2020-04-24,NA,NA,"Carabidae",1,"TRUE",NA,"not measured","DaFl","2",10
"Sunrise",2020-04-24,NA,NA,"Ceraticelus",1,NA,NA,"not measured","DaFl","2",10
"Sunrise",2020-04-24,NA,NA,"Curculionidae",3,NA,NA,"not measured","DaFl","2",10
"Sunrise",2020-04-24,NA,NA,"Gnaphosidae",1,NA,NA,"not measured","DaFl","2",10
"Sunrise",2020-04-24,NA,NA,"Lepismatidae",1,NA,NA,"not measured","DaFl","2",10
"Sunrise",2020-04-24,NA,NA,"Meinertellidae",2,NA,NA,"not measured","DaFl","2",10
"Sunrise",2020-04-24,NA,NA,"Melanaethus",1,NA,NA,"not measured","DaFl","2",10
"Sunrise",2020-04-24,NA,NA,"Caeculidae",1,NA,NA,"not measured","DaFl","3",10
"Sunrise",2020-04-24,NA,NA,"Lepismatidae",1,NA,NA,"not measured","DaFl","3",10
"Sunrise",2020-04-24,NA,NA,"Oribatida",1,NA,NA,"not measured","DaFl","3",10
"Sunrise",2020-04-24,"Empty","empty_trap",NA,NA,NA,NA,NA,NA,"4",10
"Sunrise",2020-04-24,NA,NA,"Entomobryidae",2,NA,NA,"not measured","DaFl","5",10
"Sunrise",2020-04-24,NA,NA,"Erythraeoidea",2,NA,NA,"not measured","DaFl","5",10
"Sunrise",2020-04-24,NA,NA,"Lepismatidae",1,NA,NA,"not measured","DaFl","5",10
"Sunrise",2020-04-24,NA,NA,"Solenopsis xyloni",1,NA,NA,"not measured","DaFl","5",10
"Sunrise",2020-04-24,NA,NA,"Coccinellidae",1,"TRUE",NA,"not measured","DaFl","6",10
"Sunrise",2020-04-24,NA,NA,"Entomobryidae",2,NA,NA,"not measured","DaFl","6",10
"Sunrise",2020-04-24,NA,NA,"Paravaejovis spinigerus",2,NA,NA,"greater than 10 mm","DaFl","6",10
"Sunrise",2020-04-24,NA,NA,"Solenopsis xyloni",2,NA,NA,"not measured","DaFl","6",10
"Sunrise",2020-04-24,NA,NA,"Curculionidae",1,NA,NA,"not measured","DaFl","7",10
"Sunrise",2020-04-24,"Empty","empty_trap",NA,NA,NA,NA,NA,NA,"8",10
"Sunrise",2020-04-24,NA,NA,"Psocodea",1,"TRUE",NA,"not measured","DaFl","9",10
"Sunrise",2020-04-24,NA,NA,"Anystoidea",1,NA,NA,"not measured","DaFl","10",10
"Sunrise",2020-04-24,NA,NA,"Linyphiidae",1,NA,NA,"not measured","DaFl","10",10
"Sunrise",2020-10-22,NA,NA,"Crematogaster",1,NA,NA,"not measured","DaFl","1",10
"Sunrise",2020-10-22,NA,NA,"Lepismatidae",1,NA,NA,"not measured","DaFl","1",10
"Sunrise",2020-10-22,NA,NA,"Lepismatidae",19,NA,NA,"not measured","DaFl","2",10
"Sunrise",2020-10-22,NA,NA,"Lepismatidae",6,NA,NA,"not measured","DaFl","3",10
"Sunrise",2020-10-22,NA,NA,"Nocibiotes",1,NA,NA,"not measured","DaFl","3",10
"Sunrise",2020-10-22,"empty","empty_trap",NA,NA,NA,NA,NA,NA,"4",10
"Sunrise",2020-10-22,NA,NA,"Anystoidea",5,NA,NA,"not measured","DaFl","5",10
"Sunrise",2020-10-22,NA,NA,"Paravaejovis spinigerus",1,NA,NA,"greater than 10 mm","DaFl","5",10
"Sunrise",2020-10-22,NA,NA,"Monomorium",1,NA,NA,"not measured","DaFl","6",10
"Sunrise",2020-10-22,NA,NA,"Solenopsis xyloni",1,NA,"TRUE","not measured","DaFl","6",10
"Sunrise",2020-10-22,NA,NA,"Solenopsis xyloni",3,NA,NA,"not measured","DaFl","6",10
"Sunrise",2020-10-22,NA,NA,"Lepismatidae",3,NA,NA,"not measured","DaFl","7",10
"Sunrise",2020-10-22,NA,NA,"Eremobatidae",1,NA,NA,"greater than 10 mm","DaFl","8",10
"Sunrise",2020-10-22,NA,NA,"Lepismatidae",12,NA,NA,"not measured","DaFl","8",10
"Sunrise",2020-10-22,NA,NA,"Lepismatidae",5,NA,NA,"not measured","DaFl","9",10
"Sunrise",2020-10-22,NA,NA,"Monomorium",1,NA,NA,"not measured","DaFl","9",10
"Sunrise",2020-10-22,NA,NA,"Anystoidea",2,NA,NA,"not measured","DaFl","10",10
"Sunrise",2020-10-22,NA,NA,"Erythraeoidea",1,NA,NA,"not measured","DaFl","10",10
"Sunrise",2020-10-22,NA,NA,"Lepismatidae",6,NA,NA,"not measured","DaFl","10",10
"Sunrise",2020-10-22,NA,NA,"Paravaejovis spinigerus",1,NA,NA,"not measured","DaFl","10",10
"Sunrise",2021-01-20,NA,NA,"Lepismatidae",1,NA,NA,"not measured","DaFl","1",9
"Sunrise",2021-01-20,"Empty","empty_trap",NA,NA,NA,NA,NA,NA,"2",9
"Sunrise",2021-01-20,"empty","empty_trap",NA,NA,NA,NA,NA,NA,"3",9
"Sunrise",2021-01-20,NA,NA,"Phalangiidae",1,NA,NA,"not measured","DaFl","4",9
"Sunrise",2021-01-20,"empty","empty_trap",NA,NA,NA,NA,NA,NA,"5",9
"Sunrise",2021-01-20,NA,NA,"Erythraeoidea",1,NA,NA,"not measured","DaFl","6",9
"Sunrise",2021-01-20,"empty","empty_trap",NA,NA,NA,NA,NA,NA,"7",9
"Sunrise",2021-01-20,NA,NA,"Acari",1,NA,NA,"not measured","DaFl","8",9
"Sunrise",2021-01-20,NA,NA,"Erythraeoidea",1,NA,NA,"not measured","DaFl","9",9
"Sunrise",2021-01-20,"not collected","trap_not_collected",NA,NA,NA,NA,NA,NA,"10",9
"Sunrise",2021-04-23,NA,NA,"Anepsius",1,NA,NA,"not measured","DaFl","1",10
"Sunrise",2021-04-23,NA,NA,"Cicadellidae",1,"TRUE",NA,"not measured","DaFl","1",10
"Sunrise",2021-04-23,NA,NA,"Lepismatidae",7,NA,NA,"not measured","DaFl","1",10
"Sunrise",2021-04-23,NA,NA,"Meinertellidae",2,NA,NA,"not measured","DaFl","1",10
"Sunrise",2021-04-23,NA,NA,"Lepismatidae",2,NA,NA,"not measured","DaFl","2",10
"Sunrise",2021-04-23,NA,NA,"Lepismatidae",2,NA,NA,"not measured","DaFl","3",10
"Sunrise",2021-04-23,NA,NA,"Aphididae",1,NA,NA,"not measured","DaFl","4",10
"Sunrise",2021-04-23,NA,NA,"Hypogastruridae",1,NA,NA,"not measured","DaFl","4",10
"Sunrise",2021-04-23,NA,NA,"Lepismatidae",2,NA,NA,"not measured","DaFl","4",10
"Sunrise",2021-04-23,NA,NA,"Crematogaster",3,NA,NA,"not measured","DaFl","5",10
"Sunrise",2021-04-23,NA,NA,"Cryptoglossa muricata",1,NA,NA,"not measured","DaFl","5",10
"Sunrise",2021-04-23,NA,NA,"Erythraeoidea",1,NA,NA,"not measured","DaFl","5",10
"Sunrise",2021-04-23,NA,NA,"Lepismatidae",6,NA,NA,"not measured","DaFl","5",10
"Sunrise",2021-04-23,NA,NA,"Meinertellidae",1,NA,NA,"not measured","DaFl","5",10
"Sunrise",2021-04-23,NA,NA,"Forelius pruinosus",2,NA,NA,"not measured","DaFl","6",10
"Sunrise",2021-04-23,NA,NA,"Lepismatidae",2,NA,NA,"not measured","DaFl","6",10
"Sunrise",2021-04-23,NA,NA,"Thripidae",1,NA,NA,"not measured","DaFl","6",10
"Sunrise",2021-04-23,"empty","empty_trap",NA,NA,NA,NA,NA,NA,"7",10
"Sunrise",2021-04-23,NA,NA,"Cononotus",2,NA,NA,"not measured","DaFl","8",10
"Sunrise",2021-04-23,NA,NA,"Lepismatidae",2,NA,NA,"not measured","DaFl","8",10
"Sunrise",2021-04-23,"empty","empty_trap",NA,NA,NA,NA,NA,NA,"9",10
"Sunrise",2021-04-23,NA,NA,"Blapstinus",1,NA,NA,"not measured","DaFl","10",10
"Sunrise",2021-04-23,NA,NA,"Cryptoglossa muricata",1,NA,NA,"not measured","DaFl","10",10
"Sunrise",2021-04-23,NA,NA,"Entomobryidae",1,NA,NA,"not measured","DaFl","10",10
"Sunrise",2021-04-23,NA,NA,"Forelius pruinosus",3,NA,NA,"not measured","DaFl","10",10
"Sunrise",2021-04-23,NA,NA,"Lepismatidae",4,NA,NA,"not measured","DaFl","10",10
"Sunrise",2021-04-23,NA,NA,"Sminthuridae",3,NA,NA,"not measured","DaFl","10",10
"Sunrise",2021-10-22,NA,NA,"Melanaethus",1,"FALSE","FALSE","not measured","DaFl","1",10
"Sunrise",2021-10-22,NA,NA,"Solenopsis xyloni",1,"FALSE","FALSE","not measured","DaFl","1",10
"Sunrise",2021-10-22,NA,NA,"Stenomorpha (Asidina)",2,"FALSE","FALSE","not measured","DaFl","1",10
"Sunrise",2021-10-22,NA,NA,"Hemiptera",1,"TRUE","FALSE","not measured","DaFl","2",10
"Sunrise",2021-10-22,NA,NA,"Paravaejovis spinigerus",1,"FALSE","FALSE","not measured","DaFl","2",10
"Sunrise",2021-10-22,NA,NA,"Syntomus americanus",1,"FALSE","FALSE","not measured","DaFl","2",10
"Sunrise",2021-10-22,NA,NA,"Chyphotes",1,"FALSE","FALSE","not measured","DaFl","3",10
"Sunrise",2021-10-22,NA,NA,"Solenopsis xyloni",1,"FALSE","FALSE","not measured","DaFl","4",10
"Sunrise",2021-10-22,NA,"empty_trap",NA,NA,NA,NA,NA,NA,"5",10
"Sunrise",2021-10-22,NA,NA,"Psilochorus",1,"FALSE","FALSE","not measured","DaFl","6",10
"Sunrise",2021-10-22,NA,NA,"Solenopsis",1,"FALSE","FALSE","not measured","DaFl","6",10
"Sunrise",2021-10-22,NA,"empty_trap",NA,NA,NA,NA,NA,NA,"7",10
"Sunrise",2021-10-22,NA,NA,"Cononotus",5,"FALSE","FALSE","not measured","DaFl","8",10
"Sunrise",2021-10-22,NA,NA,"Solenopsis",2,"FALSE","FALSE","not measured","DaFl","8",10
"Sunrise",2021-10-22,NA,NA,"Syntomus americanus",1,"FALSE","FALSE","not measured","DaFl","8",10
"Sunrise",2021-10-22,NA,NA,"Gryllidae",1,"TRUE","FALSE","not measured","DaFl","9",10
"Sunrise",2021-10-22,NA,"empty_trap",NA,NA,NA,NA,NA,NA,"10",10
"Sunrise",2022-01-21,NA,NA,"Chyphotes",3,"FALSE","FALSE","not measured","DaFl","1",10
"Sunrise",2022-01-21,NA,NA,"Entomobryidae",3,"FALSE","FALSE","not measured","DaFl","1",10
"Sunrise",2022-01-21,NA,NA,"Caeculidae",1,"FALSE","FALSE","not measured","DaFl","2",10
"Sunrise",2022-01-21,NA,NA,"Entomobryidae",4,"FALSE","FALSE","not measured","DaFl","2",10
"Sunrise",2022-01-21,NA,NA,"Linyphiidae",1,"FALSE","FALSE","not measured","DaFl","2",10
"Sunrise",2022-01-21,NA,NA,"Entomobryidae",1,"FALSE","FALSE","not measured","DaFl","3",10
"Sunrise",2022-01-21,NA,NA,"Curculionidae",1,"FALSE","FALSE","not measured","DaFl","4",10
"Sunrise",2022-01-21,NA,NA,"Entomobryidae",3,"FALSE","FALSE","not measured","DaFl","5",10
"Sunrise",2022-01-21,NA,NA,"Staphylinidae",1,"FALSE","FALSE","not measured","DaFl","5",10
"Sunrise",2022-01-21,NA,NA,"Gnaphosidae",1,"TRUE","FALSE","not measured","DaFl","6",10
"Sunrise",2022-01-21,NA,NA,"Ammotrechidae",1,"FALSE","FALSE","not measured","DaFl","7",10
"Sunrise",2022-01-21,NA,NA,"Stenomorpha",1,"FALSE","FALSE","not measured","DaFl","7",10
"Sunrise",2022-01-21,NA,NA,"Entomobryidae",2,"FALSE","FALSE","not measured","DaFl","8",10
"Sunrise",2022-01-21,NA,NA,"Lepismatidae",1,"FALSE","FALSE","not measured","DaFl","8",10
"Sunrise",2022-01-21,NA,NA,"Noctuidae",1,"TRUE","FALSE","not measured","DaFl","9",10
"Sunrise",2022-01-21,NA,NA,"Psilochorus",1,"FALSE","FALSE","not measured","DaFl","9",10
"Sunrise",2022-01-21,NA,NA,"Salticidae",1,"FALSE","FALSE","not measured","DaFl","9",10
"Sunrise",2022-01-21,NA,NA,"Solenopsis",2,"FALSE","FALSE","not measured","DaFl","9",10
"Sunrise",2022-01-21,NA,NA,"Zelotes",1,"FALSE","FALSE","not measured","DaFl","10",10
"Sunrise",2022-04-21,NA,NA,"Coleoptera",1,"TRUE","FALSE","not measured","DaFl","1",10
"Sunrise",2022-04-21,NA,NA,"Cononotus",1,"FALSE","FALSE","not measured","DaFl","1",10
"Sunrise",2022-04-21,NA,NA,"Entomobryidae",1,"FALSE","FALSE","not measured","DaFl","1",10
"Sunrise",2022-04-21,NA,NA,"Lepismatidae",1,"FALSE","FALSE","not measured","DaFl","1",10
"Sunrise",2022-04-21,NA,NA,"Meinertellidae",4,"FALSE","FALSE","not measured","DaFl","1",10
"Sunrise",2022-04-21,NA,NA,"Pheidole",1,"FALSE","FALSE","not measured","DaFl","1",10
"Sunrise",2022-04-21,NA,NA,"Solenopsis xyloni",12,"FALSE","FALSE","not measured","DaFl","1",10
"Sunrise",2022-04-21,NA,NA,"Anystoidea",1,"FALSE","FALSE","not measured","DaFl","2",10
"Sunrise",2022-04-21,NA,NA,"Melanaethus",1,"FALSE","FALSE","not measured","DaFl","2",10
"Sunrise",2022-04-21,NA,NA,"Solenopsis xyloni",2,"FALSE","FALSE","not measured","DaFl","2",10
"Sunrise",2022-04-21,NA,NA,"Syntomus americanus",2,"FALSE","FALSE","not measured","DaFl","2",10
"Sunrise",2022-04-21,NA,NA,"Tetramorium",1,"FALSE","FALSE","not measured","DaFl","2",10
"Sunrise",2022-04-21,NA,NA,"Mecinus",1,"FALSE","FALSE","not measured","DaFl","3",10
"Sunrise",2022-04-21,NA,NA,"Melanaethus",1,"FALSE","FALSE","not measured","DaFl","3",10
"Sunrise",2022-04-21,NA,NA,"Nocibiotes",1,"FALSE","FALSE","not measured","DaFl","3",10
"Sunrise",2022-04-21,NA,NA,"Solenopsis xyloni",23,"FALSE","FALSE","not measured","DaFl","4",10
"Sunrise",2022-04-21,NA,NA,"Tetramorium",1,"FALSE","FALSE","not measured","DaFl","4",10
"Sunrise",2022-04-21,NA,NA,"Anystoidea",1,"FALSE","FALSE","not measured","DaFl","5",10
"Sunrise",2022-04-21,NA,NA,"Meinertellidae",3,"FALSE","FALSE","not measured","DaFl","5",10
"Sunrise",2022-04-21,NA,NA,"Melanaethus",1,"FALSE","FALSE","not measured","DaFl","5",10
"Sunrise",2022-04-21,NA,NA,"Solenopsis xyloni",1,"FALSE","FALSE","not measured","DaFl","5",10
"Sunrise",2022-04-21,NA,NA,"Entomobryidae",1,"FALSE","FALSE","not measured","DaFl","6",10
"Sunrise",2022-04-21,NA,NA,"Meinertellidae",1,"FALSE","FALSE","not measured","DaFl","6",10
"Sunrise",2022-04-21,NA,NA,"Solenopsis xyloni",1,"FALSE","FALSE","not measured","DaFl","6",10
"Sunrise",2022-04-21,NA,NA,"Chyphotes",1,"FALSE","FALSE","not measured","DaFl","7",10
"Sunrise",2022-04-21,NA,NA,"Gnaphosidae",1,"FALSE","FALSE","not measured","DaFl","7",10
"Sunrise",2022-04-21,NA,NA,"Meinertellidae",2,"FALSE","FALSE","not measured","DaFl","7",10
"Sunrise",2022-04-21,NA,NA,"Myrmeleontidae",1,"TRUE","FALSE","not measured","DaFl","7",10
"Sunrise",2022-04-21,NA,NA,"Tetramorium",3,"FALSE","FALSE","not measured","DaFl","7",10
"Sunrise",2022-04-21,NA,"empty_trap",NA,NA,NA,NA,NA,NA,"8",10
"Sunrise",2022-04-21,NA,NA,"Cryptoglossa muricata",1,"FALSE","FALSE","not measured","DaFl","9",10
"Sunrise",2022-04-21,NA,NA,"Glyptina",1,"FALSE","FALSE","not measured","DaFl","9",10
"Sunrise",2022-04-21,NA,NA,"Solenopsis xyloni",1,"FALSE","FALSE","not measured","DaFl","9",10
"Sunrise",2022-04-21,NA,NA,"Tetramorium",2,"FALSE","FALSE","not measured","DaFl","9",10
"Sunrise",2022-04-21,NA,"empty_trap",NA,NA,NA,NA,NA,NA,"10",10
"Sunrise",2022-10-19,NA,NA,"Anystoidea",1,"FALSE","FALSE","not measured","DaFl","1",10
"Sunrise",2022-10-19,NA,NA,"Entomobryidae",1,"FALSE","FALSE","not measured","DaFl","1",10
"Sunrise",2022-10-19,NA,NA,"Erythraeoidea",1,"FALSE","FALSE","not measured","DaFl","1",10
"Sunrise",2022-10-19,NA,NA,"Hypogastruridae",20,"FALSE","FALSE","not measured","DaFl","1",10
"Sunrise",2022-10-19,NA,NA,"Lepismatidae",1,"FALSE","FALSE","not measured","DaFl","1",10
"Sunrise",2022-10-19,NA,NA,"Sminthuridae",1,"FALSE","FALSE","not measured","DaFl","1",10
"Sunrise",2022-10-19,NA,NA,"Syntomus americanus",1,"FALSE","FALSE","not measured","DaFl","1",10
"Sunrise",2022-10-19,NA,NA,"Hypogastruridae",30,"FALSE","FALSE","not measured","DaFl","2",10
"Sunrise",2022-10-19,NA,NA,"Meinertellidae",1,"FALSE","FALSE","not measured","DaFl","2",10
"Sunrise",2022-10-19,NA,NA,"Melanaethus",1,"FALSE","FALSE","not measured","DaFl","2",10
"Sunrise",2022-10-19,NA,NA,"Sminthuridae",1,"FALSE","FALSE","not measured","DaFl","2",10
"Sunrise",2022-10-19,NA,NA,"Solenopsis xyloni",6,"FALSE","FALSE","not measured","DaFl","2",10
"Sunrise",2022-10-19,NA,NA,"Syntomus americanus",1,"FALSE","FALSE","not measured","DaFl","2",10
"Sunrise",2022-10-19,NA,NA,"Caeculidae",1,"FALSE","FALSE","not measured","DaFl","3",10
"Sunrise",2022-10-19,NA,NA,"Hypogastruridae",9,"FALSE","FALSE","not measured","DaFl","3",10
"Sunrise",2022-10-19,NA,NA,"Solenopsis",1,"FALSE","FALSE","not measured","DaFl","3",10
"Sunrise",2022-10-19,NA,NA,"Hypogastruridae",5,"FALSE","FALSE","not measured","DaFl","4",10
"Sunrise",2022-10-19,NA,NA,"Solenopsis xyloni",3,"FALSE","FALSE","not measured","DaFl","4",10
"Sunrise",2022-10-19,NA,NA,"Tetramorium",2,"FALSE","FALSE","not measured","DaFl","4",10
"Sunrise",2022-10-19,NA,NA,"Xysticus",1,"FALSE","FALSE","not measured","DaFl","4",10
"Sunrise",2022-10-19,NA,NA,"Caeculidae",1,"FALSE","FALSE","not measured","DaFl","5",10
"Sunrise",2022-10-19,NA,NA,"Erythraeoidea",1,"FALSE","FALSE","not measured","DaFl","5",10
"Sunrise",2022-10-19,NA,NA,"Hypogastruridae",20,"FALSE","FALSE","not measured","DaFl","5",10
"Sunrise",2022-10-19,NA,NA,"Hypogastruridae",10,"FALSE","FALSE","not measured","DaFl","6",10
"Sunrise",2022-10-19,NA,NA,"Melanaethus",1,"FALSE","FALSE","not measured","DaFl","6",10
"Sunrise",2022-10-19,NA,NA,"Psilochorus",1,"FALSE","FALSE","not measured","DaFl","6",10
"Sunrise",2022-10-19,NA,NA,"Erythraeoidea",1,"FALSE","FALSE","not measured","DaFl","7",10
"Sunrise",2022-10-19,NA,NA,"Hypogastruridae",41,"FALSE","FALSE","not measured","DaFl","7",10
"Sunrise",2022-10-19,NA,NA,"Paravaejovis spinigerus",1,"FALSE","FALSE","not measured","DaFl","7",10
"Sunrise",2022-10-19,NA,NA,"Sminthuridae",6,"FALSE","FALSE","not measured","DaFl","7",10
"Sunrise",2022-10-19,NA,NA,"Caeculidae",2,"FALSE","FALSE","not measured","DaFl","8",10
"Sunrise",2022-10-19,NA,NA,"Hypogastruridae",3,"FALSE","FALSE","not measured","DaFl","8",10
"Sunrise",2022-10-19,NA,NA,"Hypogastruridae",35,"FALSE","FALSE","not measured","DaFl","9",10
"Sunrise",2022-10-19,NA,NA,"Sminthuridae",2,"FALSE","FALSE","not measured","DaFl","9",10
"Sunrise",2022-10-19,NA,NA,"Theridiidae",1,"FALSE","FALSE","not measured","DaFl","9",10
"Sunrise",2022-10-19,NA,NA,"Thripidae",1,"FALSE","FALSE","not measured","DaFl","9",10
"Sunrise",2022-10-19,NA,NA,"Nocibiotes",2,"FALSE","FALSE","not measured","DaFl","10",10
"Sunrise",2022-10-19,NA,NA,"Paravaejovis spinigerus",1,"FALSE","FALSE","not measured","DaFl","10",10
"Sunrise",2023-01-20,NA,"empty_trap",NA,NA,NA,NA,NA,NA,"1",10
"Sunrise",2023-01-20,NA,NA,"Aphididae",1,"FALSE","FALSE","not measured","DaFl","2",10
"Sunrise",2023-01-20,NA,NA,"Oribatida",2,"FALSE","FALSE","not measured","DaFl","2",10
"Sunrise",2023-01-20,NA,NA,"Sminthuridae",1,"FALSE","FALSE","not measured","DaFl","2",10
"Sunrise",2023-01-20,NA,NA,"Ceraticelus",1,"FALSE","FALSE","not measured","DaFl","3",10
"Sunrise",2023-01-20,NA,NA,"Hemiptera",1,"TRUE","FALSE","not measured","DaFl","3",10
"Sunrise",2023-01-20,NA,NA,"Erythraeoidea",1,"FALSE","FALSE","not measured","DaFl","4",10
"Sunrise",2023-01-20,NA,NA,"Apis",1,"FALSE","FALSE","not measured","DaFl","5",10
"Sunrise",2023-01-20,NA,NA,"Caeculidae",1,"FALSE","FALSE","not measured","DaFl","5",10
"Sunrise",2023-01-20,NA,NA,"Stenomorpha wickhami",1,"FALSE","FALSE","not measured","DaFl","6",10
"Sunrise",2023-01-20,NA,NA,"Oribatida",3,"FALSE","FALSE","not measured","DaFl","7",10
"Sunrise",2023-01-20,NA,NA,"Paravaejovis spinigerus",1,"FALSE","FALSE","not measured","DaFl","7",10
"Sunrise",2023-01-20,NA,NA,"Entomobryidae",1,"FALSE","FALSE","not measured","DaFl","8",10
"Sunrise",2023-01-20,NA,NA,"Hypogastruridae",1,"FALSE","FALSE","not measured","DaFl","8",10
"Sunrise",2023-01-20,NA,NA,"Oribatida",1,"FALSE","FALSE","not measured","DaFl","8",10
"Sunrise",2023-01-20,NA,NA,"Entomobryidae",4,"FALSE","FALSE","not measured","DaFl","9",10
"Sunrise",2023-01-20,NA,NA,"Oribatida",26,"FALSE","FALSE","not measured","DaFl","9",10
"Sunrise",2023-01-20,NA,NA,"Sminthuridae",1,"FALSE","FALSE","not measured","DaFl","9",10
"Sunrise",2023-01-20,NA,NA,"Linyphiidae",1,"FALSE","FALSE","not measured","DaFl","10",10
"Sunrise",2023-01-20,NA,NA,"Oribatida",3,"FALSE","FALSE","not measured","DaFl","10",10
"Sunrise",2023-01-20,NA,NA,"Solenopsis amblychila",1,"FALSE","FALSE","not measured","DaFl","10",10
"Sunrise",2023-04-19,NA,NA,"Chyphotes",2,"FALSE","FALSE","not measured","DaFl","1",10
"Sunrise",2023-04-19,NA,NA,"Forelius",1,"FALSE","FALSE","not measured","DaFl","1",10
"Sunrise",2023-04-19,NA,NA,"Paravaejovis spinigerus",1,"FALSE","FALSE","not measured","DaFl","1",10
"Sunrise",2023-04-19,NA,NA,"Solenopsis xyloni",2,"FALSE","FALSE","not measured","DaFl","1",10
"Sunrise",2023-04-19,NA,NA,"Lepismatidae",4,"FALSE","FALSE","not measured","DaFl","2",10
"Sunrise",2023-04-19,NA,NA,"Mecinus",1,"FALSE","FALSE","not measured","DaFl","2",10
"Sunrise",2023-04-19,NA,NA,"Nocibiotes",2,"FALSE","FALSE","not measured","DaFl","2",10
"Sunrise",2023-04-19,NA,NA,"Tetragonoderus",1,"FALSE","FALSE","not measured","DaFl","2",10
"Sunrise",2023-04-19,NA,NA,"Cryptoglossa muricata",1,"FALSE","FALSE","not measured","DaFl","3",10
"Sunrise",2023-04-19,NA,NA,"Erythraeoidea",2,"FALSE","FALSE","not measured","DaFl","3",10
"Sunrise",2023-04-19,NA,NA,"Lepismatidae",2,"FALSE","FALSE","not measured","DaFl","3",10
"Sunrise",2023-04-19,NA,NA,"Meinertellidae",3,"FALSE","FALSE","not measured","DaFl","3",10
"Sunrise",2023-04-19,NA,NA,"Pepsis",1,"FALSE","FALSE","not measured","DaFl","3",10
"Sunrise",2023-04-19,NA,NA,"Psilochorus",1,"FALSE","FALSE","not measured","DaFl","3",10
"Sunrise",2023-04-19,NA,NA,"Gnaphosidae",1,"FALSE","FALSE","not measured","DaFl","4",10
"Sunrise",2023-04-19,NA,NA,"Meinertellidae",1,"FALSE","FALSE","not measured","DaFl","4",10
"Sunrise",2023-04-19,NA,NA,"Nocibiotes",1,"FALSE","FALSE","not measured","DaFl","4",10
"Sunrise",2023-04-19,NA,NA,"Forelius",2,"FALSE","FALSE","not measured","DaFl","5",10
"Sunrise",2023-04-19,NA,NA,"Paravaejovis spinigerus",1,"FALSE","FALSE","not measured","DaFl","5",10
"Sunrise",2023-04-19,NA,NA,"Solenopsis xyloni",1,"FALSE","FALSE","not measured","DaFl","5",10
"Sunrise",2023-04-19,NA,NA,"Dasymutilla",1,"FALSE","FALSE","not measured","DaFl","6",10
"Sunrise",2023-04-19,NA,NA,"Forelius",1,"FALSE","FALSE","not measured","DaFl","6",10
"Sunrise",2023-04-19,NA,NA,"Glyptina",1,"FALSE","FALSE","not measured","DaFl","6",10
"Sunrise",2023-04-19,NA,NA,"Anystoidea",3,"FALSE","FALSE","not measured","DaFl","7",10
"Sunrise",2023-04-19,NA,NA,"Filistatoides",1,"FALSE","FALSE","not measured","DaFl","7",10
"Sunrise",2023-04-19,NA,NA,"Forelius",1,"FALSE","FALSE","not measured","DaFl","7",10
"Sunrise",2023-04-19,NA,NA,"Meinertellidae",2,"FALSE","FALSE","not measured","DaFl","7",10
"Sunrise",2023-04-19,NA,NA,"Nocibiotes",1,"FALSE","FALSE","not measured","DaFl","7",10
"Sunrise",2023-04-19,NA,NA,"Syntomus americanus",1,"FALSE","FALSE","not measured","DaFl","7",10
"Sunrise",2023-04-19,NA,NA,"Aphis",1,"FALSE","FALSE","not measured","DaFl","8",10
"Sunrise",2023-04-19,NA,NA,"Meinertellidae",2,"FALSE","FALSE","not measured","DaFl","8",10
"Sunrise",2023-04-19,NA,NA,"Nocibiotes",1,"FALSE","FALSE","not measured","DaFl","8",10
"Sunrise",2023-04-19,NA,NA,"Lepismatidae",1,"FALSE","FALSE","not measured","DaFl","9",10
"Sunrise",2023-04-19,NA,NA,"Nocibiotes",1,"FALSE","FALSE","not measured","DaFl","9",10
"Sunrise",2023-04-19,NA,NA,"Psilochorus",1,"FALSE","FALSE","not measured","DaFl","9",10
"Sunrise",2023-04-19,NA,NA,"Gnaphosidae",1,"FALSE","FALSE","not measured","DaFl","10",10
"Sunrise",2023-04-19,NA,NA,"Lepismatidae",1,"FALSE","FALSE","not measured","DaFl","10",10
"Sunrise",2023-04-19,NA,NA,"Mecinus",1,"FALSE","FALSE","not measured","DaFl","10",10
"Sunrise",2023-04-19,NA,NA,"Nocibiotes",1,"FALSE","FALSE","not measured","DaFl","10",10
"Sunrise",2023-04-19,NA,NA,"Syntomus americanus",1,"FALSE","FALSE","not measured","DaFl","10",10
"Sunrise",2023-04-19,NA,NA,"Tetramorium",2,"FALSE","FALSE","not measured","DaFl","10",10
"Sunrise",2023-07-27,NA,NA,"Anystoidea",5,"FALSE","FALSE","not measured","DaFl","1",9
"Sunrise",2023-07-27,NA,NA,"Lepismatidae",3,"FALSE","FALSE","not measured","DaFl","1",9
"Sunrise",2023-07-27,NA,NA,"Sciaridae",1,"FALSE","FALSE","not measured","DaFl","1",9
"Sunrise",2023-07-27,NA,NA,"Solenopsis xyloni",3,"FALSE","FALSE","not measured","DaFl","1",9
"Sunrise",2023-07-27,NA,NA,"Forelius",1,"FALSE","FALSE","not measured","DaFl","2",9
"Sunrise",2023-07-27,NA,NA,"Lepismatidae",1,"FALSE","FALSE","not measured","DaFl","2",9
"Sunrise",2023-07-27,NA,NA,"Pogonomyrmex",3,"FALSE","FALSE","not measured","DaFl","2",9
"Sunrise",2023-07-27,NA,NA,"Anystoidea",1,"FALSE","FALSE","not measured","DaFl","3",9
"Sunrise",2023-07-27,NA,NA,"Lepismatidae",1,"FALSE","FALSE","not measured","DaFl","3",9
"Sunrise",2023-07-27,NA,NA,"Pogonomyrmex",2,"FALSE","FALSE","not measured","DaFl","3",9
"Sunrise",2023-07-27,NA,NA,"Solenopsis xyloni",1,"FALSE","FALSE","not measured","DaFl","3",9
"Sunrise",2023-07-27,NA,NA,"Anystoidea",4,"FALSE","FALSE","not measured","DaFl","4",9
"Sunrise",2023-07-27,NA,NA,"Forelius",1,"FALSE","FALSE","not measured","DaFl","4",9
"Sunrise",2023-07-27,NA,NA,"Lepismatidae",1,"FALSE","FALSE","not measured","DaFl","4",9
"Sunrise",2023-07-27,NA,NA,"Solenopsis",4,"FALSE","FALSE","not measured","DaFl","4",9
"Sunrise",2023-07-27,NA,NA,"Cryptoglossa muricata",1,"FALSE","FALSE","not measured","DaFl","5",9
"Sunrise",2023-07-27,NA,NA,"Forelius",7,"FALSE","FALSE","not measured","DaFl","5",9
"Sunrise",2023-07-27,NA,NA,"Lepismatidae",5,"FALSE","FALSE","not measured","DaFl","5",9
"Sunrise",2023-07-27,NA,NA,"Paravaejovis spinigerus",1,"FALSE","FALSE","not measured","DaFl","5",9
"Sunrise",2023-07-27,NA,NA,"Pogonomyrmex",1,"FALSE","FALSE","not measured","DaFl","5",9
"Sunrise",2023-07-27,NA,NA,"Salticidae",1,"FALSE","FALSE","not measured","DaFl","5",9
"Sunrise",2023-07-27,NA,NA,"Solenopsis xyloni",10,"FALSE","FALSE","not measured","DaFl","5",9
"Sunrise",2023-07-27,NA,NA,"Tenebrionidae",2,"FALSE","FALSE","not measured","DaFl","5",9
"Sunrise",2023-07-27,NA,NA,"Cryptoglossa muricata",1,"FALSE","FALSE","not measured","DaFl","6",9
"Sunrise",2023-07-27,NA,NA,"Forelius",1,"FALSE","FALSE","not measured","DaFl","6",9
"Sunrise",2023-07-27,NA,NA,"Solenopsis",1,"FALSE","FALSE","not measured","DaFl","6",9
"Sunrise",2023-07-27,NA,"trap_not_collected",NA,NA,NA,NA,NA,NA,"7",9
"Sunrise",2023-07-27,NA,NA,"Chyphotes",1,"FALSE","FALSE","not measured","DaFl","8",9
"Sunrise",2023-07-27,NA,NA,"Lepismatidae",2,"FALSE","FALSE","not measured","DaFl","8",9
"Sunrise",2023-07-27,NA,NA,"Nocibiotes",1,"FALSE","FALSE","not measured","DaFl","8",9
"Sunrise",2023-07-27,NA,NA,"Pogonomyrmex",1,"FALSE","FALSE","not measured","DaFl","8",9
"Sunrise",2023-07-27,NA,NA,"Solenopsis",3,"FALSE","FALSE","not measured","DaFl","8",9
"Sunrise",2023-07-27,NA,NA,"Lepismatidae",3,"FALSE","FALSE","not measured","DaFl","9",9
"Sunrise",2023-07-27,NA,NA,"Solenopsis",4,"FALSE","FALSE","not measured","DaFl","9",9
"Sunrise",2023-07-27,NA,NA,"Tetramorium",1,"FALSE","FALSE","not measured","DaFl","9",9
"Sunrise",2023-07-27,NA,NA,"Forelius",1,"FALSE","FALSE","not measured","DaFl","10",9
"Sunrise",2023-07-27,NA,NA,"Lepismatidae",6,"FALSE","FALSE","not measured","DaFl","10",9
"Sunrise",2023-07-27,NA,NA,"Pogonomyrmex",1,"FALSE","FALSE","not measured","DaFl","10",9
"Sunrise",2023-07-27,NA,NA,"Solenopsis",7,"FALSE","FALSE","not measured","DaFl","10",9
"Sunrise",2023-07-27,NA,NA,"Triorophus",1,"FALSE","FALSE","not measured","DaFl","10",9
"Sunrise",2023-10-26,NA,NA,"Lepismatidae",2,"FALSE","FALSE","not measured","DaFl","1",10
"Sunrise",2023-10-26,NA,NA,"Psilochorus",1,"FALSE","FALSE","not measured","DaFl","1",10
"Sunrise",2023-10-26,NA,NA,"Crematogaster",1,"FALSE","FALSE","not measured","DaFl","2",10
"Sunrise",2023-10-26,NA,NA,"Nocibiotes",1,"FALSE","FALSE","not measured","DaFl","2",10
"Sunrise",2023-10-26,NA,NA,"Steriphanus",1,"FALSE","FALSE","not measured","DaFl","2",10
"Sunrise",2023-10-26,NA,NA,"Lepismatidae",3,"FALSE","FALSE","not measured","DaFl","3",10
"Sunrise",2023-10-26,NA,NA,"Melacoryphus",1,"FALSE","FALSE","not measured","DaFl","3",10
"Sunrise",2023-10-26,NA,NA,"Crematogaster",1,"FALSE","FALSE","not measured","DaFl","4",10
"Sunrise",2023-10-26,NA,NA,"Cryptoglossa muricata",1,"FALSE","FALSE","not measured","DaFl","4",10
"Sunrise",2023-10-26,NA,NA,"Lepismatidae",4,"FALSE","FALSE","not measured","DaFl","4",10
"Sunrise",2023-10-26,NA,NA,"Cryptoglossa muricata",1,"FALSE","FALSE","not measured","DaFl","5",10
"Sunrise",2023-10-26,NA,NA,"Solenopsis xyloni",6,"FALSE","FALSE","not measured","DaFl","5",10
"Sunrise",2023-10-26,NA,NA,"Cryptoglossa muricata",1,"FALSE","FALSE","not measured","DaFl","6",10
"Sunrise",2023-10-26,NA,NA,"Lepismatidae",1,"FALSE","FALSE","not measured","DaFl","7",10
"Sunrise",2023-10-26,NA,NA,"Paravaejovis spinigerus",2,"FALSE","FALSE","not measured","DaFl","7",10
"Sunrise",2023-10-26,NA,NA,"Steriphanus",1,"FALSE","FALSE","not measured","DaFl","7",10
"Sunrise",2023-10-26,NA,NA,"Lepismatidae",8,"FALSE","FALSE","not measured","DaFl","8",10
"Sunrise",2023-10-26,NA,NA,"Lepismatidae",2,"FALSE","FALSE","not measured","DaFl","9",10
"Sunrise",2023-10-26,NA,NA,"Cryptoglossa muricata",1,"FALSE","FALSE","not measured","DaFl","10",10
"Sunrise",2023-10-26,NA,NA,"Dasymutilla",1,"FALSE","FALSE","not measured","DaFl","10",10
"Sunrise",2023-10-26,NA,NA,"Lepismatidae",2,"FALSE","FALSE","not measured","DaFl","10",10
"Sunrise",2023-10-26,NA,NA,"Paravaejovis spinigerus",2,"FALSE","FALSE","not measured","DaFl","10",10
"Sunrise",2024-01-20,NA,NA,"Cononotus bryanti",1,"FALSE","FALSE","not measured","DaFl","1",10
"Sunrise",2024-01-20,NA,NA,"Paravaejovis spinigerus",1,"FALSE","FALSE","not measured","DaFl","1",10
"Sunrise",2024-01-20,NA,NA,"Solenopsis xyloni",1,"FALSE","FALSE","not measured","DaFl","2",10
"Sunrise",2024-01-20,NA,NA,"Stenomorpha",1,"FALSE","FALSE","not measured","DaFl","3",10
"Sunrise",2024-01-20,NA,NA,"Caeculidae",1,"FALSE","FALSE","not measured","DaFl","4",10
"Sunrise",2024-01-20,NA,NA,"Stenomorpha",1,"FALSE","FALSE","not measured","DaFl","4",10
"Sunrise",2024-01-20,NA,"empty_trap",NA,NA,NA,NA,NA,NA,"5",10
"Sunrise",2024-01-20,NA,"empty_trap",NA,NA,NA,NA,NA,NA,"6",10
"Sunrise",2024-01-20,NA,NA,"Chyphotes",1,"FALSE","FALSE","not measured","DaFl","7",10
"Sunrise",2024-01-20,NA,NA,"Lepismatidae",2,"FALSE","FALSE","not measured","DaFl","7",10
"Sunrise",2024-01-20,NA,NA,"Melacoryphus",1,"FALSE","FALSE","not measured","DaFl","7",10
"Sunrise",2024-01-20,NA,NA,"Nocibiotes",2,"FALSE","FALSE","not measured","DaFl","7",10
"Sunrise",2024-01-20,NA,NA,"Solenopsis amblychila",1,"FALSE","FALSE","not measured","DaFl","7",10
"Sunrise",2024-01-20,NA,NA,"Drassyllus",1,"FALSE","FALSE","not measured","DaFl","8",10
"Sunrise",2024-01-20,NA,NA,"Erythraeoidea",1,"FALSE","FALSE","not measured","DaFl","8",10
"Sunrise",2024-01-20,NA,NA,"Lepismatidae",1,"FALSE","FALSE","not measured","DaFl","8",10
"Sunrise",2024-01-20,NA,NA,"Solenopsis amblychila",1,"FALSE","FALSE","not measured","DaFl","8",10
"Sunrise",2024-01-20,NA,NA,"Solenopsis amblychila",1,"FALSE","FALSE","not measured","DaFl","9",10
"Sunrise",2024-01-20,NA,NA,"Chyphotes",1,"FALSE","FALSE","not measured","DaFl","10",10
"Sunrise",2024-04-26,NA,NA,"Anystoidea",1,"FALSE","FALSE","not measured","DaFl","1",10
"Sunrise",2024-04-26,NA,NA,"Entomobryidae",2,"FALSE","FALSE","not measured","DaFl","1",10
"Sunrise",2024-04-26,NA,NA,"Forelius",6,"FALSE","FALSE","not measured","DaFl","1",10
"Sunrise",2024-04-26,NA,NA,"Lepismatidae",1,"FALSE","FALSE","not measured","DaFl","1",10
"Sunrise",2024-04-26,NA,NA,"Meinertellidae",38,"FALSE","FALSE","not measured","DaFl","1",10
"Sunrise",2024-04-26,NA,NA,"Paravaejovis spinigerus",1,"FALSE","FALSE","not measured","DaFl","1",10
"Sunrise",2024-04-26,NA,NA,"Reduviidae",1,"FALSE","FALSE","not measured","DaFl","1",10
"Sunrise",2024-04-26,NA,NA,"Anystoidea",8,"FALSE","FALSE","not measured","DaFl","2",10
"Sunrise",2024-04-26,NA,NA,"Batuliodes",1,"FALSE","FALSE","not measured","DaFl","2",10
"Sunrise",2024-04-26,NA,NA,"Carabidae",1,"TRUE","FALSE","not measured","DaFl","2",10
"Sunrise",2024-04-26,NA,NA,"Coccoidea",1,"FALSE","FALSE","not measured","DaFl","2",10
"Sunrise",2024-04-26,NA,NA,"Erythraeoidea",5,"FALSE","FALSE","not measured","DaFl","2",10
"Sunrise",2024-04-26,NA,NA,"Forelius",3,"FALSE","FALSE","not measured","DaFl","2",10
"Sunrise",2024-04-26,NA,NA,"Lepismatidae",4,"FALSE","FALSE","not measured","DaFl","2",10
"Sunrise",2024-04-26,NA,NA,"Meinertellidae",30,"FALSE","FALSE","not measured","DaFl","2",10
"Sunrise",2024-04-26,NA,NA,"Myrmosula",2,"FALSE","FALSE","not measured","DaFl","2",10
"Sunrise",2024-04-26,NA,NA,"Anystoidea",4,"FALSE","FALSE","not measured","DaFl","3",10
"Sunrise",2024-04-26,NA,NA,"Erythraeoidea",3,"FALSE","FALSE","not measured","DaFl","3",10
"Sunrise",2024-04-26,NA,NA,"Lepismatidae",1,"FALSE","FALSE","not measured","DaFl","3",10
"Sunrise",2024-04-26,NA,NA,"Linepithema humile",2,"FALSE","FALSE","not measured","DaFl","3",10
"Sunrise",2024-04-26,NA,NA,"Mecinus",1,"FALSE","FALSE","not measured","DaFl","3",10
"Sunrise",2024-04-26,NA,NA,"Meinertellidae",9,"FALSE","FALSE","not measured","DaFl","3",10
"Sunrise",2024-04-26,NA,NA,"Melanaethus",1,"FALSE","FALSE","not measured","DaFl","3",10
"Sunrise",2024-04-26,NA,NA,"Anystoidea",8,"FALSE","FALSE","not measured","DaFl","4",10
"Sunrise",2024-04-26,NA,NA,"Bdellidae",1,"FALSE","FALSE","not measured","DaFl","4",10
"Sunrise",2024-04-26,NA,NA,"Chyphotes",1,"FALSE","FALSE","not measured","DaFl","4",10
"Sunrise",2024-04-26,NA,NA,"Erythraeoidea",41,"FALSE","FALSE","not measured","DaFl","4",10
"Sunrise",2024-04-26,NA,NA,"Lepismatidae",2,"FALSE","FALSE","not measured","DaFl","4",10
"Sunrise",2024-04-26,NA,NA,"Meinertellidae",5,"FALSE","FALSE","not measured","DaFl","4",10
"Sunrise",2024-04-26,NA,NA,"Solenopsis",1,"FALSE","FALSE","not measured","DaFl","4",10
"Sunrise",2024-04-26,NA,NA,"Ammotrechidae",1,"FALSE","FALSE","not measured","DaFl","5",10
"Sunrise",2024-04-26,NA,NA,"Anystoidea",1,"FALSE","FALSE","not measured","DaFl","5",10
"Sunrise",2024-04-26,NA,NA,"Chalcidoidea",1,"FALSE","FALSE","not measured","DaFl","5",10
"Sunrise",2024-04-26,NA,NA,"Cononotus bryanti",1,"FALSE","FALSE","not measured","DaFl","5",10
"Sunrise",2024-04-26,NA,NA,"Entomobryidae",5,"FALSE","FALSE","not measured","DaFl","5",10
"Sunrise",2024-04-26,NA,NA,"Erythraeoidea",5,"FALSE","FALSE","not measured","DaFl","5",10
"Sunrise",2024-04-26,NA,NA,"Lepismatidae",1,"FALSE","FALSE","not measured","DaFl","5",10
"Sunrise",2024-04-26,NA,NA,"Linepithema humile",1,"FALSE","FALSE","not measured","DaFl","5",10
"Sunrise",2024-04-26,NA,NA,"Meinertellidae",15,"FALSE","FALSE","not measured","DaFl","5",10
"Sunrise",2024-04-26,NA,NA,"Psilochorus",1,"FALSE","FALSE","not measured","DaFl","5",10
"Sunrise",2024-04-26,NA,NA,"Tenebrionidae",1,"FALSE","FALSE","not measured","DaFl","5",10
"Sunrise",2024-04-26,NA,NA,"Anystoidea",2,"FALSE","FALSE","not measured","DaFl","6",10
"Sunrise",2024-04-26,NA,NA,"Entomobryidae",6,"FALSE","FALSE","not measured","DaFl","6",10
"Sunrise",2024-04-26,NA,NA,"Lepismatidae",6,"FALSE","FALSE","not measured","DaFl","6",10
"Sunrise",2024-04-26,NA,NA,"Meinertellidae",19,"FALSE","FALSE","not measured","DaFl","6",10
"Sunrise",2024-04-26,NA,NA,"Psilochorus",3,"FALSE","FALSE","not measured","DaFl","6",10
"Sunrise",2024-04-26,NA,NA,"Anystoidea",1,"FALSE","FALSE","not measured","DaFl","7",10
"Sunrise",2024-04-26,NA,NA,"Cryptoglossa muricata",1,"FALSE","FALSE","not measured","DaFl","7",10
"Sunrise",2024-04-26,NA,NA,"Erythraeoidea",4,"FALSE","FALSE","not measured","DaFl","7",10
"Sunrise",2024-04-26,NA,NA,"Lepismatidae",1,"FALSE","FALSE","not measured","DaFl","7",10
"Sunrise",2024-04-26,NA,NA,"Mecinus",1,"FALSE","FALSE","not measured","DaFl","7",10
"Sunrise",2024-04-26,NA,NA,"Meinertellidae",11,"FALSE","FALSE","not measured","DaFl","7",10
"Sunrise",2024-04-26,NA,NA,"Psilochorus",1,"FALSE","FALSE","not measured","DaFl","7",10
"Sunrise",2024-04-26,NA,NA,"Anystoidea",5,"FALSE","FALSE","not measured","DaFl","8",10
"Sunrise",2024-04-26,NA,NA,"Erythraeoidea",1,"FALSE","FALSE","not measured","DaFl","8",10
"Sunrise",2024-04-26,NA,NA,"Lepismatidae",5,"FALSE","FALSE","not measured","DaFl","8",10
"Sunrise",2024-04-26,NA,NA,"Meinertellidae",17,"FALSE","FALSE","not measured","DaFl","8",10
"Sunrise",2024-04-26,NA,NA,"Nocibiotes",2,"FALSE","FALSE","not measured","DaFl","8",10
"Sunrise",2024-04-26,NA,NA,"Psilochorus",3,"FALSE","FALSE","not measured","DaFl","8",10
"Sunrise",2024-04-26,NA,NA,"Cononotus bryanti",1,"FALSE","FALSE","not measured","DaFl","9",10
"Sunrise",2024-04-26,NA,NA,"Entomobryidae",1,"FALSE","FALSE","not measured","DaFl","9",10
"Sunrise",2024-04-26,NA,NA,"Lepismatidae",3,"FALSE","FALSE","not measured","DaFl","9",10
"Sunrise",2024-04-26,NA,NA,"Linyphiidae",1,"FALSE","FALSE","not measured","DaFl","9",10
"Sunrise",2024-04-26,NA,NA,"Salticidae",1,"FALSE","FALSE","not measured","DaFl","9",10
"Sunrise",2024-04-26,NA,NA,"Anystoidea",5,"FALSE","FALSE","not measured","DaFl","10",10
"Sunrise",2024-04-26,NA,NA,"Cryptoglossa muricata",1,"FALSE","FALSE","not measured","DaFl","10",10
"Sunrise",2024-04-26,NA,NA,"Gnaphosidae",1,"TRUE","FALSE","not measured","DaFl","10",10
"Sunrise",2024-04-26,NA,NA,"Lepismatidae",10,"FALSE","FALSE","not measured","DaFl","10",10
"Sunrise",2024-04-26,NA,NA,"Meinertellidae",6,"FALSE","FALSE","not measured","DaFl","10",10
"Sunrise",2024-07-20,NA,NA,"Chyphotes",1,"FALSE","FALSE","not measured","DaFl","1",10
"Sunrise",2024-07-20,NA,NA,"Lepismatidae",8,"FALSE","FALSE","not measured","DaFl","1",10
"Sunrise",2024-07-20,NA,NA,"Pogonomyrmex",1,"FALSE","FALSE","not measured","DaFl","1",10
"Sunrise",2024-07-20,NA,NA,"Anystoidea",3,"FALSE","FALSE","not measured","DaFl","2",10
"Sunrise",2024-07-20,NA,NA,"Formicidae",1,"FALSE","TRUE","not measured","DaFl","2",10
"Sunrise",2024-07-20,NA,NA,"Lepismatidae",20,"FALSE","FALSE","not measured","DaFl","2",10
"Sunrise",2024-07-20,NA,NA,"Ammotrechidae",1,"FALSE","FALSE","not measured","DaFl","3",10
"Sunrise",2024-07-20,NA,NA,"Anystoidea",6,"FALSE","FALSE","not measured","DaFl","3",10
"Sunrise",2024-07-20,NA,NA,"Lepismatidae",23,"FALSE","FALSE","not measured","DaFl","3",10
"Sunrise",2024-07-20,NA,NA,"Lepismatidae",26,"FALSE","FALSE","not measured","DaFl","4",10
"Sunrise",2024-07-20,NA,NA,"Oxyopes",1,"FALSE","FALSE","not measured","DaFl","4",10
"Sunrise",2024-07-20,NA,NA,"Solenopsis xyloni",1,"FALSE","FALSE","not measured","DaFl","4",10
"Sunrise",2024-07-20,NA,NA,"Triorophus",1,"FALSE","FALSE","not measured","DaFl","4",10
"Sunrise",2024-07-20,NA,NA,"Lepismatidae",18,"FALSE","FALSE","not measured","DaFl","5",10
"Sunrise",2024-07-20,NA,NA,"Anystoidea",9,"FALSE","FALSE","not measured","DaFl","6",10
"Sunrise",2024-07-20,NA,NA,"Anystoidea",9,"FALSE","FALSE","not measured","DaFl","6",10
"Sunrise",2024-07-20,NA,NA,"Chyphotes",1,"FALSE","FALSE","not measured","DaFl","6",10
"Sunrise",2024-07-20,NA,NA,"Lepismatidae",4,"FALSE","FALSE","not measured","DaFl","6",10
"Sunrise",2024-07-20,NA,NA,"Nocibiotes",1,"FALSE","FALSE","not measured","DaFl","6",10
"Sunrise",2024-07-20,NA,NA,"Pogonomyrmex",1,"FALSE","FALSE","not measured","DaFl","6",10
"Sunrise",2024-07-20,NA,NA,"Solenopsis xyloni",197,"FALSE","FALSE","not measured","DaFl","6",10
"Sunrise",2024-07-20,"Dead lizard",NA,"Lepismatidae",8,"FALSE","FALSE","not measured","DaFl","7",10
"Sunrise",2024-07-20,"Dead lizard",NA,"Solenopsis xyloni",18,"FALSE","FALSE","not measured","DaFl","7",10
"Sunrise",2024-07-20,NA,NA,"Anystoidea",2,"FALSE","FALSE","not measured","DaFl","8",10
"Sunrise",2024-07-20,NA,NA,"Chyphotes",1,"FALSE","FALSE","not measured","DaFl","8",10
"Sunrise",2024-07-20,NA,NA,"Lepismatidae",15,"FALSE","FALSE","not measured","DaFl","8",10
"Sunrise",2024-07-20,NA,NA,"Solenopsis xyloni",8,"FALSE","FALSE","not measured","DaFl","8",10
"Sunrise",2024-07-20,NA,NA,"Anystoidea",1,"FALSE","FALSE","not measured","DaFl","9",10
"Sunrise",2024-07-20,NA,NA,"Lepismatidae",2,"FALSE","FALSE","not measured","DaFl","9",10
"Sunrise",2024-07-20,NA,NA,"Solenopsis xyloni",3,"FALSE","FALSE","not measured","DaFl","9",10
"Sunrise",2024-07-20,NA,NA,"Anystoidea",2,"FALSE","FALSE","not measured","DaFl","10",10
"Sunrise",2024-07-20,NA,NA,"Lepismatidae",24,"FALSE","FALSE","not measured","DaFl","10",10
"Sunrise",2024-07-20,NA,NA,"Mantidae",1,"FALSE","FALSE","not measured","DaFl","10",10
"Sunrise",2024-07-20,NA,NA,"Nocibiotes",1,"FALSE","FALSE","not measured","DaFl","10",10
"Sunrise",2024-07-20,NA,NA,"Pogonomyrmex",1,"FALSE","FALSE","not measured","DaFl","10",10
"Sunrise",2024-10-26,NA,"empty_trap",NA,NA,NA,NA,NA,NA,"1",10
"Sunrise",2024-10-26,NA,NA,"Chyphotes",1,"FALSE","FALSE","not measured","DaFl","2",10
"Sunrise",2024-10-26,NA,NA,"Crematogaster",1,"FALSE","FALSE","not measured","DaFl","2",10
"Sunrise",2024-10-26,NA,NA,"Lepismatidae",4,"FALSE","FALSE","not measured","DaFl","2",10
"Sunrise",2024-10-26,NA,NA,"Lepismatidae",2,"FALSE","FALSE","not measured","DaFl","3",10
"Sunrise",2024-10-26,NA,NA,"Anystoidea",1,"FALSE","FALSE","not measured","DaFl","4",10
"Sunrise",2024-10-26,NA,NA,"Lepismatidae",8,"FALSE","FALSE","not measured","DaFl","4",10
"Sunrise",2024-10-26,NA,NA,"Solenopsis",3,"FALSE","FALSE","not measured","DaFl","4",10
"Sunrise",2024-10-26,NA,NA,"Anystoidea",2,"FALSE","FALSE","not measured","DaFl","5",10
"Sunrise",2024-10-26,NA,NA,"Lepismatidae",14,"FALSE","FALSE","not measured","DaFl","5",10
"Sunrise",2024-10-26,NA,NA,"Solenopsis",2,"FALSE","FALSE","not measured","DaFl","5",10
"Sunrise",2024-10-26,NA,NA,"Lepismatidae",5,"FALSE","FALSE","not measured","DaFl","6",10
"Sunrise",2024-10-26,NA,NA,"Solenopsis",4,"FALSE","FALSE","not measured","DaFl","6",10
"Sunrise",2024-10-26,NA,NA,"Ammotrechidae",1,"FALSE","FALSE","not measured","DaFl","7",10
"Sunrise",2024-10-26,NA,NA,"Lepismatidae",4,"FALSE","FALSE","not measured","DaFl","7",10
"Sunrise",2024-10-26,NA,NA,"Lepismatidae",10,"FALSE","FALSE","not measured","DaFl","8",10
"Sunrise",2024-10-26,NA,NA,"Paravaejovis spinigerus",1,"FALSE","FALSE","not measured","DaFl","8",10
"Sunrise",2024-10-26,NA,NA,"Ammotrechidae",1,"FALSE","FALSE","not measured","DaFl","9",10
"Sunrise",2024-10-26,NA,NA,"Anystoidea",1,"FALSE","FALSE","not measured","DaFl","9",10
"Sunrise",2024-10-26,NA,NA,"Cryptoglossa muricata",2,"FALSE","FALSE","not measured","DaFl","9",10
"Sunrise",2024-10-26,NA,NA,"Entomobryidae",1,"FALSE","FALSE","not measured","DaFl","9",10
"Sunrise",2024-10-26,NA,NA,"Lepismatidae",14,"FALSE","FALSE","not measured","DaFl","9",10
"Sunrise",2024-10-26,NA,NA,"Pogonomyrmex",1,"FALSE","FALSE","not measured","DaFl","9",10
"Sunrise",2024-10-26,NA,NA,"Solenopsis",1,"FALSE","FALSE","not measured","DaFl","9",10
"Sunrise",2024-10-26,NA,NA,"Thinoxenus",2,"FALSE","FALSE","not measured","DaFl","9",10
"Sunrise",2024-10-26,NA,NA,"Ammotrechidae",1,"FALSE","FALSE","not measured","DaFl","10",10
"Sunrise",2024-10-26,NA,NA,"Anystoidea",1,"FALSE","FALSE","not measured","DaFl","10",10
"Sunrise",2024-10-26,NA,NA,"Entomobryidae",2,"FALSE","FALSE","not measured","DaFl","10",10
"Sunrise",2024-10-26,NA,NA,"Lepismatidae",22,"FALSE","FALSE","not measured","DaFl","10",10
"Sunrise",2024-10-26,NA,NA,"Nocibiotes",1,"FALSE","FALSE","not measured","DaFl","10",10
"Sunrise",2025-01-25,NA,"empty_trap",NA,NA,NA,NA,NA,NA,"1",10
"Sunrise",2025-01-25,NA,NA,"Ammotrechidae",1,"FALSE","FALSE","not measured","DaFl","2",10
"Sunrise",2025-01-25,NA,"empty_trap",NA,NA,NA,NA,NA,NA,"3",10
"Sunrise",2025-01-25,NA,NA,"Solenopsis xyloni",2,"FALSE","FALSE","not measured","DaFl","4",10
"Sunrise",2025-01-25,NA,"empty_trap",NA,NA,NA,NA,NA,NA,"5",10
"Sunrise",2025-01-25,NA,NA,"Culicidae",1,"FALSE","FALSE","not measured","DaFl","6",10
"Sunrise",2025-01-25,NA,NA,"Pompilidae",1,"FALSE","FALSE","not measured","DaFl","6",10
"Sunrise",2025-01-25,NA,NA,"Steatoda",1,"FALSE","FALSE","not measured","DaFl","6",10
"Sunrise",2025-01-25,NA,NA,"Thinoxenus",1,"FALSE","FALSE","not measured","DaFl","6",10
"Sunrise",2025-01-25,NA,NA,"Ammotrechidae",1,"FALSE","FALSE","not measured","DaFl","7",10
"Sunrise",2025-01-25,NA,NA,"Filistatoides",1,"FALSE","FALSE","not measured","DaFl","8",10
"Sunrise",2025-01-25,NA,NA,"Lepismatidae",2,"FALSE","FALSE","not measured","DaFl","8",10
"Sunrise",2025-01-25,NA,NA,"Psilochorus",1,"FALSE","FALSE","not measured","DaFl","8",10
"Sunrise",2025-01-25,NA,NA,"Ammotrechidae",1,"FALSE","FALSE","not measured","DaFl","9",10
"Sunrise",2025-01-25,NA,NA,"Chyphotes",1,"FALSE","FALSE","not measured","DaFl","10",10
"TomThumb",2012-02-23,NA,NA,"Rhaphidophorinae",1,NA,NA,"not measured","ChAl","1",10
"TomThumb",2012-02-23,NA,NA,"Aphididae",1,NA,NA,"not measured","ChAl","2",10
"TomThumb",2012-02-23,NA,NA,"Entomobryidae",1,NA,NA,"not measured","ChAl","2",10
"TomThumb",2012-02-23,NA,NA,"Pogonomyrmex rugosus",1,NA,NA,"not measured","ChAl","2",10
"TomThumb",2012-02-23,NA,NA,"Tetramorium",1,NA,NA,"not measured","ChAl","2",10
"TomThumb",2012-02-23,NA,NA,"Habronattus",1,NA,NA,"not measured","ChAl","3",10
"TomThumb",2012-02-23,NA,NA,"Ptomaphagus",2,NA,NA,"not measured","ChAl","3",10
"TomThumb",2012-02-23,NA,NA,"Sciaridae",1,NA,NA,"not measured","ChAl","3",10
"TomThumb",2012-02-23,NA,NA,"Phyllotreta",2,NA,NA,"not measured","ChAl","4",10
"TomThumb",2012-02-23,NA,NA,"Thripidae",1,NA,NA,"not measured","ChAl","4",10
"TomThumb",2012-02-23,NA,NA,"Psilochorus",1,NA,NA,"not measured","ChAl","5",10
"TomThumb",2012-02-23,NA,NA,"Acari",1,NA,NA,"not measured","ChAl","6",10
"TomThumb",2012-02-23,NA,NA,"Aphididae",1,NA,NA,"not measured","ChAl","6",10
"TomThumb",2012-02-23,NA,NA,"Psilochorus",1,NA,NA,"not measured","ChAl","6",10
"TomThumb",2012-02-23,NA,NA,"Solenopsis xyloni",1,NA,NA,"not measured","ChAl","6",10
"TomThumb",2012-02-23,NA,NA,"Ceratagallia (Aceratagallia)",1,NA,NA,"not measured","ChAl","7",10
"TomThumb",2012-02-23,NA,NA,"Apis",1,NA,"TRUE","not measured","ChAl","8",10
"TomThumb",2012-02-23,NA,NA,"Chironomidae",1,NA,NA,"not measured","ChAl","9",10
"TomThumb",2012-02-23,NA,NA,"Psilochorus",1,NA,NA,"not measured","ChAl","9",10
"TomThumb",2012-02-23,NA,NA,"Rhaphidophorinae",1,NA,NA,"not measured","ChAl","10",10
"TomThumb",2012-04-26,"Water in all traps from rain the previous night and that morning; Preserved with 99% isopropyl alcohol and tap water.",NA,"Psyllidae",1,NA,NA,"not measured","ChAl","1",10
"TomThumb",2012-04-26,"Water in all traps from rain the previous night and that morning; Preserved with 99% isopropyl alcohol and tap water.",NA,"Solenopsis xyloni",1,NA,NA,"not measured","ChAl","1",10
"TomThumb",2012-04-26,"Water in all traps from rain the previous night and that morning; Preserved with 99% isopropyl alcohol and tap water.",NA,"Termitidae",1,NA,NA,"not measured","ChAl","1",10
"TomThumb",2012-04-26,"Water in all traps from rain the previous night and that morning; Preserved with 99% isopropyl alcohol and tap water.",NA,"Meinertellidae",3,NA,NA,"not measured","ChAl","2",10
"TomThumb",2012-04-26,"Water in all traps from rain the previous night and that morning; Preserved with 99% isopropyl alcohol and tap water.",NA,"Tetramorium",1,NA,NA,"not measured","ChAl","2",10
"TomThumb",2012-04-26,"Water in all traps from rain the previous night and that morning; Preserved with 99% isopropyl alcohol and tap water.",NA,"Aphididae",1,NA,NA,"not measured","ChAl","3",10
"TomThumb",2012-04-26,"Water in all traps from rain the previous night and that morning; Preserved with 99% isopropyl alcohol and tap water.",NA,"Pogonomyrmex rugosus",4,NA,NA,"not measured","ChAl","3",10
"TomThumb",2012-04-26,"Water in all traps from rain the previous night and that morning; Preserved with 99% isopropyl alcohol and tap water.",NA,"Acari",7,NA,NA,"not measured","ChAl","4",10
"TomThumb",2012-04-26,"Water in all traps from rain the previous night and that morning; Preserved with 99% isopropyl alcohol and tap water.",NA,"Araeoschizus",1,NA,NA,"between 2 and 5 mm","ChAl","4",10
"TomThumb",2012-04-26,"Water in all traps from rain the previous night and that morning; Preserved with 99% isopropyl alcohol and tap water.",NA,"Entomobryidae",1,NA,NA,"not measured","ChAl","4",10
"TomThumb",2012-04-26,"Water in all traps from rain the previous night and that morning; Preserved with 99% isopropyl alcohol and tap water.",NA,"Euryopis",1,NA,NA,"not measured","ChAl","4",10
"TomThumb",2012-04-26,"Water in all traps from rain the previous night and that morning; Preserved with 99% isopropyl alcohol and tap water.",NA,"Forelius pruinosus",9,NA,NA,"not measured","ChAl","4",10
"TomThumb",2012-04-26,"Water in all traps from rain the previous night and that morning; Preserved with 99% isopropyl alcohol and tap water.",NA,"Nocibiotes",1,NA,NA,"between 5 and 10 mm","ChAl","4",10
"TomThumb",2012-04-26,"Water in all traps from rain the previous night and that morning; Preserved with 99% isopropyl alcohol and tap water.",NA,"Pogonomyrmex rugosus",2,NA,NA,"not measured","ChAl","4",10
"TomThumb",2012-04-26,"Water in all traps from rain the previous night and that morning; Preserved with 99% isopropyl alcohol and tap water.",NA,"Solenopsis xyloni",3,NA,NA,"not measured","ChAl","4",10
"TomThumb",2012-04-26,"Water in all traps from rain the previous night and that morning; Preserved with 99% isopropyl alcohol and tap water.",NA,"Tetramorium",1,NA,NA,"not measured","ChAl","4",10
"TomThumb",2012-04-26,"Water in all traps from rain the previous night and that morning; Preserved with 99% isopropyl alcohol and tap water.",NA,"Acari",7,NA,NA,"not measured","ChAl","5",10
"TomThumb",2012-04-26,"Water in all traps from rain the previous night and that morning; Preserved with 99% isopropyl alcohol and tap water.",NA,"Coccoidea",1,NA,NA,"not measured","ChAl","5",10
"TomThumb",2012-04-26,"Water in all traps from rain the previous night and that morning; Preserved with 99% isopropyl alcohol and tap water.",NA,"Entomobryidae",2,NA,NA,"not measured","ChAl","5",10
"TomThumb",2012-04-26,"Water in all traps from rain the previous night and that morning; Preserved with 99% isopropyl alcohol and tap water.",NA,"Forelius pruinosus",9,NA,NA,"not measured","ChAl","5",10
"TomThumb",2012-04-26,"Water in all traps from rain the previous night and that morning; Preserved with 99% isopropyl alcohol and tap water.",NA,"Geocoris",1,NA,NA,"not measured","ChAl","5",10
"TomThumb",2012-04-26,"Water in all traps from rain the previous night and that morning; Preserved with 99% isopropyl alcohol and tap water.",NA,"Meinertellidae",1,NA,NA,"not measured","ChAl","5",10
"TomThumb",2012-04-26,"Water in all traps from rain the previous night and that morning; Preserved with 99% isopropyl alcohol and tap water.",NA,"Mythicomyia",1,NA,NA,"not measured","ChAl","5",10
"TomThumb",2012-04-26,"Water in all traps from rain the previous night and that morning; Preserved with 99% isopropyl alcohol and tap water.",NA,"Pheidole desertorum",2,NA,NA,"not measured","ChAl","5",10
"TomThumb",2012-04-26,"Water in all traps from rain the previous night and that morning; Preserved with 99% isopropyl alcohol and tap water.",NA,"Termitidae",1,NA,NA,"not measured","ChAl","5",10
"TomThumb",2012-04-26,"Water in all traps from rain the previous night and that morning; Preserved with 99% isopropyl alcohol and tap water.",NA,"Meinertellidae",3,NA,NA,"not measured","ChAl","6",10
"TomThumb",2012-04-26,"Water in all traps from rain the previous night and that morning; Preserved with 99% isopropyl alcohol and tap water.",NA,"Pardosa",1,NA,NA,"not measured","ChAl","6",10
"TomThumb",2012-04-26,"Water in all traps from rain the previous night and that morning; Preserved with 99% isopropyl alcohol and tap water.",NA,"Pheidole desertorum",2,NA,NA,"not measured","ChAl","6",10
"TomThumb",2012-04-26,"Water in all traps from rain the previous night and that morning; Preserved with 99% isopropyl alcohol and tap water.",NA,"Sminthuridae",1,NA,NA,"not measured","ChAl","6",10
"TomThumb",2012-04-26,"Water in all traps from rain the previous night and that morning; Preserved with 99% isopropyl alcohol and tap water.",NA,"Araneidae",1,NA,NA,"not measured","ChAl","7",10
"TomThumb",2012-04-26,"Water in all traps from rain the previous night and that morning; Preserved with 99% isopropyl alcohol and tap water.",NA,"Cecidomyiidae",1,NA,NA,"not measured","ChAl","7",10
"TomThumb",2012-04-26,"Water in all traps from rain the previous night and that morning; Preserved with 99% isopropyl alcohol and tap water.",NA,"Forelius pruinosus",1,NA,NA,"not measured","ChAl","7",10
"TomThumb",2012-04-26,"Water in all traps from rain the previous night and that morning; Preserved with 99% isopropyl alcohol and tap water.",NA,"Meinertellidae",2,NA,NA,"not measured","ChAl","7",10
"TomThumb",2012-04-26,"Water in all traps from rain the previous night and that morning; Preserved with 99% isopropyl alcohol and tap water.",NA,"Thripidae",1,NA,NA,"not measured","ChAl","7",10
"TomThumb",2012-04-26,"Water in all traps from rain the previous night and that morning; Preserved with 99% isopropyl alcohol and tap water.",NA,"Acari",1,NA,NA,"not measured","ChAl","8",10
"TomThumb",2012-04-26,"Water in all traps from rain the previous night and that morning; Preserved with 99% isopropyl alcohol and tap water.",NA,"Coccoidea",1,NA,NA,"not measured","ChAl","9",10
"TomThumb",2012-04-26,"Water in all traps from rain the previous night and that morning; Preserved with 99% isopropyl alcohol and tap water.",NA,"Microporus",1,NA,NA,"not measured","ChAl","9",10
"TomThumb",2012-04-26,"Water in all traps from rain the previous night and that morning; Preserved with 99% isopropyl alcohol and tap water.",NA,"Acari",2,NA,NA,"not measured","ChAl","10",10
"TomThumb",2012-04-26,"Water in all traps from rain the previous night and that morning; Preserved with 99% isopropyl alcohol and tap water.",NA,"Forelius pruinosus",2,NA,NA,"not measured","ChAl","10",10
"TomThumb",2012-04-26,"Water in all traps from rain the previous night and that morning; Preserved with 99% isopropyl alcohol and tap water.",NA,"Meinertellidae",2,NA,NA,"not measured","ChAl","10",10
"TomThumb",2012-04-26,"Water in all traps from rain the previous night and that morning; Preserved with 99% isopropyl alcohol and tap water.",NA,"Sminthuridae",2,NA,NA,"not measured","ChAl","10",10
"TomThumb",2012-04-26,"Water in all traps from rain the previous night and that morning; Preserved with 99% isopropyl alcohol and tap water.",NA,"Solenopsis xyloni",1,NA,NA,"not measured","ChAl","10",10
"TomThumb",2012-04-30,"Collected post rain; No water in cups; 2nd set.",NA,"Acari",1,NA,NA,"not measured","ChAl","1",10
"TomThumb",2012-04-30,"Collected post rain; No water in cups; 2nd set.",NA,"Cononotus",1,NA,NA,"not measured","ChAl","1",10
"TomThumb",2012-04-30,"Collected post rain; No water in cups; 2nd set.",NA,"Forelius pruinosus",1,NA,NA,"not measured","ChAl","1",10
"TomThumb",2012-04-30,"Collected post rain; No water in cups; 2nd set.",NA,"Meinertellidae",3,NA,NA,"not measured","ChAl","1",10
"TomThumb",2012-04-30,"Collected post rain; No water in cups; 2nd set.",NA,"Acari",1,NA,NA,"not measured","ChAl","2",10
"TomThumb",2012-04-30,"Collected post rain; No water in cups; 2nd set.",NA,"Forelius pruinosus",5,NA,NA,"not measured","ChAl","2",10
"TomThumb",2012-04-30,"Collected post rain; No water in cups; 2nd set.",NA,"Pogonomyrmex rugosus",1,NA,NA,"not measured","ChAl","2",10
"TomThumb",2012-04-30,"Collected post rain; No water in cups; 2nd set.",NA,"Rhaphidophorinae",1,NA,NA,"not measured","ChAl","2",10
"TomThumb",2012-04-30,"Collected post rain; No water in cups; 2nd set.",NA,"Acari",2,NA,NA,"not measured","ChAl","3",10
"TomThumb",2012-04-30,"Collected post rain; No water in cups; 2nd set.",NA,"Entomobryidae",1,NA,NA,"not measured","ChAl","3",10
"TomThumb",2012-04-30,"Collected post rain; No water in cups; 2nd set.",NA,"Pogonomyrmex rugosus",62,NA,NA,"not measured","ChAl","4",10
"TomThumb",2012-04-30,"Collected post rain; No water in cups; 2nd set.",NA,"Forelius pruinosus",2,NA,NA,"not measured","ChAl","5",10
"TomThumb",2012-04-30,"Collected post rain; No water in cups; 2nd set.",NA,"Nocibiotes",1,NA,NA,"between 5 and 10 mm","ChAl","5",10
"TomThumb",2012-04-30,"Collected post rain; No water in cups; 2nd set.",NA,"Pheidole desertorum",1,NA,NA,"not measured","ChAl","5",10
"TomThumb",2012-04-30,"Collected post rain; No water in cups; 2nd set.",NA,"Solenopsis xyloni",1,NA,NA,"not measured","ChAl","5",10
"TomThumb",2012-04-30,"Collected post rain; No water in cups; 2nd set.",NA,"Coccoidea",1,NA,NA,"not measured","ChAl","6",10
"TomThumb",2012-04-30,"Collected post rain; No water in cups; 2nd set.",NA,"Meinertellidae",2,NA,NA,"not measured","ChAl","7",10
"TomThumb",2012-04-30,"Collected post rain; No water in cups; 2nd set.",NA,"Nocibiotes",1,NA,NA,"between 2 and 5 mm","ChAl","7",10
"TomThumb",2012-04-30,"Collected post rain; No water in cups; 2nd set.",NA,"Psilochorus",1,NA,NA,"not measured","ChAl","7",10
"TomThumb",2012-04-30,"Collected post rain; No water in cups; 2nd set.",NA,"Acari",1,NA,NA,"not measured","ChAl","8",10
"TomThumb",2012-04-30,"Collected post rain; No water in cups; 2nd set.",NA,"Entomobryidae",1,NA,NA,"not measured","ChAl","8",10
"TomThumb",2012-04-30,"Collected post rain; No water in cups; 2nd set.",NA,"Pheidole desertorum",1,NA,NA,"not measured","ChAl","9",10
"TomThumb",2012-04-30,"Collected post rain; No water in cups; 2nd set.",NA,"Solenopsis xyloni",1,NA,NA,"not measured","ChAl","9",10
"TomThumb",2012-04-30,"Collected post rain; No water in cups; 2nd set.",NA,"Solifugae",1,NA,NA,"not measured","ChAl","9",10
"TomThumb",2012-04-30,"No arthropods; Collected post rain; No water in cups; 2nd set.","empty_trap",NA,NA,NA,NA,NA,NA,"10",10
"TomThumb",2012-07-27,NA,NA,"Argoporis",1,NA,NA,"between 5 and 10 mm","ChAl","1",10
"TomThumb",2012-07-27,NA,NA,"Mantodea",1,"TRUE",NA,"not measured","ChAl","1",10
"TomThumb",2012-07-27,NA,NA,"Pheidole desertorum",1,NA,NA,"not measured","ChAl","1",10
"TomThumb",2012-07-27,NA,NA,"Solenopsis xyloni",1,NA,NA,"not measured","ChAl","1",10
"TomThumb",2012-07-27,NA,NA,"Forelius pruinosus",1,NA,NA,"not measured","ChAl","2",10
"TomThumb",2012-07-27,NA,NA,"Oxyopes",1,NA,NA,"not measured","ChAl","2",10
"TomThumb",2012-07-27,NA,NA,"Solenopsis xyloni",2,NA,NA,"not measured","ChAl","2",10
"TomThumb",2012-07-27,NA,NA,"Tetramorium",2,NA,NA,"not measured","ChAl","2",10
"TomThumb",2012-07-27,NA,NA,"Acari",1,NA,NA,"not measured","ChAl","3",10
"TomThumb",2012-07-27,NA,NA,"Lepismatidae",2,NA,NA,"not measured","ChAl","3",10
"TomThumb",2012-07-27,NA,NA,"Monomorium",1,NA,NA,"not measured","ChAl","3",10
"TomThumb",2012-07-27,NA,NA,"Pheidole desertorum",1,NA,NA,"not measured","ChAl","3",10
"TomThumb",2012-07-27,NA,NA,"Tetramorium",5,NA,NA,"not measured","ChAl","3",10
"TomThumb",2012-07-27,NA,NA,"Lepismatidae",3,NA,NA,"not measured","ChAl","4",10
"TomThumb",2012-07-27,NA,NA,"Pogonomyrmex rugosus",660,NA,NA,"not measured","ChAl","4",10
"TomThumb",2012-07-27,"No arthropods.","empty_trap",NA,NA,NA,NA,NA,NA,"5",10
"TomThumb",2012-07-27,NA,NA,"Acari",4,NA,NA,"not measured","ChAl","6",10
"TomThumb",2012-07-27,NA,NA,"Forelius pruinosus",1,NA,NA,"not measured","ChAl","6",10
"TomThumb",2012-07-27,NA,NA,"Meinertellidae",2,NA,NA,"not measured","ChAl","6",10
"TomThumb",2012-07-27,NA,NA,"Pheidole desertorum",5,NA,NA,"not measured","ChAl","6",10
"TomThumb",2012-07-27,NA,NA,"Solenopsis xyloni",1,NA,NA,"not measured","ChAl","6",10
"TomThumb",2012-07-27,NA,NA,"Steatoda",1,NA,NA,"not measured","ChAl","6",10
"TomThumb",2012-07-27,NA,NA,"Acari",1,NA,NA,"not measured","ChAl","7",10
"TomThumb",2012-07-27,NA,NA,"Forelius pruinosus",1,NA,NA,"not measured","ChAl","7",10
"TomThumb",2012-07-27,NA,NA,"Pheidole desertorum",9,NA,NA,"not measured","ChAl","7",10
"TomThumb",2012-07-27,NA,NA,"Solenopsis xyloni",5,NA,NA,"not measured","ChAl","7",10
"TomThumb",2012-07-27,NA,NA,"Pheidole desertorum",10,NA,NA,"not measured","ChAl","8",10
"TomThumb",2012-07-27,NA,NA,"Solenopsis xyloni",4,NA,NA,"not measured","ChAl","8",10
"TomThumb",2012-07-27,NA,NA,"Acari",2,NA,NA,"not measured","ChAl","9",10
"TomThumb",2012-07-27,NA,NA,"Entomobryidae",2,NA,NA,"not measured","ChAl","9",10
"TomThumb",2012-07-27,NA,NA,"Euspilotus",1,NA,NA,"not measured","ChAl","9",10
"TomThumb",2012-07-27,NA,NA,"Steatoda",1,NA,NA,"not measured","ChAl","9",10
"TomThumb",2012-07-27,NA,NA,"Entomobryidae",1,NA,NA,"not measured","ChAl","10",10
"TomThumb",2012-07-27,NA,NA,"Habronattus",1,NA,NA,"not measured","ChAl","10",10
"TomThumb",2012-07-27,NA,NA,"Meinertellidae",4,NA,NA,"not measured","ChAl","10",10
"TomThumb",2012-11-09,NA,NA,"Acari",1,NA,NA,"not measured","ChAl","1",10
"TomThumb",2012-11-09,NA,NA,"Eleodes armata",2,NA,NA,"greater than 10 mm","ChAl","1",10
"TomThumb",2012-11-09,NA,NA,"Opiliones",1,NA,NA,"not measured","ChAl","1",10
"TomThumb",2012-11-09,NA,NA,"Pheidole desertorum",1,NA,NA,"not measured","ChAl","1",10
"TomThumb",2012-11-09,NA,NA,"Solenopsis xyloni",5,NA,NA,"not measured","ChAl","1",10
"TomThumb",2012-11-09,NA,NA,"Steatoda",1,NA,NA,"not measured","ChAl","1",10
"TomThumb",2012-11-09,NA,NA,"Termitidae",1,NA,NA,"not measured","ChAl","1",10
"TomThumb",2012-11-09,NA,NA,"Acari",4,NA,NA,"not measured","ChAl","2",10
"TomThumb",2012-11-09,NA,NA,"Entomobryidae",2,NA,NA,"not measured","ChAl","2",10
"TomThumb",2012-11-09,NA,NA,"Sminthuridae",1,NA,NA,"not measured","ChAl","2",10
"TomThumb",2012-11-09,NA,NA,"Pheidole desertorum",2,NA,NA,"not measured","ChAl","3",10
"TomThumb",2012-11-09,NA,NA,"Pogonomyrmex rugosus",1,NA,NA,"not measured","ChAl","3",10
"TomThumb",2012-11-09,NA,NA,"Sminthuridae",1,NA,NA,"not measured","ChAl","3",10
"TomThumb",2012-11-09,NA,NA,"Eleodes armata",1,NA,NA,"greater than 10 mm","ChAl","4",10
"TomThumb",2012-11-09,NA,NA,"Euryopis",4,NA,NA,"not measured","ChAl","4",10
"TomThumb",2012-11-09,NA,NA,"Formicidae",2,NA,"TRUE","not measured","ChAl","4",10
"TomThumb",2012-11-09,NA,NA,"Pogonomyrmex rugosus",333,NA,NA,"not measured","ChAl","4",10
"TomThumb",2012-11-09,NA,NA,"Rhaphidophorinae",1,NA,NA,"not measured","ChAl","4",10
"TomThumb",2012-11-09,NA,NA,"Solifugae",1,NA,NA,"not measured","ChAl","4",10
"TomThumb",2012-11-09,NA,NA,"Pogonomyrmex rugosus",1,NA,NA,"not measured","ChAl","5",10
"TomThumb",2012-11-09,NA,NA,"Acari",1,NA,NA,"not measured","ChAl","6",10
"TomThumb",2012-11-09,NA,NA,"Araneidae",1,NA,NA,"not measured","ChAl","6",10
"TomThumb",2012-11-09,NA,NA,"Entomobryidae",2,NA,NA,"not measured","ChAl","6",10
"TomThumb",2012-11-09,NA,NA,"Pheidole desertorum",1,NA,NA,"not measured","ChAl","6",10
"TomThumb",2012-11-09,NA,NA,"Pogonomyrmex rugosus",2,NA,NA,"not measured","ChAl","6",10
"TomThumb",2012-11-09,NA,NA,"Sminthuridae",1,NA,NA,"not measured","ChAl","6",10
"TomThumb",2012-11-09,NA,NA,"Solenopsis xyloni",2,NA,NA,"not measured","ChAl","6",10
"TomThumb",2012-11-09,NA,NA,"Coccoidea",1,NA,NA,"not measured","ChAl","7",10
"TomThumb",2012-11-09,NA,NA,"Entomobryidae",2,NA,NA,"not measured","ChAl","7",10
"TomThumb",2012-11-09,NA,NA,"Habronattus",1,NA,NA,"not measured","ChAl","7",10
"TomThumb",2012-11-09,NA,NA,"Hypogastruridae",1,NA,NA,"not measured","ChAl","7",10
"TomThumb",2012-11-09,NA,NA,"Pheidole desertorum",1,NA,NA,"not measured","ChAl","8",10
"TomThumb",2012-11-09,NA,NA,"Psocodea",1,"TRUE",NA,"not measured","ChAl","8",10
"TomThumb",2012-11-09,NA,NA,"Habronattus",1,NA,NA,"not measured","ChAl","9",10
"TomThumb",2012-11-09,NA,NA,"Entomobryidae",1,NA,NA,"not measured","ChAl","10",10
"TomThumb",2012-11-09,NA,NA,"Sminthuridae",1,NA,NA,"not measured","ChAl","10",10
"TomThumb",2012-11-09,NA,NA,"Steatoda",1,NA,NA,"not measured","ChAl","10",10
"TomThumb",2012-12-21,"rain water in cup",NA,"Acari",3,NA,NA,"not measured","ChAl","1",9
"TomThumb",2012-12-21,"rain water in cup",NA,"Coleoptera",1,"TRUE",NA,"not measured","ChAl","1",9
"TomThumb",2012-12-21,"rain water in cup",NA,"Entomobryidae",2,NA,NA,"not measured","ChAl","1",9
"TomThumb",2012-12-21,"rain water in cup",NA,"Hypogastruridae",3,NA,NA,"not measured","ChAl","1",9
"TomThumb",2012-12-21,"rain water in cup",NA,"Linyphiidae",1,NA,NA,"not measured","ChAl","1",9
"TomThumb",2012-12-21,"rain water in cup",NA,"Pheidole desertorum",2,NA,NA,"not measured","ChAl","1",9
"TomThumb",2012-12-21,"rain water in cup",NA,"Sminthuridae",1,NA,NA,"not measured","ChAl","1",9
"TomThumb",2012-12-21,"rain water in cup",NA,"Solenopsis xyloni",5,NA,NA,"not measured","ChAl","1",9
"TomThumb",2012-12-21,"rain water in cup",NA,"Hypogastruridae",9,NA,NA,"not measured","ChAl","2",9
"TomThumb",2012-12-21,"rain water in cup",NA,"Pheidole desertorum",2,NA,NA,"not measured","ChAl","2",9
"TomThumb",2012-12-21,"rain water in cup",NA,"Ptomaphagus",1,NA,NA,"not measured","ChAl","2",9
"TomThumb",2012-12-21,"rain water in cup",NA,"Sminthuridae",1,NA,NA,"not measured","ChAl","2",9
"TomThumb",2012-12-21,"rain water in cup",NA,"Xysticus",1,NA,NA,"not measured","ChAl","2",9
"TomThumb",2012-12-21,"rain water in cup",NA,"Entomobryidae",1,NA,NA,"not measured","ChAl","3",9
"TomThumb",2012-12-21,"rain water in cup",NA,"Hypogastruridae",3,NA,NA,"not measured","ChAl","3",9
"TomThumb",2012-12-21,"rain water in cup",NA,"Linyphiidae",1,NA,NA,"not measured","ChAl","3",9
"TomThumb",2012-12-21,"rain water in cup",NA,"Pheidole desertorum",1,NA,NA,"not measured","ChAl","3",9
"TomThumb",2012-12-21,"rain water in cup",NA,"Phyllotreta",1,NA,NA,"not measured","ChAl","3",9
"TomThumb",2012-12-21,"rain water in cup",NA,"Staphylinidae",2,NA,NA,"not measured","ChAl","3",9
"TomThumb",2012-12-21,"rain water in cup",NA,"Entomobryidae",1,NA,NA,"not measured","ChAl","4",9
"TomThumb",2012-12-21,"rain water in cup",NA,"Hypogastruridae",4,NA,NA,"not measured","ChAl","4",9
"TomThumb",2012-12-21,"rain water in cup",NA,"Pheidole desertorum",1,NA,NA,"not measured","ChAl","4",9
"TomThumb",2012-12-21,"rain water in cup",NA,"Phyllotreta",1,NA,NA,"not measured","ChAl","4",9
"TomThumb",2012-12-21,"rain water in cup",NA,"Ptomaphagus",2,NA,NA,"not measured","ChAl","4",9
"TomThumb",2012-12-21,"rain water in cup",NA,"Rhaphidophorinae",1,NA,NA,"not measured","ChAl","4",9
"TomThumb",2012-12-21,"rain water in cup",NA,"Steatoda",1,NA,NA,"not measured","ChAl","4",9
"TomThumb",2012-12-21,NA,NA,"Entomobryidae",1,NA,NA,"not measured","ChAl","5",9
"TomThumb",2012-12-21,NA,NA,"Hypogastruridae",5,NA,NA,"not measured","ChAl","5",9
"TomThumb",2012-12-21,NA,NA,"Isotomidae",1,NA,NA,"not measured","ChAl","5",9
"TomThumb",2012-12-21,NA,NA,"Pheidole desertorum",4,NA,NA,"not measured","ChAl","5",9
"TomThumb",2012-12-21,NA,NA,"Phyllotreta",1,NA,NA,"not measured","ChAl","5",9
"TomThumb",2012-12-21,NA,NA,"Ptomaphagus",2,NA,NA,"not measured","ChAl","5",9
"TomThumb",2012-12-21,NA,NA,"Staphylinidae",1,NA,NA,"not measured","ChAl","5",9
"TomThumb",2012-12-21,"rain water in cup",NA,"Coleoptera",1,"TRUE",NA,"not measured","ChAl","6",9
"TomThumb",2012-12-21,"rain water in cup",NA,"Entomobryidae",1,NA,NA,"not measured","ChAl","6",9
"TomThumb",2012-12-21,"rain water in cup",NA,"Hypogastruridae",2,NA,NA,"not measured","ChAl","6",9
"TomThumb",2012-12-21,"rain water in cup",NA,"Isotomidae",1,NA,NA,"not measured","ChAl","6",9
"TomThumb",2012-12-21,"rain water in cup",NA,"Pheidole desertorum",2,NA,NA,"not measured","ChAl","6",9
"TomThumb",2012-12-21,"rain water in cup",NA,"Phyllotreta",1,NA,NA,"not measured","ChAl","6",9
"TomThumb",2012-12-21,"rain water in cup",NA,"Ptomaphagus",2,NA,NA,"not measured","ChAl","6",9
"TomThumb",2012-12-21,"rain water in cup",NA,"Staphylinidae",2,NA,NA,"not measured","ChAl","6",9
"TomThumb",2012-12-21,"rain water in cup",NA,"Entomobryidae",2,NA,NA,"not measured","ChAl","7",9
"TomThumb",2012-12-21,"rain water in cup",NA,"Hypogastruridae",4,NA,NA,"not measured","ChAl","7",9
"TomThumb",2012-12-21,"rain water in cup",NA,"Isotomidae",4,NA,NA,"not measured","ChAl","7",9
"TomThumb",2012-12-21,"rain water in cup",NA,"Pheidole desertorum",1,NA,NA,"not measured","ChAl","7",9
"TomThumb",2012-12-21,"rain water in cup",NA,"Ptomaphagus",3,NA,NA,"not measured","ChAl","7",9
"TomThumb",2012-12-21,"rain water in cup",NA,"Sminthuridae",3,NA,NA,"not measured","ChAl","7",9
"TomThumb",2012-12-21,"rain water in cup",NA,"Acrididae",1,"TRUE",NA,"not measured","ChAl","8",9
"TomThumb",2012-12-21,"rain water in cup",NA,"Entomobryidae",1,NA,NA,"not measured","ChAl","8",9
"TomThumb",2012-12-21,"rain water in cup",NA,"Hypogastruridae",3,NA,NA,"not measured","ChAl","8",9
"TomThumb",2012-12-21,"rain water in cup",NA,"Isotomidae",2,NA,NA,"not measured","ChAl","8",9
"TomThumb",2012-12-21,"rain water in cup",NA,"Pheidole desertorum",2,NA,NA,"not measured","ChAl","8",9
"TomThumb",2012-12-21,"rain water in cup",NA,"Ptomaphagus",1,NA,NA,"not measured","ChAl","8",9
"TomThumb",2012-12-21,"rain water in cup",NA,"Sminthuridae",2,NA,NA,"not measured","ChAl","8",9
"TomThumb",2012-12-21,"rain water in cup",NA,"Steatoda",1,NA,NA,"not measured","ChAl","8",9
"TomThumb",2012-12-21,"rain water in cup",NA,"Hypogastruridae",3,NA,NA,"not measured","ChAl","9",9
"TomThumb",2012-12-21,"rain water in cup",NA,"Isotomidae",2,NA,NA,"not measured","ChAl","9",9
"TomThumb",2012-12-21,"rain water in cup",NA,"Paratrechina",1,NA,NA,"not measured","ChAl","9",9
"TomThumb",2012-12-21,"rain water in cup",NA,"Pheidole desertorum",1,NA,NA,"not measured","ChAl","9",9
"TomThumb",2012-12-21,"rain water in cup",NA,"Ptomaphagus",1,NA,NA,"not measured","ChAl","9",9
"TomThumb",2012-12-21,"rain water in cup",NA,"Sminthuridae",2,NA,NA,"not measured","ChAl","9",9
"TomThumb",2012-12-21,"No arthropods. Trap was unearthed.","trap_not_collected",NA,NA,NA,NA,NA,NA,"10",9
"TomThumb",2013-03-01,NA,NA,"Opiliones",1,NA,NA,"not measured","ChAl","1",10
"TomThumb",2013-03-01,NA,NA,"Xysticus",1,NA,NA,"not measured","ChAl","1",10
"TomThumb",2013-03-01,NA,NA,"Acari",2,NA,NA,"not measured","ChAl","2",10
"TomThumb",2013-03-01,NA,NA,"Isotomidae",2,NA,NA,"not measured","ChAl","2",10
"TomThumb",2013-03-01,NA,NA,"Corythaica",1,NA,NA,"not measured","ChAl","3",10
"TomThumb",2013-03-01,NA,NA,"Hypogastruridae",1,NA,NA,"not measured","ChAl","3",10
"TomThumb",2013-03-01,NA,NA,"Solenopsis xyloni",1,NA,NA,"not measured","ChAl","3",10
"TomThumb",2013-03-01,NA,NA,"Aphididae",1,NA,NA,"not measured","ChAl","4",10
"TomThumb",2013-03-01,NA,NA,"Erythraeidae",1,NA,NA,"not measured","ChAl","4",10
"TomThumb",2013-03-01,NA,NA,"Solenopsis xyloni",1,NA,NA,"not measured","ChAl","5",10
"TomThumb",2013-03-01,NA,NA,"Termitidae",1,NA,NA,"not measured","ChAl","5",10
"TomThumb",2013-03-01,NA,NA,"Erythraeidae",1,NA,NA,"not measured","ChAl","6",10
"TomThumb",2013-03-01,NA,NA,"Lepidoptera",1,"TRUE",NA,"not measured","ChAl","6",10
"TomThumb",2013-03-01,NA,NA,"Xysticus",1,NA,NA,"not measured","ChAl","6",10
"TomThumb",2013-03-01,"no arthropods","empty_trap",NA,NA,NA,NA,NA,NA,"7",10
"TomThumb",2013-03-01,NA,NA,"Aphididae",1,NA,NA,"not measured","ChAl","8",10
"TomThumb",2013-03-01,NA,NA,"Isotomidae",1,NA,NA,"not measured","ChAl","8",10
"TomThumb",2013-03-01,NA,NA,"Erythraeidae",1,NA,NA,"not measured","ChAl","9",10
"TomThumb",2013-03-01,NA,NA,"Acari",1,NA,NA,"not measured","ChAl","10",10
"TomThumb",2013-03-01,NA,NA,"Cecidomyiidae",1,NA,NA,"not measured","ChAl","10",10
"TomThumb",2013-03-01,NA,NA,"Mycetophilidae",1,NA,NA,"not measured","ChAl","10",10
"TomThumb",2013-03-01,NA,NA,"Psilochorus",1,NA,NA,"not measured","ChAl","10",10
"TomThumb",2013-03-01,NA,NA,"Steatoda",1,NA,NA,"not measured","ChAl","10",10
"TomThumb",2013-04-19,NA,NA,"Acariformes",2,NA,NA,"not measured","ChAl","1",10
"TomThumb",2013-04-19,NA,NA,"Coccinellidae",1,"TRUE",NA,"not measured","ChAl","1",10
"TomThumb",2013-04-19,NA,NA,"Entomobryidae",16,NA,NA,"not measured","ChAl","1",10
"TomThumb",2013-04-19,NA,NA,"Lygaeidae",1,"TRUE",NA,"not measured","ChAl","1",10
"TomThumb",2013-04-19,NA,NA,"Pheidole desertorum",1,NA,NA,"not measured","ChAl","1",10
"TomThumb",2013-04-19,NA,NA,"Solenopsis xyloni",1,NA,NA,"not measured","ChAl","1",10
"TomThumb",2013-04-19,NA,NA,"Acariformes",2,NA,NA,"not measured","ChAl","2",10
"TomThumb",2013-04-19,NA,NA,"Drassyllus",1,NA,NA,"not measured","ChAl","2",10
"TomThumb",2013-04-19,NA,NA,"Entomobryidae",21,NA,NA,"not measured","ChAl","2",10
"TomThumb",2013-04-19,NA,NA,"Pogonomyrmex",1,NA,NA,"not measured","ChAl","2",10
"TomThumb",2013-04-19,NA,NA,"Solenopsis xyloni",1,NA,NA,"not measured","ChAl","2",10
"TomThumb",2013-04-19,NA,NA,"Cononotus",1,NA,NA,"not measured","ChAl","3",10
"TomThumb",2013-04-19,NA,NA,"Mantodea",1,"TRUE",NA,"not measured","ChAl","3",10
"TomThumb",2013-04-19,NA,NA,"Cicadellidae",1,"TRUE",NA,"not measured","ChAl","4",10
"TomThumb",2013-04-19,NA,NA,"Entomobryidae",9,NA,NA,"not measured","ChAl","4",10
"TomThumb",2013-04-19,NA,NA,"Pogonomyrmex rugosus",1,NA,NA,"not measured","ChAl","4",10
"TomThumb",2013-04-19,NA,NA,"Solenopsis xyloni",1,NA,NA,"not measured","ChAl","4",10
"TomThumb",2013-04-19,NA,NA,"Acari",42,NA,NA,"not measured","ChAl","5",10
"TomThumb",2013-04-19,NA,NA,"Acari",1,NA,NA,"not measured","ChAl","6",10
"TomThumb",2013-04-19,NA,NA,"Entomobryidae",3,NA,NA,"not measured","ChAl","6",10
"TomThumb",2013-04-19,NA,NA,"Acari",18,NA,NA,"not measured","ChAl","7",10
"TomThumb",2013-04-19,NA,NA,"Aphididae",2,NA,NA,"not measured","ChAl","7",10
"TomThumb",2013-04-19,NA,NA,"Coccinellidae",1,"TRUE",NA,"not measured","ChAl","7",10
"TomThumb",2013-04-19,NA,NA,"Entomobryidae",6,NA,NA,"not measured","ChAl","7",10
"TomThumb",2013-04-19,NA,NA,"Mutillidae",1,NA,NA,"not measured","ChAl","7",10
"TomThumb",2013-04-19,NA,NA,"Pheidole desertorum",2,NA,NA,"not measured","ChAl","7",10
"TomThumb",2013-04-19,NA,NA,"Pteromalidae",1,NA,NA,"not measured","ChAl","7",10
"TomThumb",2013-04-19,NA,NA,"Cicadellidae",1,"TRUE",NA,"not measured","ChAl","8",10
"TomThumb",2013-04-19,NA,NA,"Entomobryidae",7,NA,NA,"not measured","ChAl","8",10
"TomThumb",2013-04-19,NA,NA,"Psilochorus",2,NA,NA,"not measured","ChAl","8",10
"TomThumb",2013-04-19,NA,NA,"Entomobryidae",2,NA,NA,"not measured","ChAl","9",10
"TomThumb",2013-04-19,NA,NA,"Ceratagallia (Aceratagallia)",1,NA,NA,"not measured","ChAl","10",10
"TomThumb",2013-04-19,NA,NA,"Coccinellidae",2,"TRUE",NA,"not measured","ChAl","10",10
"TomThumb",2013-04-19,NA,NA,"Fanniidae",1,NA,NA,"not measured","ChAl","10",10
"TomThumb",2013-04-19,NA,NA,"Pheidole desertorum",2,NA,NA,"not measured","ChAl","10",10
"TomThumb",2013-08-15,NA,NA,"Anystidae",6,NA,NA,"not measured","ChAl","1",10
"TomThumb",2013-08-15,NA,NA,"Entomobryidae",3,NA,NA,"not measured","ChAl","1",10
"TomThumb",2013-08-15,NA,NA,"Erythraeidae",3,NA,NA,"not measured","ChAl","1",10
"TomThumb",2013-08-15,NA,NA,"Forelius pruinosus",1,NA,NA,"not measured","ChAl","1",10
"TomThumb",2013-08-15,NA,NA,"Meinertellidae",1,NA,NA,"not measured","ChAl","1",10
"TomThumb",2013-08-15,NA,NA,"Pheidole desertorum",8,NA,NA,"not measured","ChAl","1",10
"TomThumb",2013-08-15,NA,NA,"Pheidole sciophila",1,NA,NA,"not measured","ChAl","1",10
"TomThumb",2013-08-15,NA,NA,"Solenopsis xyloni",21,NA,NA,"not measured","ChAl","1",10
"TomThumb",2013-08-15,NA,NA,"Triorophus",1,NA,NA,"between 5 and 10 mm","ChAl","1",10
"TomThumb",2013-08-15,NA,NA,"Vaejovidae",2,NA,NA,"not measured","ChAl","1",10
"TomThumb",2013-08-15,"No arthropods","empty_trap",NA,NA,NA,NA,NA,NA,"2",10
"TomThumb",2013-08-15,NA,NA,"Anystidae",10,NA,NA,"not measured","ChAl","3",10
"TomThumb",2013-08-15,NA,NA,"Emblethis",1,NA,NA,"not measured","ChAl","3",10
"TomThumb",2013-08-15,NA,NA,"Entomobryidae",13,NA,NA,"not measured","ChAl","3",10
"TomThumb",2013-08-15,NA,NA,"Erythraeidae",5,NA,NA,"not measured","ChAl","3",10
"TomThumb",2013-08-15,NA,NA,"Meinertellidae",3,NA,NA,"not measured","ChAl","3",10
"TomThumb",2013-08-15,NA,NA,"Solenopsis xyloni",4,NA,NA,"not measured","ChAl","3",10
"TomThumb",2013-08-15,NA,NA,"Tetramorium",5,NA,NA,"not measured","ChAl","3",10
"TomThumb",2013-08-15,NA,NA,"Erythraeidae",1,NA,NA,"not measured","ChAl","4",10
"TomThumb",2013-08-15,NA,NA,"Meinertellidae",4,NA,NA,"not measured","ChAl","4",10
"TomThumb",2013-08-15,NA,NA,"Pheidole desertorum",1,NA,NA,"not measured","ChAl","4",10
"TomThumb",2013-08-15,NA,NA,"Pogonomyrmex rugosus",3,NA,NA,"not measured","ChAl","4",10
"TomThumb",2013-08-15,NA,NA,"Solenopsis xyloni",3,NA,NA,"not measured","ChAl","4",10
"TomThumb",2013-08-15,NA,NA,"Tetramorium",2,NA,NA,"not measured","ChAl","4",10
"TomThumb",2013-08-15,NA,NA,"Anystidae",1,NA,NA,"not measured","ChAl","5",10
"TomThumb",2013-08-15,NA,NA,"Entomobryidae",5,NA,NA,"not measured","ChAl","5",10
"TomThumb",2013-08-15,NA,NA,"Forelius pruinosus",1,NA,NA,"not measured","ChAl","5",10
"TomThumb",2013-08-15,NA,NA,"Pheidole desertorum",1,NA,NA,"not measured","ChAl","5",10
"TomThumb",2013-08-15,NA,NA,"Solenopsis xyloni",84,NA,NA,"not measured","ChAl","5",10
"TomThumb",2013-08-15,NA,NA,"Termitidae",2,NA,NA,"not measured","ChAl","5",10
"TomThumb",2013-08-15,NA,NA,"Entomobryidae",13,NA,NA,"not measured","ChAl","6",10
"TomThumb",2013-08-15,NA,NA,"Oonopidae",1,NA,NA,"not measured","ChAl","6",10
"TomThumb",2013-08-15,NA,NA,"Pheidole desertorum",1,NA,NA,"not measured","ChAl","6",10
"TomThumb",2013-08-15,NA,NA,"Solenopsis xyloni",1,NA,NA,"not measured","ChAl","6",10
"TomThumb",2013-08-15,NA,NA,"Entomobryidae",1,NA,NA,"not measured","ChAl","7",10
"TomThumb",2013-08-15,NA,NA,"Meinertellidae",1,NA,NA,"not measured","ChAl","7",10
"TomThumb",2013-08-15,NA,NA,"Solenopsis xyloni",2,NA,NA,"not measured","ChAl","7",10
"TomThumb",2013-08-15,NA,NA,"Anystidae",1,NA,NA,"not measured","ChAl","8",10
"TomThumb",2013-08-15,NA,NA,"Entomobryidae",1,NA,NA,"not measured","ChAl","8",10
"TomThumb",2013-08-15,NA,NA,"Meinertellidae",1,NA,NA,"not measured","ChAl","8",10
"TomThumb",2013-08-15,NA,NA,"Solenopsis xyloni",11,NA,NA,"not measured","ChAl","8",10
"TomThumb",2013-08-15,NA,NA,"Tetramorium",1,NA,NA,"not measured","ChAl","8",10
"TomThumb",2013-08-15,NA,NA,"Forelius pruinosus",2,NA,NA,"not measured","ChAl","9",10
"TomThumb",2013-08-15,NA,NA,"Monomorium",1,NA,NA,"not measured","ChAl","9",10
"TomThumb",2013-08-15,NA,NA,"Pheidole desertorum",4,NA,NA,"not measured","ChAl","9",10
"TomThumb",2013-08-15,NA,NA,"Tetramorium",2,NA,NA,"not measured","ChAl","9",10
"TomThumb",2013-08-15,NA,NA,"Thripidae",1,NA,NA,"not measured","ChAl","9",10
"TomThumb",2013-08-15,NA,NA,"Entomobryidae",7,NA,NA,"not measured","ChAl","10",10
"TomThumb",2013-08-15,NA,NA,"Solenopsis xyloni",15,NA,NA,"not measured","ChAl","10",10
"TomThumb",2013-08-15,NA,NA,"Vaejovidae",1,NA,NA,"not measured","ChAl","10",10
"TomThumb",2013-10-21,NA,NA,"Solenopsis xyloni",1,NA,NA,"not measured","ChAl","1",9
"TomThumb",2013-10-21,"no arthropods","empty_trap",NA,NA,NA,NA,NA,NA,"2",9
"TomThumb",2013-10-21,NA,NA,"Bdellidae",1,NA,NA,"not measured","ChAl","3",9
"TomThumb",2013-10-21,NA,NA,"Pheidole desertorum",1,NA,NA,"not measured","ChAl","3",9
"TomThumb",2013-10-21,NA,NA,"Pogonomyrmex rugosus",2,NA,NA,"not measured","ChAl","4",9
"TomThumb",2013-10-21,NA,NA,"Entomobryidae",1,NA,NA,"not measured","ChAl","5",9
"TomThumb",2013-10-21,NA,NA,"Pheidole desertorum",1,NA,NA,"not measured","ChAl","5",9
"TomThumb",2013-10-21,NA,NA,"Bdellidae",1,NA,NA,"not measured","ChAl","6",9
"TomThumb",2013-10-21,NA,NA,"Pheidole desertorum",1,NA,NA,"not measured","ChAl","7",9
"TomThumb",2013-10-21,NA,NA,"Pheidole desertorum",1,NA,NA,"not measured","ChAl","8",9
"TomThumb",2013-10-21,"no arthropods","empty_trap",NA,NA,NA,NA,NA,NA,"9",9
"TomThumb",2013-10-21,NA,"trap_not_collected",NA,NA,NA,NA,NA,NA,"10",9
"TomThumb",2014-02-06,NA,NA,"Glyptina",1,NA,NA,"not measured","MaTs","1",10
"TomThumb",2014-02-06,NA,NA,"Orius",1,NA,NA,"not measured","MaTs","1",10
"TomThumb",2014-02-06,NA,NA,"Pyralidae",2,NA,NA,"not measured","MaTs","1",10
"TomThumb",2014-02-06,NA,NA,"Entomobryidae",2,NA,NA,"not measured","MaTs","2",10
"TomThumb",2014-02-06,NA,NA,"Pheidole desertorum",3,NA,NA,"not measured","MaTs","2",10
"TomThumb",2014-02-06,NA,NA,"Ptomaphagus",2,NA,NA,"not measured","MaTs","2",10
"TomThumb",2014-02-06,NA,NA,"Pyralidae",1,"TRUE",NA,"not measured","MaTs","2",10
"TomThumb",2014-02-06,NA,NA,"Coccoidea",1,NA,NA,"not measured","MaTs","3",10
"TomThumb",2014-02-06,NA,NA,"Pyralidae",1,NA,NA,"not measured","MaTs","4",10
"TomThumb",2014-02-06,NA,NA,"Entomobryidae",8,NA,NA,"not measured","MaTs","5",10
"TomThumb",2014-02-06,NA,NA,"Erythraeoidea",2,NA,NA,"not measured","MaTs","5",10
"TomThumb",2014-02-06,NA,NA,"Entomobryidae",6,NA,NA,"not measured","MaTs","6",10
"TomThumb",2014-02-06,NA,NA,"Entomobryidae",5,NA,NA,"not measured","MaTs","7",10
"TomThumb",2014-02-06,NA,NA,"Termitidae",13,NA,NA,"not measured","MaTs","7",10
"TomThumb",2014-02-06,NA,NA,"Entomobryidae",3,NA,NA,"not measured","MaTs","8",10
"TomThumb",2014-02-06,NA,NA,"Termitidae",10,NA,NA,"not measured","MaTs","8",10
"TomThumb",2014-02-06,NA,NA,"Entomobryidae",3,NA,NA,"not measured","MaTs","9",10
"TomThumb",2014-02-06,NA,NA,"Pheidole desertorum",3,NA,NA,"not measured","MaTs","9",10
"TomThumb",2014-02-06,NA,NA,"Pyralidae",1,NA,NA,"not measured","MaTs","9",10
"TomThumb",2014-02-06,NA,NA,"Zelotes",1,NA,NA,"not measured","MaTs","10",10
"TomThumb",2014-04-18,NA,NA,"Acari",1,NA,NA,"not measured","RoOr","1",10
"TomThumb",2014-04-18,NA,NA,"Entomobryidae",2,NA,NA,"not measured","RoOr","1",10
"TomThumb",2014-04-18,NA,NA,"Entomobryidae",1,NA,NA,"not measured","RoOr","2",10
"TomThumb",2014-04-18,NA,NA,"Erythraeoidea",1,NA,NA,"not measured","RoOr","2",10
"TomThumb",2014-04-18,NA,NA,"Entomobryidae",6,NA,NA,"not measured","RoOr","3",10
"TomThumb",2014-04-18,NA,NA,"Erythraeoidea",1,NA,NA,"not measured","RoOr","3",10
"TomThumb",2014-04-18,NA,NA,"Forelius pruinosus",1,NA,NA,"not measured","RoOr","3",10
"TomThumb",2014-04-18,NA,NA,"Meinertellidae",1,NA,NA,"not measured","RoOr","3",10
"TomThumb",2014-04-18,NA,NA,"Rhaphidophorinae",1,NA,NA,"not measured","RoOr","3",10
"TomThumb",2014-04-18,NA,NA,"Chaetocnema",1,NA,NA,"not measured","RoOr","4",10
"TomThumb",2014-04-18,NA,NA,"Coccoidea",1,NA,NA,"not measured","RoOr","4",10
"TomThumb",2014-04-18,"No Arthropods","empty_trap",NA,NA,NA,NA,NA,NA,"5",10
"TomThumb",2014-04-18,NA,NA,"Araneidae",1,NA,NA,"not measured","RoOr","6",10
"TomThumb",2014-04-18,NA,NA,"Entomobryidae",10,NA,NA,"not measured","RoOr","6",10
"TomThumb",2014-04-18,NA,NA,"Erythraeoidea",8,NA,NA,"not measured","RoOr","6",10
"TomThumb",2014-04-18,NA,NA,"Forelius pruinosus",2,NA,NA,"not measured","RoOr","6",10
"TomThumb",2014-04-18,NA,NA,"Hemiptera",1,NA,NA,"not measured","RoOr","6",10
"TomThumb",2014-04-18,NA,NA,"Meinertellidae",6,NA,NA,"not measured","RoOr","6",10
"TomThumb",2014-04-18,NA,NA,"Sminthuridae",1,NA,NA,"not measured","RoOr","6",10
"TomThumb",2014-04-18,NA,NA,"Anystoidea",1,NA,NA,"not measured","RoOr","7",10
"TomThumb",2014-04-18,NA,NA,"Callilepis",1,NA,NA,"not measured","RoOr","7",10
"TomThumb",2014-04-18,NA,NA,"Cicadellidae",1,"TRUE",NA,"not measured","RoOr","7",10
"TomThumb",2014-04-18,NA,NA,"Entomobryidae",15,NA,NA,"not measured","RoOr","7",10
"TomThumb",2014-04-18,NA,NA,"Lepismatidae",3,NA,NA,"not measured","RoOr","7",10
"TomThumb",2014-04-18,NA,NA,"Meinertellidae",1,NA,NA,"not measured","RoOr","7",10
"TomThumb",2014-04-18,NA,NA,"Oribatida",1,NA,NA,"not measured","RoOr","7",10
"TomThumb",2014-04-18,NA,NA,"Pheidole desertorum",1,NA,NA,"not measured","RoOr","7",10
"TomThumb",2014-04-18,NA,NA,"Psilochorus",1,NA,NA,"not measured","RoOr","7",10
"TomThumb",2014-04-18,NA,NA,"Scelionidae",1,NA,NA,"not measured","RoOr","7",10
"TomThumb",2014-04-18,NA,NA,"Thripidae",1,NA,NA,"not measured","RoOr","7",10
"TomThumb",2014-04-18,NA,NA,"Cicadellidae",1,"TRUE",NA,"not measured","RoOr","8",10
"TomThumb",2014-04-18,NA,NA,"Coccoidea",1,NA,NA,"not measured","RoOr","8",10
"TomThumb",2014-04-18,NA,NA,"Entomobryidae",9,NA,NA,"not measured","RoOr","8",10
"TomThumb",2014-04-18,NA,NA,"Entomobryidae",42,NA,NA,"not measured","RoOr","9",10
"TomThumb",2014-04-18,NA,NA,"Entomobryidae",12,NA,NA,"not measured","RoOr","9",10
"TomThumb",2014-04-18,NA,NA,"Pheidole desertorum",1,NA,NA,"not measured","RoOr","9",10
"TomThumb",2014-04-18,NA,NA,"Solenopsis xyloni",1,NA,NA,"not measured","RoOr","9",10
"TomThumb",2014-04-18,NA,NA,"Collembola",9,NA,NA,"not measured","RoOr","10",10
"TomThumb",2014-04-18,NA,NA,"Erythraeoidea",6,NA,NA,"not measured","RoOr","10",10
"TomThumb",2014-04-18,NA,NA,"Forelius pruinosus",4,NA,NA,"not measured","RoOr","10",10
"TomThumb",2014-04-18,NA,NA,"Lepismatidae",1,NA,NA,"not measured","RoOr","10",10
"TomThumb",2014-04-18,NA,NA,"Solenopsis xyloni",2,NA,NA,"not measured","RoOr","10",10
"TomThumb",2014-08-17,NA,NA,"Anystoidea",2,NA,NA,"not measured","RoOr","1",9
"TomThumb",2014-08-17,NA,NA,"Arenivaga",1,NA,NA,"not measured","RoOr","1",9
"TomThumb",2014-08-17,NA,NA,"Callilepis",1,NA,NA,"not measured","RoOr","1",9
"TomThumb",2014-08-17,NA,NA,"Coccoidea",1,NA,NA,"not measured","RoOr","1",9
"TomThumb",2014-08-17,NA,NA,"Entomobryidae",1,NA,NA,"not measured","RoOr","1",9
"TomThumb",2014-08-17,NA,NA,"Forelius pruinosus",4,NA,NA,"not measured","RoOr","1",9
"TomThumb",2014-08-17,NA,NA,"Meinertellidae",1,NA,NA,"not measured","RoOr","1",9
"TomThumb",2014-08-17,NA,NA,"Microporus",1,NA,NA,"not measured","RoOr","1",9
"TomThumb",2014-08-17,NA,NA,"Pheidole desertorum",4,NA,NA,"not measured","RoOr","1",9
"TomThumb",2014-08-17,"not collected, lizard","trap_not_collected",NA,NA,NA,NA,NA,NA,"2",9
"TomThumb",2014-08-17,NA,NA,"Anystoidea",5,NA,NA,"not measured","RoOr","3",9
"TomThumb",2014-08-17,NA,NA,"Entomobryidae",34,NA,NA,"not measured","RoOr","3",9
"TomThumb",2014-08-17,NA,NA,"Erythraeoidea",3,NA,NA,"not measured","RoOr","3",9
"TomThumb",2014-08-17,NA,NA,"Forelius pruinosus",11,NA,NA,"not measured","RoOr","3",9
"TomThumb",2014-08-17,NA,NA,"Monomorium",1,NA,NA,"not measured","RoOr","3",9
"TomThumb",2014-08-17,NA,NA,"Pheidole desertorum",3,NA,NA,"not measured","RoOr","3",9
"TomThumb",2014-08-17,NA,NA,"Psilochorus",1,NA,NA,"not measured","RoOr","3",9
"TomThumb",2014-08-17,NA,NA,"Steatoda",1,NA,NA,"not measured","RoOr","3",9
"TomThumb",2014-08-17,NA,NA,"Syntomus",1,NA,NA,"not measured","RoOr","3",9
"TomThumb",2014-08-17,NA,NA,"Agroeca",1,NA,NA,"not measured","RoOr","4",9
"TomThumb",2014-08-17,NA,NA,"Anystoidea",3,NA,NA,"not measured","RoOr","4",9
"TomThumb",2014-08-17,NA,NA,"Araeoschizus",1,NA,NA,"between 2 and 5 mm","RoOr","4",9
"TomThumb",2014-08-17,NA,NA,"Entomobryidae",102,NA,NA,"not measured","RoOr","4",9
"TomThumb",2014-08-17,NA,NA,"Erythraeoidea",9,NA,NA,"not measured","RoOr","4",9
"TomThumb",2014-08-17,NA,NA,"Forelius pruinosus",8,NA,NA,"not measured","RoOr","4",9
"TomThumb",2014-08-17,NA,NA,"Meinertellidae",1,NA,NA,"not measured","RoOr","4",9
"TomThumb",2014-08-17,NA,NA,"Microporus",1,NA,NA,"not measured","RoOr","4",9
"TomThumb",2014-08-17,NA,NA,"Pheidole desertorum",2,NA,NA,"not measured","RoOr","4",9
"TomThumb",2014-08-17,NA,NA,"Pogonomyrmex rugosus",302,NA,NA,"not measured","RoOr","4",9
"TomThumb",2014-08-17,NA,NA,"Sminthuridae",2,NA,NA,"not measured","RoOr","4",9
"TomThumb",2014-08-17,NA,NA,"Solenopsis xyloni",4,NA,NA,"not measured","RoOr","4",9
"TomThumb",2014-08-17,NA,NA,"Vaejovidae",1,NA,NA,"not measured","RoOr","4",9
"TomThumb",2014-08-17,NA,NA,"Euryopis",1,NA,NA,"not measured","RoOr","5",9
"TomThumb",2014-08-17,NA,NA,"Forelius pruinosus",2,NA,NA,"not measured","RoOr","5",9
"TomThumb",2014-08-17,NA,NA,"Solenopsis xyloni",1,NA,NA,"not measured","RoOr","5",9
"TomThumb",2014-08-17,NA,NA,"Tetramorium",1,NA,NA,"not measured","RoOr","5",9
"TomThumb",2014-08-17,NA,NA,"Anystoidea",3,NA,NA,"not measured","RoOr","6",9
"TomThumb",2014-08-17,NA,NA,"Caeculidae",2,NA,NA,"not measured","RoOr","6",9
"TomThumb",2014-08-17,NA,NA,"Entomobryidae",1,NA,NA,"not measured","RoOr","6",9
"TomThumb",2014-08-17,NA,NA,"Forelius pruinosus",10,NA,NA,"not measured","RoOr","6",9
"TomThumb",2014-08-17,NA,NA,"Hemiptera",1,"TRUE",NA,"not measured","RoOr","6",9
"TomThumb",2014-08-17,NA,NA,"Mutillidae",1,NA,NA,"not measured","RoOr","6",9
"TomThumb",2014-08-17,NA,NA,"Nocibiotes",1,NA,NA,"between 2 and 5 mm","RoOr","6",9
"TomThumb",2014-08-17,NA,NA,"Pheidole desertorum",2,NA,NA,"not measured","RoOr","6",9
"TomThumb",2014-08-17,NA,NA,"Anystoidea",4,NA,NA,"not measured","RoOr","7",9
"TomThumb",2014-08-17,NA,NA,"Caeculidae",1,NA,NA,"not measured","RoOr","7",9
"TomThumb",2014-08-17,NA,NA,"Entomobryidae",42,NA,NA,"not measured","RoOr","7",9
"TomThumb",2014-08-17,NA,NA,"Erythraeoidea",1,NA,NA,"not measured","RoOr","7",9
"TomThumb",2014-08-17,NA,NA,"Forelius pruinosus",15,NA,NA,"not measured","RoOr","7",9
"TomThumb",2014-08-17,NA,NA,"Lepismatidae",1,NA,NA,"not measured","RoOr","7",9
"TomThumb",2014-08-17,NA,NA,"Meinertellidae",1,NA,NA,"not measured","RoOr","7",9
"TomThumb",2014-08-17,NA,NA,"Pheidole desertorum",1,NA,NA,"not measured","RoOr","7",9
"TomThumb",2014-08-17,NA,NA,"Psilochorus",1,NA,NA,"not measured","RoOr","7",9
"TomThumb",2014-08-17,NA,NA,"Sminthuridae",6,NA,NA,"not measured","RoOr","7",9
"TomThumb",2014-08-17,NA,NA,"Anystoidea",1,NA,NA,"not measured","RoOr","8",9
"TomThumb",2014-08-17,NA,NA,"Bdellidae",1,NA,NA,"not measured","RoOr","8",9
"TomThumb",2014-08-17,NA,NA,"Entomobryidae",14,NA,NA,"not measured","RoOr","8",9
"TomThumb",2014-08-17,NA,NA,"Forelius pruinosus",2,NA,NA,"not measured","RoOr","8",9
"TomThumb",2014-08-17,NA,NA,"Meinertellidae",1,NA,NA,"not measured","RoOr","8",9
"TomThumb",2014-08-17,NA,NA,"Agroeca",1,NA,NA,"not measured","RoOr","9",9
"TomThumb",2014-08-17,NA,NA,"Anystoidea",1,NA,NA,"not measured","RoOr","9",9
"TomThumb",2014-08-17,NA,NA,"Empicoris",1,NA,NA,"not measured","RoOr","9",9
"TomThumb",2014-08-17,NA,NA,"Entomobryidae",33,NA,NA,"not measured","RoOr","9",9
"TomThumb",2014-08-17,NA,NA,"Forelius pruinosus",3,NA,NA,"not measured","RoOr","9",9
"TomThumb",2014-08-17,NA,NA,"Psilochorus",1,NA,NA,"not measured","RoOr","9",9
"TomThumb",2014-08-17,NA,NA,"Solenopsis xyloni",2,NA,NA,"not measured","RoOr","9",9
"TomThumb",2014-08-17,NA,NA,"Caeculidae",1,NA,NA,"not measured","RoOr","10",9
"TomThumb",2014-08-17,NA,NA,"Entomobryidae",32,NA,NA,"not measured","RoOr","10",9
"TomThumb",2014-08-17,NA,NA,"Nocibiotes",1,NA,NA,"not measured","RoOr","10",9
"TomThumb",2014-12-11,NA,NA,"Alopecosa",1,NA,NA,"not measured","AnDe","1",10
"TomThumb",2014-12-11,NA,NA,"Erythraeoidea",2,NA,NA,"not measured","AnDe","1",10
"TomThumb",2014-12-11,NA,NA,"Anystoidea",1,NA,NA,"not measured","AnDe","2",10
"TomThumb",2014-12-11,NA,NA,"Chalcidoidea",1,NA,NA,"not measured","AnDe","2",10
"TomThumb",2014-12-11,NA,NA,"Entomobryidae",2,NA,NA,"not measured","AnDe","2",10
"TomThumb",2014-12-11,NA,NA,"Erythraeoidea",1,NA,NA,"not measured","AnDe","2",10
"TomThumb",2014-12-11,NA,NA,"Erythraeoidea",1,NA,NA,"not measured","DaFl","2",10
"TomThumb",2014-12-11,NA,NA,"Forelius",1,NA,NA,"not measured","AnDe","2",10
"TomThumb",2014-12-11,NA,NA,"Leiodidae",1,NA,NA,"not measured","AnDe","2",10
"TomThumb",2014-12-11,NA,NA,"Scelionidae",1,NA,NA,"not measured","AnDe","2",10
"TomThumb",2014-12-11,NA,NA,"Thripidae",1,NA,NA,"not measured","AnDe","2",10
"TomThumb",2014-12-11,NA,NA,"Xysticus",1,NA,NA,"not measured","AnDe","2",10
"TomThumb",2014-12-11,NA,NA,"Acari",2,NA,NA,"not measured","AnDe","3",10
"TomThumb",2014-12-11,NA,NA,"Bdellidae",1,NA,NA,"not measured","AnDe","3",10
"TomThumb",2014-12-11,NA,NA,"Entomobryidae",1,NA,NA,"not measured","AnDe","3",10
"TomThumb",2014-12-11,NA,NA,"Erythraeoidea",2,NA,NA,"not measured","AnDe","3",10
"TomThumb",2014-12-11,NA,NA,"Acari",1,NA,NA,"not measured","AnDe","4",10
"TomThumb",2014-12-11,NA,NA,"Araneidae",1,NA,NA,"not measured","AnDe","4",10
"TomThumb",2014-12-11,NA,NA,"Entomobryidae",3,NA,NA,"not measured","AnDe","4",10
"TomThumb",2014-12-11,NA,NA,"Formicidae",1,NA,NA,"not measured","AnDe","4",10
"TomThumb",2014-12-11,NA,NA,"Ptomaphagus",2,NA,NA,"not measured","AnDe","4",10
"TomThumb",2014-12-11,NA,NA,"Thripidae",1,NA,NA,"not measured","AnDe","4",10
"TomThumb",2014-12-11,NA,NA,"Acari",2,NA,NA,"not measured","AnDe","5",10
"TomThumb",2014-12-11,NA,NA,"Anystoidea",2,NA,NA,"not measured","AnDe","5",10
"TomThumb",2014-12-11,NA,NA,"Entomobryidae",1,NA,NA,"not measured","AnDe","5",10
"TomThumb",2014-12-11,NA,NA,"Formicidae",1,NA,NA,"not measured","AnDe","5",10
"TomThumb",2014-12-11,NA,NA,"Pheidole",1,NA,NA,"not measured","AnDe","5",10
"TomThumb",2014-12-11,"cracked cup",NA,"Coleoptera",2,NA,NA,"not measured","AnDe","6",10
"TomThumb",2014-12-11,"cracked cup",NA,"Entomobryidae",4,NA,NA,"not measured","AnDe","6",10
"TomThumb",2014-12-11,"cracked cup",NA,"Euryopis",1,NA,NA,"not measured","AnDe","6",10
"TomThumb",2014-12-11,"cracked cup",NA,"Formicidae",1,NA,NA,"not measured","AnDe","6",10
"TomThumb",2014-12-11,"cracked cup",NA,"Hypogastruridae",1,NA,NA,"not measured","AnDe","6",10
"TomThumb",2014-12-11,"cracked cup",NA,"Lepidoptera",1,"TRUE",NA,"not measured","AnDe","6",10
"TomThumb",2014-12-11,"cracked cup",NA,"Lygaeidae",2,"TRUE",NA,"not measured","AnDe","6",10
"TomThumb",2014-12-11,"cracked cup",NA,"Pheidole",2,NA,NA,"not measured","AnDe","6",10
"TomThumb",2014-12-11,NA,NA,"Acari",2,NA,NA,"not measured","AnDe","7",10
"TomThumb",2014-12-11,NA,NA,"Entomobryidae",1,NA,NA,"not measured","AnDe","7",10
"TomThumb",2014-12-11,NA,NA,"Hypogastruridae",36,NA,NA,"not measured","AnDe","7",10
"TomThumb",2014-12-11,NA,NA,"Acari",1,NA,NA,"not measured","AnDe","8",10
"TomThumb",2014-12-11,NA,NA,"Araneidae",1,NA,NA,"not measured","AnDe","8",10
"TomThumb",2014-12-11,NA,NA,"Entomobryidae",2,NA,NA,"not measured","AnDe","8",10
"TomThumb",2014-12-11,NA,NA,"Ptomaphagus",2,NA,NA,"not measured","AnDe","8",10
"TomThumb",2014-12-11,NA,NA,"Scelionidae",2,NA,"TRUE","not measured","AnDe","8",10
"TomThumb",2014-12-11,NA,NA,"Tetramorium",2,NA,NA,"not measured","AnDe","8",10
"TomThumb",2014-12-11,NA,NA,"Coccoidea",2,NA,NA,"not measured","AnDe","9",10
"TomThumb",2014-12-11,NA,NA,"Entomobryidae",2,NA,NA,"not measured","AnDe","9",10
"TomThumb",2014-12-11,NA,NA,"Tetramorium",1,NA,NA,"not measured","AnDe","9",10
"TomThumb",2014-12-11,NA,NA,"Acari",1,NA,NA,"not measured","AnDe","10",10
"TomThumb",2014-12-11,NA,NA,"Formicidae",1,NA,NA,"not measured","AnDe","10",10
"TomThumb",2015-02-05,NA,NA,"Acari",4,NA,NA,"not measured","AnDe","1",10
"TomThumb",2015-02-05,NA,NA,"Chironomidae",1,NA,NA,"not measured","AnDe","1",10
"TomThumb",2015-02-05,NA,NA,"Hypogastruridae",2,NA,NA,"not measured","AnDe","1",10
"TomThumb",2015-02-05,NA,NA,"Phyllotreta",1,NA,NA,"not measured","AnDe","1",10
"TomThumb",2015-02-05,NA,NA,"Psocodea",1,NA,NA,"not measured","AnDe","1",10
"TomThumb",2015-02-05,NA,NA,"Acari",4,NA,NA,"not measured","AnDe","2",10
"TomThumb",2015-02-05,NA,NA,"Entomobryidae",4,NA,NA,"not measured","AnDe","2",10
"TomThumb",2015-02-05,NA,NA,"Ptomaphagus",1,NA,NA,"not measured","AnDe","2",10
"TomThumb",2015-02-05,NA,NA,"Acari",1,NA,NA,"not measured","AnDe","3",10
"TomThumb",2015-02-05,NA,NA,"Anystoidea",1,NA,NA,"not measured","AnDe","3",10
"TomThumb",2015-02-05,NA,NA,"Entomobryidae",8,NA,NA,"not measured","AnDe","3",10
"TomThumb",2015-02-05,NA,NA,"Lepidoptera",1,"TRUE",NA,"not measured","AnDe","3",10
"TomThumb",2015-02-05,NA,NA,"Psilochorus",1,NA,NA,"not measured","AnDe","3",10
"TomThumb",2015-02-05,NA,NA,"Ptomaphagus",1,NA,NA,"not measured","AnDe","3",10
"TomThumb",2015-02-05,NA,NA,"Acari",4,NA,NA,"not measured","AnDe","4",10
"TomThumb",2015-02-05,NA,NA,"Entomobryidae",19,NA,NA,"not measured","AnDe","4",10
"TomThumb",2015-02-05,NA,NA,"Solenopsis",1,NA,NA,"not measured","AnDe","4",10
"TomThumb",2015-02-05,NA,NA,"Anystoidea",4,NA,NA,"not measured","AnDe","5",10
"TomThumb",2015-02-05,NA,NA,"Chalcidoidea",1,NA,"TRUE","not measured","AnDe","5",10
"TomThumb",2015-02-05,NA,NA,"Cicadellidae",1,"TRUE",NA,"not measured","AnDe","5",10
"TomThumb",2015-02-05,NA,NA,"Noctuidae",1,"TRUE",NA,"not measured","AnDe","5",10
"TomThumb",2015-02-05,NA,NA,"Phalangiidae",1,NA,NA,"not measured","AnDe","5",10
"TomThumb",2015-02-05,NA,NA,"Sciaridae",1,NA,NA,"not measured","AnDe","5",10
"TomThumb",2015-02-05,NA,NA,"Thripidae",1,NA,NA,"not measured","AnDe","5",10
"TomThumb",2015-02-05,NA,NA,"Entomobryidae",2,NA,NA,"not measured","AnDe","6",10
"TomThumb",2015-02-05,NA,NA,"Noctuidae",1,"TRUE",NA,"not measured","AnDe","6",10
"TomThumb",2015-02-05,NA,NA,"Entomobryidae",10,NA,NA,"not measured","AnDe","7",10
"TomThumb",2015-02-05,NA,NA,"Erythraeoidea",1,NA,NA,"not measured","AnDe","7",10
"TomThumb",2015-02-05,NA,NA,"Entomobryidae",1,NA,NA,"not measured","AnDe","8",10
"TomThumb",2015-02-05,NA,NA,"Entomobryidae",3,NA,NA,"not measured","AnDe","9",10
"TomThumb",2015-02-05,NA,NA,"Ptomaphagus",1,NA,NA,"not measured","AnDe","9",10
"TomThumb",2015-02-05,NA,NA,"Thomisidae",1,NA,NA,"not measured","AnDe","9",10
"TomThumb",2015-02-05,NA,NA,"Anystoidea",3,NA,NA,"not measured","AnDe","10",10
"TomThumb",2015-02-05,NA,NA,"Entomobryidae",5,NA,NA,"not measured","AnDe","10",10
"TomThumb",2015-02-05,NA,NA,"Isotomidae",2,NA,NA,"not measured","AnDe","10",10
"TomThumb",2015-02-05,NA,NA,"Linyphiidae",1,NA,NA,"not measured","AnDe","10",10
"TomThumb",2015-02-05,NA,NA,"Noctuidae",1,"TRUE",NA,"not measured","AnDe","10",10
"TomThumb",2015-02-05,NA,NA,"Phoridae",1,NA,NA,"not measured","AnDe","10",10
"TomThumb",2015-02-05,NA,NA,"Psocodea",1,NA,NA,"not measured","AnDe","10",10
"TomThumb",2015-03-01,"Empt; suspect this date may have been miscoded and should be 2015-05-01","empty_sampling_event",NA,NA,NA,NA,NA,NA,"3",1
"TomThumb",2015-05-01,NA,NA,"Bdellidae",1,NA,NA,"not measured","DaFl","1",10
"TomThumb",2015-05-01,NA,NA,"Forelius",1,NA,NA,"not measured","DaFl","1",10
"TomThumb",2015-05-01,"Empty","empty_trap",NA,NA,NA,NA,NA,NA,"2",10
"TomThumb",2015-05-01,"Empty","empty_trap",NA,NA,NA,NA,NA,NA,"3",10
"TomThumb",2015-05-01,NA,NA,"Paravaejovis spinigerus",1,NA,NA,"not measured","DaFl","4",10
"TomThumb",2015-05-01,NA,NA,"Pogonomyrmex rugosus",1,NA,NA,"not measured","DaFl","4",10
"TomThumb",2015-05-01,NA,NA,"Forelius",2,NA,NA,"not measured","DaFl","5",10
"TomThumb",2015-05-01,NA,NA,"Syntomus",3,NA,NA,"not measured","DaFl","5",10
"TomThumb",2015-05-01,NA,NA,"Entomobryidae",1,NA,NA,"not measured","DaFl","6",10
"TomThumb",2015-05-01,NA,NA,"Coleoptera",1,"TRUE",NA,"not measured","DaFl","7",10
"TomThumb",2015-05-01,NA,NA,"Nocibiotes",1,NA,NA,"not measured","DaFl","7",10
"TomThumb",2015-05-01,NA,NA,"Paravaejovis spinigerus",1,NA,NA,"not measured","DaFl","7",10
"TomThumb",2015-05-01,NA,NA,"Tetramorium",1,NA,NA,"not measured","DaFl","7",10
"TomThumb",2015-05-01,"Empty","empty_trap",NA,NA,NA,NA,NA,NA,"8",10
"TomThumb",2015-05-01,NA,NA,"Agroeca",1,NA,NA,"not measured","DaFl","9",10
"TomThumb",2015-05-01,NA,NA,"Carabidae",4,NA,NA,"not measured","DaFl","9",10
"TomThumb",2015-05-01,NA,NA,"Entomobryidae",1,NA,NA,"not measured","DaFl","9",10
"TomThumb",2015-05-01,NA,NA,"Gnaphosidae",1,NA,NA,"not measured","DaFl","9",10
"TomThumb",2015-05-01,NA,NA,"Hadrurus arizonensis",1,NA,NA,"greater than 10 mm","DaFl","9",10
"TomThumb",2015-05-01,NA,NA,"Isopoda",1,NA,NA,"not measured","DaFl","9",10
"TomThumb",2015-05-01,NA,NA,"Mecinus",1,NA,NA,"not measured","DaFl","9",10
"TomThumb",2015-05-01,NA,NA,"Mutillidae",2,NA,NA,"not measured","DaFl","9",10
"TomThumb",2015-05-01,NA,NA,"Pogonomyrmex rugosus",8,NA,NA,"not measured","DaFl","9",10
"TomThumb",2015-05-01,NA,NA,"Solenopsis xyloni",4,NA,NA,"not measured","DaFl","9",10
"TomThumb",2015-05-01,NA,NA,"Syntomus",2,NA,NA,"not measured","DaFl","9",10
"TomThumb",2015-05-01,"Empty","empty_trap",NA,NA,NA,NA,NA,NA,"10",10
"TomThumb",2015-11-02,NA,NA,"Entomobryidae",1,NA,NA,"not measured","DaFl","1",10
"TomThumb",2015-11-02,NA,NA,"Erythraeidae",1,NA,NA,"not measured","DaFl","1",10
"TomThumb",2015-11-02,NA,NA,"Anystoidea",1,NA,NA,"not measured","DaFl","2",10
"TomThumb",2015-11-02,NA,NA,"Gryllidae",1,"TRUE",NA,"not measured","DaFl","2",10
"TomThumb",2015-11-02,NA,NA,"Pogonomyrmex",1,NA,NA,"not measured","DaFl","2",10
"TomThumb",2015-11-02,NA,NA,"Acari",1,NA,NA,"not measured","DaFl","3",10
"TomThumb",2015-11-02,NA,NA,"Entomobryidae",1,NA,NA,"not measured","DaFl","3",10
"TomThumb",2015-11-02,NA,NA,"Forelius pruinosus",1,NA,NA,"not measured","DaFl","3",10
"TomThumb",2015-11-02,NA,NA,"Pheidole",26,NA,NA,"not measured","DaFl","3",10
"TomThumb",2015-11-02,NA,NA,"Pogonomyrmex",2,NA,NA,"not measured","DaFl","3",10
"TomThumb",2015-11-02,NA,NA,"Sminthuridae",1,NA,NA,"not measured","DaFl","3",10
"TomThumb",2015-11-02,NA,NA,"Pogonomyrmex",22,NA,NA,"not measured","DaFl","4",10
"TomThumb",2015-11-02,"Empty","empty_trap",NA,NA,NA,NA,NA,NA,"5",10
"TomThumb",2015-11-02,"Empty","empty_trap",NA,NA,NA,NA,NA,NA,"6",10
"TomThumb",2015-11-02,"Empty","empty_trap",NA,NA,NA,NA,NA,NA,"7",10
"TomThumb",2015-11-02,"Empty","empty_trap",NA,NA,NA,NA,NA,NA,"8",10
"TomThumb",2015-11-02,"Carabid was in pieces",NA,"Carabidae",1,NA,NA,"not measured","DaFl","9",10
"TomThumb",2015-11-02,NA,NA,"Agelenidae",1,NA,NA,"not measured","DaFl","10",10
"TomThumb",2015-11-02,NA,NA,"Caeculidae",1,NA,NA,"not measured","DaFl","10",10
"TomThumb",2016-01-21,"Empty","empty_trap",NA,NA,NA,NA,NA,NA,"1",10
"TomThumb",2016-01-21,NA,NA,"Isotomidae",2,NA,NA,"not measured","DaFl","2",10
"TomThumb",2016-01-21,NA,NA,"Isotomidae",1,NA,NA,"not measured","DaFl","3",10
"TomThumb",2016-01-21,"Empty","empty_trap",NA,NA,NA,NA,NA,NA,"4",10
"TomThumb",2016-01-21,NA,NA,"Chaetocnema",1,NA,NA,"not measured","DaFl","5",10
"TomThumb",2016-01-21,NA,NA,"Ptomaphagus",1,NA,NA,"not measured","DaFl","5",10
"TomThumb",2016-01-21,NA,NA,"Isotomidae",1,NA,NA,"not measured","DaFl","6",10
"TomThumb",2016-01-21,NA,NA,"Solenopsis xyloni",1,NA,NA,"not measured","DaFl","6",10
"TomThumb",2016-01-21,NA,NA,"Isotomidae",1,NA,NA,"not measured","DaFl","7",10
"TomThumb",2016-01-21,NA,NA,"Psilochorus",1,NA,NA,"not measured","DaFl","7",10
"TomThumb",2016-01-21,NA,NA,"Zelotes",1,NA,NA,"not measured","DaFl","7",10
"TomThumb",2016-01-21,NA,NA,"Isotomidae",1,NA,NA,"not measured","DaFl","8",10
"TomThumb",2016-01-21,NA,NA,"Bdellidae",1,NA,NA,"not measured","DaFl","9",10
"TomThumb",2016-01-21,NA,NA,"Isotomidae",2,NA,NA,"not measured","DaFl","9",10
"TomThumb",2016-01-21,NA,NA,"Lycosidae",1,NA,NA,"not measured","DaFl","9",10
"TomThumb",2016-01-21,NA,NA,"Opiliones",1,NA,NA,"not measured","DaFl","10",10
"TomThumb",2016-04-22,NA,NA,"Anystoidea",6,NA,NA,"not measured","DaFl","5",4
"TomThumb",2016-04-22,NA,NA,"Coleoptera",1,"TRUE",NA,"not measured","DaFl","5",4
"TomThumb",2016-04-22,NA,NA,"Forelius",1,NA,NA,"not measured","DaFl","5",4
"TomThumb",2016-04-22,NA,NA,"Meinertellidae",6,NA,NA,"not measured","DaFl","5",4
"TomThumb",2016-04-22,NA,NA,"Pheidole desertorum",2,NA,NA,"not measured","DaFl","5",4
"TomThumb",2016-04-22,NA,NA,"Notibius",1,NA,NA,"not measured","DaFl","6",4
"TomThumb",2016-04-22,NA,NA,"Solenopsis xyloni",1,NA,NA,"not measured","DaFl","6",4
"TomThumb",2016-04-22,NA,NA,"Acari",3,NA,NA,"not measured","DaFl","9",4
"TomThumb",2016-04-22,NA,NA,"Camponotus",1,NA,NA,"not measured","DaFl","9",4
"TomThumb",2016-04-22,NA,NA,"Entomobryidae",15,NA,NA,"not measured","DaFl","9",4
"TomThumb",2016-04-22,NA,NA,"Meinertellidae",8,NA,NA,"not measured","DaFl","9",4
"TomThumb",2016-04-22,NA,NA,"Acari",4,NA,NA,"not measured","DaFl","10",4
"TomThumb",2016-04-22,NA,NA,"Aphaenogaster",4,NA,NA,"not measured","DaFl","10",4
"TomThumb",2016-04-22,NA,NA,"Entomobryidae",9,NA,NA,"not measured","DaFl","10",4
"TomThumb",2016-04-22,NA,NA,"Erythraeidae",2,NA,NA,"not measured","DaFl","10",4
"TomThumb",2016-04-22,NA,NA,"Forelius",5,NA,NA,"not measured","DaFl","10",4
"TomThumb",2016-04-22,NA,NA,"Isotomidae",6,NA,NA,"not measured","DaFl","10",4
"TomThumb",2016-04-22,NA,NA,"Meinertellidae",5,NA,NA,"not measured","DaFl","10",4
"TomThumb",2016-07-28,"One other jar was empty, need to review samples to see which (ripped label)",NA,"Anystoidea",2,NA,NA,"not measured","DaFl","1",10
"TomThumb",2016-07-28,"One other jar was empty, need to review samples to see which (ripped label)",NA,"Camponotus",1,NA,NA,"not measured","DaFl","1",10
"TomThumb",2016-07-28,"One other jar was empty, need to review samples to see which (ripped label)",NA,"Paravaejovis spinigerus",1,NA,NA,"not measured","DaFl","1",10
"TomThumb",2016-07-28,"One other jar was empty, need to review samples to see which (ripped label)",NA,"Pheidole desertorum",1,NA,NA,"not measured","DaFl","1",10
"TomThumb",2016-07-28,"One other jar was empty, need to review samples to see which (ripped label)",NA,"Solenopsis xyloni",10,NA,NA,"not measured","DaFl","1",10
"TomThumb",2016-07-28,"One other jar was empty, need to review samples to see which (ripped label)",NA,"Tetramorium",5,NA,NA,"not measured","DaFl","1",10
"TomThumb",2016-07-28,"One other jar was empty, need to review samples to see which (ripped label)",NA,"Triorophus",1,NA,NA,"not measured","DaFl","1",10
"TomThumb",2016-07-28,NA,NA,"Anystoidea",1,NA,NA,"not measured","DaFl","2",10
"TomThumb",2016-07-28,NA,NA,"Caeculidae",2,NA,NA,"not measured","DaFl","2",10
"TomThumb",2016-07-28,NA,NA,"Solenopsis xyloni",2,NA,NA,"not measured","DaFl","2",10
"TomThumb",2016-07-28,NA,NA,"Anystoidea",1,NA,NA,"not measured","DaFl","3",10
"TomThumb",2016-07-28,NA,NA,"Camponotus",1,NA,NA,"not measured","DaFl","3",10
"TomThumb",2016-07-28,NA,NA,"Cicadellidae",1,NA,NA,"not measured","DaFl","3",10
"TomThumb",2016-07-28,NA,NA,"Pheidole desertorum",2,NA,NA,"not measured","DaFl","3",10
"TomThumb",2016-07-28,NA,NA,"Psilochorus",1,NA,NA,"not measured","DaFl","3",10
"TomThumb",2016-07-28,NA,NA,"Solenopsis xyloni",2,NA,NA,"not measured","DaFl","3",10
"TomThumb",2016-07-28,NA,NA,"Araeoschizus",1,NA,NA,"not measured","DaFl","4",10
"TomThumb",2016-07-28,NA,NA,"Lepismatidae",1,NA,NA,"not measured","DaFl","4",10
"TomThumb",2016-07-28,NA,NA,"Meinertellidae",1,NA,NA,"not measured","DaFl","4",10
"TomThumb",2016-07-28,NA,NA,"Pogonomyrmex rugosus",72,NA,NA,"not measured","DaFl","4",10
"TomThumb",2016-07-28,NA,NA,"Solenopsis xyloni",1,NA,NA,"not measured","DaFl","4",10
"TomThumb",2016-07-28,NA,NA,"Forelius mccooki",2,NA,NA,"not measured","DaFl","5",10
"TomThumb",2016-07-28,NA,NA,"Pheidole desertorum",2,NA,NA,"not measured","DaFl","5",10
"TomThumb",2016-07-28,NA,NA,"Pogonomyrmex rugosus",2,NA,NA,"not measured","DaFl","5",10
"TomThumb",2016-07-28,NA,NA,"Solenopsis xyloni",3,NA,NA,"not measured","DaFl","5",10
"TomThumb",2016-07-28,NA,NA,"Oecobius",1,NA,NA,"not measured","DaFl","6",10
"TomThumb",2016-07-28,NA,NA,"Pheidole",1,NA,NA,"not measured","DaFl","6",10
"TomThumb",2016-07-28,NA,NA,"Pheidole desertorum",16,NA,NA,"not measured","DaFl","6",10
"TomThumb",2016-07-28,NA,NA,"Pogonomyrmex rugosus",1,NA,NA,"not measured","DaFl","6",10
"TomThumb",2016-07-28,NA,NA,"Solenopsis xyloni",1,NA,NA,"not measured","DaFl","6",10
"TomThumb",2016-07-28,NA,NA,"Tetramorium",1,NA,NA,"not measured","DaFl","6",10
"TomThumb",2016-07-28,NA,NA,"Anystoidea",1,NA,NA,"not measured","DaFl","7",10
"TomThumb",2016-07-28,NA,NA,"Lepismatidae",2,NA,NA,"not measured","DaFl","7",10
"TomThumb",2016-07-28,NA,NA,"Pheidole desertorum",1,NA,NA,"not measured","DaFl","7",10
"TomThumb",2016-07-28,NA,NA,"Salticidae",1,NA,NA,"not measured","DaFl","7",10
"TomThumb",2016-07-28,NA,NA,"Caeculidae",1,NA,NA,"not measured","DaFl","8",10
"TomThumb",2016-07-28,NA,NA,"Lepismatidae",1,NA,NA,"not measured","DaFl","8",10
"TomThumb",2016-07-28,NA,NA,"Pheidole desertorum",1,NA,NA,"not measured","DaFl","8",10
"TomThumb",2016-07-28,NA,NA,"Pogonomyrmex rugosus",2,NA,NA,"not measured","DaFl","8",10
"TomThumb",2016-07-28,NA,NA,"Solenopsis xyloni",1,NA,NA,"not measured","DaFl","8",10
"TomThumb",2016-07-28,NA,NA,"Anystoidea",1,NA,NA,"not measured","DaFl","9",10
"TomThumb",2016-07-28,NA,NA,"Forelius mccooki",2,NA,NA,"not measured","DaFl","9",10
"TomThumb",2016-07-28,NA,NA,"Pheidole desertorum",1,NA,NA,"not measured","DaFl","9",10
"TomThumb",2016-07-28,NA,NA,"Psilochorus",1,NA,NA,"not measured","DaFl","9",10
"TomThumb",2016-07-28,NA,NA,"Salticidae",2,NA,NA,"not measured","DaFl","9",10
"TomThumb",2016-07-28,NA,NA,"Entomobryidae",1,NA,NA,"not measured","DaFl","10",10
"TomThumb",2016-07-28,NA,NA,"Salticidae",1,NA,NA,"not measured","DaFl","10",10
"TomThumb",2016-07-28,NA,NA,"Tetramorium",3,NA,NA,"not measured","DaFl","10",10
"TomThumb",2016-07-31,"One other jar was empty, need to review samples to see which (ripped label)","empty_trap",NA,NA,NA,NA,NA,NA,"1",6
"TomThumb",2016-07-31,"Empty","empty_trap",NA,NA,NA,NA,NA,NA,"3",6
"TomThumb",2016-07-31,"Empty","empty_trap",NA,NA,NA,NA,NA,NA,"4",6
"TomThumb",2016-07-31,"Empty","empty_trap",NA,NA,NA,NA,NA,NA,"5",6
"TomThumb",2016-07-31,NA,NA,"Anystoidea",2,NA,NA,"not measured","DaFl","8",6
"TomThumb",2016-07-31,NA,NA,"Alopecosa",1,NA,NA,"not measured","DaFl","10",6
"TomThumb",2016-10-28,NA,NA,"Paravaejovis spinigerus",1,NA,NA,"not measured","DaFl","1",10
"TomThumb",2016-10-28,NA,NA,"Solenopsis xyloni",2,NA,NA,"not measured","DaFl","1",10
"TomThumb",2016-10-28,NA,NA,"Dasymutilla",1,NA,NA,"not measured","DaFl","2",10
"TomThumb",2016-10-28,"Empty","empty_trap",NA,NA,NA,NA,NA,NA,"3",10
"TomThumb",2016-10-28,NA,NA,"Pogonomyrmex rugosus",6,NA,NA,"not measured","DaFl","4",10
"TomThumb",2016-10-28,NA,NA,"Nocibiotes",1,NA,NA,"not measured","DaFl","5",10
"TomThumb",2016-10-28,NA,NA,"Pholcidae",1,NA,NA,"not measured","DaFl","5",10
"TomThumb",2016-10-28,NA,NA,"Solenopsis xyloni",2,NA,NA,"not measured","DaFl","5",10
"TomThumb",2016-10-28,NA,NA,"Thomisidae",1,NA,NA,"not measured","DaFl","5",10
"TomThumb",2016-10-28,NA,NA,"Acrididae",1,"TRUE",NA,"not measured","DaFl","6",10
"TomThumb",2016-10-28,NA,NA,"Caeculidae",1,NA,NA,"not measured","DaFl","6",10
"TomThumb",2016-10-28,NA,NA,"Pheidole desertorum",1,NA,NA,"not measured","DaFl","6",10
"TomThumb",2016-10-28,NA,NA,"Erythraeidae",2,NA,NA,"not measured","DaFl","7",10
"TomThumb",2016-10-28,NA,NA,"Chyphotes",2,NA,NA,"not measured","DaFl","8",10
"TomThumb",2016-10-28,NA,NA,"Pogonomyrmex rugosus",1,NA,NA,"not measured","DaFl","8",10
"TomThumb",2016-10-28,NA,NA,"Gnaphosidae",1,NA,NA,"not measured","DaFl","9",10
"TomThumb",2016-10-28,NA,NA,"Solifugae",1,NA,NA,"not measured","DaFl","9",10
"TomThumb",2016-10-28,"Empty","empty_trap",NA,NA,NA,NA,NA,NA,"10",10
"TomThumb",2017-01-27,"Empty","empty_trap",NA,NA,NA,NA,NA,NA,"1",10
"TomThumb",2017-01-27,NA,NA,"Isotomidae",2,NA,NA,"not measured","DaFl","2",10
"TomThumb",2017-01-27,NA,NA,"Opiliones",1,NA,NA,"not measured","DaFl","2",10
"TomThumb",2017-01-27,NA,NA,"Solenopsis xyloni",3,NA,NA,"not measured","DaFl","2",10
"TomThumb",2017-01-27,NA,NA,"Erythraeoidea",1,NA,NA,"not measured","DaFl","3",10
"TomThumb",2017-01-27,NA,NA,"Isotomidae",1,NA,NA,"not measured","DaFl","3",10
"TomThumb",2017-01-27,NA,NA,"Linyphiidae",1,NA,NA,"not measured","DaFl","3",10
"TomThumb",2017-01-27,NA,NA,"Phyllotreta",1,NA,NA,"not measured","DaFl","3",10
"TomThumb",2017-01-27,"Empty","empty_trap",NA,NA,NA,NA,NA,NA,"4",10
"TomThumb",2017-01-27,NA,NA,"Phyllotreta",1,NA,NA,"not measured","DaFl","5",10
"TomThumb",2017-01-27,NA,NA,"Psilochorus",1,NA,NA,"not measured","DaFl","5",10
"TomThumb",2017-01-27,"Empty","empty_trap",NA,NA,NA,NA,NA,NA,"6",10
"TomThumb",2017-01-27,NA,NA,"Gnaphosidae",1,NA,NA,"not measured","DaFl","7",10
"TomThumb",2017-01-27,NA,NA,"Isotomidae",1,NA,NA,"not measured","DaFl","7",10
"TomThumb",2017-01-27,NA,NA,"Psilochorus",1,NA,NA,"not measured","DaFl","8",10
"TomThumb",2017-01-27,NA,NA,"Lycosidae",1,NA,NA,"not measured","DaFl","9",10
"TomThumb",2017-01-27,NA,NA,"Ceraticelus",1,NA,NA,"not measured","DaFl","10",10
"TomThumb",2017-01-27,NA,NA,"Isotomidae",1,NA,NA,"not measured","DaFl","10",10
"TomThumb",2017-01-27,NA,NA,"Phyllotreta",1,NA,NA,"not measured","DaFl","10",10
"TomThumb",2017-01-27,NA,NA,"Sminthuridae",1,NA,NA,"not measured","DaFl","10",10
"TomThumb",2017-04-21,NA,NA,"Hadrurus arizonensis",1,NA,NA,"not measured","DaFl","1",10
"TomThumb",2017-04-21,NA,NA,"Tetramorium",5,NA,NA,"not measured","DaFl","1",10
"TomThumb",2017-04-21,NA,NA,"Erythraeidae",1,NA,NA,"not measured","DaFl","2",10
"TomThumb",2017-04-21,NA,NA,"Gryllidae",1,"TRUE",NA,"not measured","DaFl","2",10
"TomThumb",2017-04-21,NA,NA,"Erythraeidae",3,NA,NA,"not measured","DaFl","3",10
"TomThumb",2017-04-21,NA,NA,"Meinertellidae",2,NA,NA,"not measured","DaFl","3",10
"TomThumb",2017-04-21,NA,NA,"Nocibiotes",1,NA,NA,"not measured","DaFl","3",10
"TomThumb",2017-04-21,NA,NA,"Xysticus",1,NA,NA,"not measured","DaFl","3",10
"TomThumb",2017-04-21,NA,NA,"Aleyrodidae",1,NA,NA,"not measured","DaFl","4",10
"TomThumb",2017-04-21,NA,NA,"Erythraeidae",3,NA,NA,"not measured","DaFl","4",10
"TomThumb",2017-04-21,NA,NA,"Hemiptera",1,"TRUE",NA,"not measured","DaFl","4",10
"TomThumb",2017-04-21,NA,NA,"Meinertellidae",1,NA,NA,"not measured","DaFl","4",10
"TomThumb",2017-04-21,NA,NA,"Pheidole",1,NA,NA,"not measured","DaFl","4",10
"TomThumb",2017-04-21,NA,NA,"Dacoderus",1,NA,NA,"not measured","DaFl","5",10
"TomThumb",2017-04-21,NA,NA,"Gnaphosidae",1,NA,NA,"not measured","DaFl","5",10
"TomThumb",2017-04-21,NA,NA,"Pheidole desertorum",1,NA,NA,"not measured","DaFl","5",10
"TomThumb",2017-04-21,NA,NA,"Erythraeidae",3,NA,NA,"less than 2 mm","TaJo","6",10
"TomThumb",2017-04-21,NA,NA,"Pholcidae",1,NA,NA,"not measured","DaFl","6",10
"TomThumb",2017-04-21,NA,NA,"Tetramorium",1,NA,NA,"not measured","DaFl","6",10
"TomThumb",2017-04-21,NA,NA,"Carabidae",2,NA,NA,"not measured","DaFl","7",10
"TomThumb",2017-04-21,NA,NA,"Erythraeidae",5,NA,NA,"not measured","DaFl","7",10
"TomThumb",2017-04-21,NA,NA,"Meinertellidae",9,NA,NA,"not measured","DaFl","7",10
"TomThumb",2017-04-21,NA,NA,"Steatoda",1,NA,NA,"not measured","DaFl","7",10
"TomThumb",2017-04-21,NA,NA,"Anystoidea",4,NA,NA,"not measured","DaFl","8",10
"TomThumb",2017-04-21,NA,NA,"Carabidae",1,NA,NA,"not measured","DaFl","8",10
"TomThumb",2017-04-21,NA,NA,"Meinertellidae",3,NA,NA,"not measured","DaFl","8",10
"TomThumb",2017-04-21,NA,NA,"Pheidole",1,NA,NA,"not measured","DaFl","8",10
"TomThumb",2017-04-21,NA,NA,"Solenopsis",1,NA,NA,"not measured","DaFl","8",10
"TomThumb",2017-04-21,NA,NA,"Tenebrionidae",1,NA,NA,"not measured","DaFl","8",10
"TomThumb",2017-04-21,NA,NA,"Caeculidae",1,NA,NA,"less than 2 mm","TaJo","9",10
"TomThumb",2017-04-21,NA,NA,"Chyphotes",2,NA,NA,"not measured","DaFl","9",10
"TomThumb",2017-04-21,NA,NA,"Pheidole desertorum",2,NA,NA,"not measured","DaFl","9",10
"TomThumb",2017-04-21,NA,NA,"Termitidae",1,NA,NA,"not measured","DaFl","9",10
"TomThumb",2017-04-21,NA,NA,"Tetramorium",1,NA,NA,"not measured","DaFl","9",10
"TomThumb",2017-04-21,NA,NA,"Hadrurus arizonensis",1,NA,NA,"not measured","DaFl","10",10
"TomThumb",2017-10-20,"not collected","trap_not_collected",NA,NA,NA,NA,NA,NA,"1",6
"TomThumb",2017-10-20,NA,NA,"Mutillidae",1,NA,NA,"not measured","DaFl","2",6
"TomThumb",2017-10-20,NA,NA,"Paravaejovis spinigerus",1,NA,NA,"not measured","DaFl","2",6
"TomThumb",2017-10-20,NA,NA,"Pheidole",5,NA,NA,"not measured","DaFl","2",6
"TomThumb",2017-10-20,NA,NA,"Pogonomyrmex rugosus",1,NA,NA,"not measured","DaFl","2",6
"TomThumb",2017-10-20,NA,NA,"Solenopsis xyloni",1,NA,NA,"not measured","DaFl","2",6
"TomThumb",2017-10-20,NA,NA,"Ammotrechidae",1,NA,NA,"not measured","DaFl","3",6
"TomThumb",2017-10-20,NA,NA,"Tetramorium",1,NA,NA,"not measured","DaFl","3",6
"TomThumb",2017-10-20,NA,NA,"Erythraeidae",2,NA,NA,"not measured","DaFl","4",6
"TomThumb",2017-10-20,NA,NA,"Meinertellidae",1,NA,NA,"not measured","DaFl","4",6
"TomThumb",2017-10-20,NA,NA,"Pheidole",8,NA,NA,"not measured","DaFl","4",6
"TomThumb",2017-10-20,NA,NA,"Pogonomyrmex rugosus",3,NA,NA,"not measured","DaFl","4",6
"TomThumb",2017-10-20,NA,NA,"Tetramorium",1,NA,NA,"not measured","DaFl","4",6
"TomThumb",2017-10-20,NA,NA,"Theridiidae",1,NA,NA,"not measured","DaFl","4",6
"TomThumb",2017-10-20,NA,NA,"Pheidole",1,NA,NA,"not measured","DaFl","7",6
"TomThumb",2017-10-20,NA,NA,"Solenopsis xyloni",1,NA,NA,"not measured","DaFl","7",6
"TomThumb",2017-10-20,NA,NA,"Chyphotes",1,NA,NA,"not measured","DaFl","8",6
"TomThumb",2017-10-20,NA,NA,"Erythraeidae",1,NA,NA,"not measured","DaFl","8",6
"TomThumb",2017-10-20,NA,NA,"Erythraeidae",1,NA,NA,"not measured","DaFl","8",6
"TomThumb",2017-10-20,NA,NA,"Forelius pruinosus",1,NA,NA,"not measured","DaFl","8",6
"TomThumb",2017-10-20,NA,NA,"Pheidole",2,NA,NA,"not measured","DaFl","8",6
"TomThumb",2017-10-20,"Empty","empty_trap",NA,NA,NA,NA,NA,NA,"10",6
"TomThumb",2018-01-19,NA,NA,"Solenopsis xyloni",3,NA,NA,"not measured","DaFl","1",10
"TomThumb",2018-01-19,NA,NA,"Lycosidae",1,NA,NA,"not measured","DaFl","2",10
"TomThumb",2018-01-19,NA,NA,"Linyphiidae",1,NA,NA,"not measured","DaFl","3",10
"TomThumb",2018-01-19,NA,NA,"Termitidae",1,NA,NA,"not measured","DaFl","4",10
"TomThumb",2018-01-19,"Empty","empty_trap",NA,NA,NA,NA,NA,NA,"5",10
"TomThumb",2018-01-19,NA,NA,"Cicadellidae",1,NA,NA,"not measured","DaFl","6",10
"TomThumb",2018-01-19,NA,NA,"Entomobryidae",1,NA,NA,"not measured","DaFl","7",10
"TomThumb",2018-01-19,"Empty","empty_trap",NA,NA,NA,NA,NA,NA,"8",10
"TomThumb",2018-01-19,"Empty","empty_trap",NA,NA,NA,NA,NA,NA,"9",10
"TomThumb",2018-01-19,NA,NA,"Solenopsis xyloni",1,NA,NA,"not measured","DaFl","10",10
"TomThumb",2018-04-27,NA,NA,"Meinertellidae",1,NA,NA,"not measured","DaFl","1",10
"TomThumb",2018-04-27,NA,NA,"Nocibiotes",1,NA,NA,"not measured","DaFl","2",10
"TomThumb",2018-04-27,NA,NA,"Pheidole desertorum",4,NA,NA,"not measured","DaFl","2",10
"TomThumb",2018-04-27,NA,NA,"Steriphanus",1,NA,NA,"not measured","DaFl","2",10
"TomThumb",2018-04-27,NA,NA,"Meinertellidae",1,NA,NA,"not measured","DaFl","3",10
"TomThumb",2018-04-27,NA,NA,"Psocodea",1,"TRUE",NA,"not measured","DaFl","3",10
"TomThumb",2018-04-27,NA,NA,"Tetramorium",1,NA,NA,"not measured","DaFl","3",10
"TomThumb",2018-04-27,NA,NA,"Thomisidae",1,NA,NA,"not measured","DaFl","3",10
"TomThumb",2018-04-27,NA,NA,"Pheidole desertorum",1,NA,NA,"not measured","DaFl","4",10
"TomThumb",2018-04-27,"Empty","empty_trap",NA,NA,NA,NA,NA,NA,"5",10
"TomThumb",2018-04-27,"Empty","empty_trap",NA,NA,NA,NA,NA,NA,"6",10
"TomThumb",2018-04-27,NA,NA,"Anystidae",2,NA,NA,"not measured","DaFl","7",10
"TomThumb",2018-04-27,NA,NA,"Dacoderus",1,NA,NA,"not measured","DaFl","7",10
"TomThumb",2018-04-27,NA,NA,"Erythraeidae",1,NA,NA,"not measured","DaFl","7",10
"TomThumb",2018-04-27,NA,NA,"Meinertellidae",5,NA,NA,"not measured","DaFl","7",10
"TomThumb",2018-04-27,NA,NA,"Theridiidae",2,NA,NA,"not measured","DaFl","7",10
"TomThumb",2018-04-27,NA,NA,"Entomobryidae",1,NA,NA,"not measured","DaFl","8",10
"TomThumb",2018-04-27,NA,NA,"Meinertellidae",1,NA,NA,"not measured","DaFl","8",10
"TomThumb",2018-04-27,NA,NA,"Anystidae",2,NA,NA,"not measured","DaFl","9",10
"TomThumb",2018-04-27,NA,NA,"Entomobryidae",1,NA,NA,"not measured","DaFl","9",10
"TomThumb",2018-04-27,NA,NA,"Meinertellidae",3,NA,NA,"not measured","DaFl","9",10
"TomThumb",2018-04-27,NA,NA,"Tetramorium",2,NA,NA,"not measured","DaFl","9",10
"TomThumb",2018-04-27,NA,NA,"Erythraeidae",1,NA,NA,"not measured","DaFl","10",10
"TomThumb",2018-10-28,NA,NA,"Erythraeidae",9,NA,NA,"less than 2 mm","DaFl","1",10
"TomThumb",2018-10-28,NA,NA,"Isotomidae",1,NA,NA,"less than 2 mm","DaFl","1",10
"TomThumb",2018-10-28,NA,NA,"Phoridae",1,NA,NA,"not measured","DaFl","1",10
"TomThumb",2018-10-28,NA,NA,"Ptomaphagus",1,NA,NA,"not measured","DaFl","1",10
"TomThumb",2018-10-28,NA,NA,"Solenopsis xyloni",2,NA,NA,"not measured","DaFl","1",10
"TomThumb",2018-10-28,NA,NA,"Bdellidae",2,NA,NA,"not measured","DaFl","2",10
"TomThumb",2018-10-28,NA,NA,"Erythraeidae",12,NA,NA,"not measured","DaFl","2",10
"TomThumb",2018-10-28,NA,NA,"Hypogastruridae",2,NA,NA,"less than 2 mm","DaFl","2",10
"TomThumb",2018-10-28,NA,NA,"Rhopalidae",1,NA,NA,"not measured","DaFl","2",10
"TomThumb",2018-10-28,NA,NA,"Sminthuridae",1,NA,NA,"less than 2 mm","DaFl","2",10
"TomThumb",2018-10-28,NA,NA,"Solenopsis xyloni",1,NA,NA,"not measured","DaFl","2",10
"TomThumb",2018-10-28,NA,NA,"Collembola",1,NA,NA,"less than 2 mm","DaFl","3",10
"TomThumb",2018-10-28,NA,NA,"Hypogastruridae",1,NA,NA,"less than 2 mm","DaFl","3",10
"TomThumb",2018-10-28,NA,NA,"Isopoda",1,NA,NA,"not measured","DaFl","3",10
"TomThumb",2018-10-28,NA,NA,"Scolopendridae",1,NA,NA,"not measured","DaFl","3",10
"TomThumb",2018-10-28,NA,NA,"Sminthuridae",2,NA,NA,"less than 2 mm","DaFl","3",10
"TomThumb",2018-10-28,NA,NA,"Solenopsis xyloni",1,NA,NA,"not measured","DaFl","3",10
"TomThumb",2018-10-28,NA,NA,"Tetramorium hispidum",1,NA,NA,"not measured","DaFl","3",10
"TomThumb",2018-10-28,NA,NA,"Chloropidae",1,NA,NA,"not measured","DaFl","4",10
"TomThumb",2018-10-28,NA,NA,"Collembola",2,NA,NA,"less than 2 mm","DaFl","4",10
"TomThumb",2018-10-28,NA,NA,"Hypogastruridae",1,"TRUE",NA,"less than 2 mm","DaFl","4",10
"TomThumb",2018-10-28,NA,NA,"Hypogastruridae",2,NA,NA,"less than 2 mm","DaFl","4",10
"TomThumb",2018-10-28,NA,NA,"Oribatida",1,NA,NA,"less than 2 mm","DaFl","4",10
"TomThumb",2018-10-28,NA,NA,"Pogonomyrmex rugosus",344,NA,NA,"not measured","DaFl","4",10
"TomThumb",2018-10-28,NA,NA,"Termitidae",1,NA,NA,"not measured","DaFl","4",10
"TomThumb",2018-10-28,NA,NA,"Collembola",1,NA,NA,"less than 2 mm","DaFl","5",10
"TomThumb",2018-10-28,NA,NA,"Entomobryidae",1,NA,NA,"less than 2 mm","DaFl","5",10
"TomThumb",2018-10-28,NA,NA,"Erythraeidae",1,NA,NA,"not measured","DaFl","5",10
"TomThumb",2018-10-28,NA,NA,"Sminthuridae",1,NA,NA,"less than 2 mm","DaFl","5",10
"TomThumb",2018-10-28,NA,NA,"Solenopsis xyloni",1,NA,NA,"not measured","DaFl","5",10
"TomThumb",2018-10-28,NA,NA,"Araeoschizus",1,NA,NA,"not measured","DaFl","6",10
"TomThumb",2018-10-28,NA,NA,"Caeculidae",2,NA,NA,"less than 2 mm","DaFl","6",10
"TomThumb",2018-10-28,NA,NA,"Hemiptera",1,"TRUE",NA,"not measured","DaFl","6",10
"TomThumb",2018-10-28,NA,NA,"Oribatida",3,NA,NA,"less than 2 mm","DaFl","6",10
"TomThumb",2018-10-28,NA,NA,"Solenopsis xyloni",7,NA,NA,"not measured","DaFl","6",10
"TomThumb",2018-10-28,NA,NA,"Entomobryidae",1,NA,NA,"less than 2 mm","DaFl","7",10
"TomThumb",2018-10-28,NA,NA,"Hypogastruridae",1,NA,NA,"less than 2 mm","DaFl","7",10
"TomThumb",2018-10-28,NA,NA,"Isotomidae",1,NA,NA,"less than 2 mm","DaFl","7",10
"TomThumb",2018-10-28,NA,NA,"Pheidole",2,NA,NA,"not measured","DaFl","7",10
"TomThumb",2018-10-28,NA,NA,"Linyphiidae",1,NA,NA,"not measured","DaFl","8",10
"TomThumb",2018-10-28,NA,NA,"Pheidole",1,NA,NA,"not measured","DaFl","8",10
"TomThumb",2018-10-28,NA,NA,"Sminthuridae",3,NA,NA,"less than 2 mm","DaFl","8",10
"TomThumb",2018-10-28,NA,NA,"Solenopsis xyloni",1,NA,NA,"not measured","DaFl","8",10
"TomThumb",2018-10-28,NA,NA,"Isotomidae",1,NA,NA,"less than 2 mm","DaFl","9",10
"TomThumb",2018-10-28,NA,NA,"Oribatida",4,NA,NA,"less than 2 mm","DaFl","9",10
"TomThumb",2018-10-28,NA,NA,"Erythraeidae",5,NA,NA,"not measured","DaFl","10",10
"TomThumb",2018-10-28,NA,NA,"Pheidole",1,NA,NA,"not measured","DaFl","10",10
"TomThumb",2018-10-28,NA,NA,"Sminthuridae",6,NA,NA,"less than 2 mm","DaFl","10",10
"TomThumb",2019-01-20,NA,NA,"Erythraeidae",2,NA,NA,"less than 2 mm","GaRi","1",10
"TomThumb",2019-01-20,NA,NA,"Solenopsis xyloni",1,NA,NA,"not measured","DaFl","1",10
"TomThumb",2019-01-20,NA,NA,"Aphididae",1,NA,NA,"not measured","DaFl","2",10
"TomThumb",2019-01-20,NA,NA,"Entomobryidae",3,NA,NA,"less than 2 mm","GaRi","2",10
"TomThumb",2019-01-20,NA,NA,"Erythraeoidea",48,NA,NA,"less than 2 mm","GaRi","2",10
"TomThumb",2019-01-20,NA,NA,"Glyptina",1,NA,NA,"not measured","DaFl","2",10
"TomThumb",2019-01-20,NA,NA,"Sminthuridae",2,NA,NA,"less than 2 mm","GaRi","2",10
"TomThumb",2019-01-20,NA,NA,"Solenopsis xyloni",3,NA,NA,"not measured","DaFl","2",10
"TomThumb",2019-01-20,NA,NA,"Tennesseellum",1,NA,NA,"not measured","DaFl","2",10
"TomThumb",2019-01-20,NA,NA,"Erythraeidae",7,NA,NA,"less than 2 mm","GaRi","3",10
"TomThumb",2019-01-20,NA,NA,"Pheidole",1,NA,NA,"not measured","DaFl","3",10
"TomThumb",2019-01-20,NA,NA,"Ptomaphagus",1,NA,NA,"not measured","DaFl","3",10
"TomThumb",2019-01-20,NA,NA,"Solenopsis xyloni",15,NA,NA,"not measured","DaFl","3",10
"TomThumb",2019-01-20,NA,NA,"Aphididae",1,NA,NA,"not measured","DaFl","4",10
"TomThumb",2019-01-20,NA,NA,"Bdellidae",1,NA,NA,"less than 2 mm","GaRi","4",10
"TomThumb",2019-01-20,NA,NA,"Erythraeoidea",53,NA,NA,"less than 2 mm","GaRi","4",10
"TomThumb",2019-01-20,NA,NA,"Hypogastruridae",11,NA,NA,"less than 2 mm","GaRi","4",10
"TomThumb",2019-01-20,NA,NA,"Mecinus",1,NA,NA,"not measured","DaFl","4",10
"TomThumb",2019-01-20,NA,NA,"Pheidole",1,NA,NA,"not measured","DaFl","4",10
"TomThumb",2019-01-20,NA,NA,"Pogonomyrmex rugosus",1,NA,NA,"not measured","DaFl","4",10
"TomThumb",2019-01-20,NA,NA,"Ptomaphagus",1,NA,NA,"not measured","DaFl","4",10
"TomThumb",2019-01-20,NA,NA,"Solenopsis xyloni",4,NA,NA,"not measured","DaFl","4",10
"TomThumb",2019-01-20,NA,NA,"Tennesseellum",1,NA,NA,"not measured","DaFl","4",10
"TomThumb",2019-01-20,NA,NA,"Entomobryidae",3,NA,NA,"less than 2 mm","GaRi","5",10
"TomThumb",2019-01-20,NA,NA,"Erythraeoidea",72,NA,NA,"less than 2 mm","GaRi","5",10
"TomThumb",2019-01-20,NA,NA,"Solenopsis xyloni",1,NA,NA,"not measured","DaFl","5",10
"TomThumb",2019-01-20,NA,NA,"Chalcidoidea",1,NA,NA,"not measured","DaFl","6",10
"TomThumb",2019-01-20,NA,NA,"Chrysomelidae",1,NA,NA,"not measured","DaFl","6",10
"TomThumb",2019-01-20,NA,NA,"Coleoptera",1,"TRUE",NA,"not measured","DaFl","6",10
"TomThumb",2019-01-20,NA,NA,"Entomobryidae",1,NA,NA,"less than 2 mm","GaRi","6",10
"TomThumb",2019-01-20,NA,NA,"Erythraeidae",47,NA,NA,"less than 2 mm","GaRi","6",10
"TomThumb",2019-01-20,NA,NA,"Oribatida",1,NA,NA,"less than 2 mm","GaRi","6",10
"TomThumb",2019-01-20,NA,NA,"Pheidole",2,NA,NA,"not measured","DaFl","6",10
"TomThumb",2019-01-20,NA,NA,"Phoridae",1,NA,NA,"not measured","DaFl","6",10
"TomThumb",2019-01-20,NA,NA,"Ptomaphagus",1,NA,NA,"not measured","DaFl","6",10
"TomThumb",2019-01-20,NA,NA,"Solenopsis xyloni",1,NA,NA,"not measured","DaFl","6",10
"TomThumb",2019-01-20,NA,NA,"Termitidae",8,NA,NA,"not measured","DaFl","6",10
"TomThumb",2019-01-20,NA,NA,"Thripidae",1,NA,NA,"not measured","DaFl","6",10
"TomThumb",2019-01-20,NA,NA,"Ebo",1,NA,NA,"not measured","DaFl","7",10
"TomThumb",2019-01-20,NA,NA,"Emblethis",2,NA,NA,"not measured","DaFl","7",10
"TomThumb",2019-01-20,NA,NA,"Entomobryidae",3,NA,NA,"less than 2 mm","GaRi","7",10
"TomThumb",2019-01-20,NA,NA,"Erythraeoidea",21,NA,NA,"less than 2 mm","GaRi","7",10
"TomThumb",2019-01-20,NA,NA,"Hemiptera",1,NA,NA,"not measured","DaFl","7",10
"TomThumb",2019-01-20,NA,NA,"Miridae",1,NA,NA,"not measured","DaFl","7",10
"TomThumb",2019-01-20,NA,NA,"Psilochorus",1,NA,NA,"not measured","DaFl","7",10
"TomThumb",2019-01-20,NA,NA,"Sminthuridae",1,NA,NA,"less than 2 mm","GaRi","7",10
"TomThumb",2019-01-20,NA,NA,"Solenopsis xyloni",2,NA,NA,"not measured","DaFl","7",10
"TomThumb",2019-01-20,NA,NA,"Trombidioidea",1,NA,NA,"less than 2 mm","GaRi","7",10
"TomThumb",2019-01-20,NA,NA,"Aleyrodidae",1,NA,NA,"not measured","DaFl","8",10
"TomThumb",2019-01-20,NA,NA,"Aphididae",1,NA,NA,"not measured","DaFl","8",10
"TomThumb",2019-01-20,NA,NA,"Erythraeidae",22,NA,NA,"less than 2 mm","GaRi","8",10
"TomThumb",2019-01-20,NA,NA,"Glyptina",1,NA,NA,"not measured","DaFl","8",10
"TomThumb",2019-01-20,NA,NA,"Lepidoptera",1,"TRUE",NA,"not measured","DaFl","8",10
"TomThumb",2019-01-20,NA,NA,"Lygaeidae",1,NA,NA,"not measured","DaFl","8",10
"TomThumb",2019-01-20,NA,NA,"Miridae",1,NA,NA,"not measured","DaFl","8",10
"TomThumb",2019-01-20,NA,NA,"Solenopsis xyloni",2,NA,NA,"not measured","DaFl","8",10
"TomThumb",2019-01-20,NA,NA,"Anystidae",1,NA,NA,"less than 2 mm","GaRi","9",10
"TomThumb",2019-01-20,NA,NA,"Entomobryidae",2,NA,NA,"less than 2 mm","GaRi","9",10
"TomThumb",2019-01-20,NA,NA,"Erythraeidae",12,NA,NA,"less than 2 mm","GaRi","9",10
"TomThumb",2019-01-20,NA,NA,"Glyptina",1,NA,NA,"not measured","DaFl","9",10
"TomThumb",2019-01-20,NA,NA,"Sminthuridae",1,NA,NA,"less than 2 mm","GaRi","9",10
"TomThumb",2019-01-20,NA,NA,"Solenopsis xyloni",1,NA,NA,"not measured","DaFl","9",10
"TomThumb",2019-01-20,NA,NA,"Steatoda",1,NA,NA,"not measured","DaFl","9",10
"TomThumb",2019-01-20,NA,NA,"Theridiidae",1,NA,NA,"not measured","DaFl","9",10
"TomThumb",2019-01-20,NA,NA,"Cicadellidae",1,"TRUE",NA,"not measured","DaFl","10",10
"TomThumb",2019-01-20,NA,NA,"Entomobryidae",5,NA,NA,"less than 2 mm","GaRi","10",10
"TomThumb",2019-01-20,NA,NA,"Erythraeidae",16,NA,NA,"less than 2 mm","GaRi","10",10
"TomThumb",2019-01-20,NA,NA,"Hypogastruridae",2,NA,NA,"less than 2 mm","GaRi","10",10
"TomThumb",2019-01-20,NA,NA,"Psilochorus",1,NA,NA,"not measured","DaFl","10",10
"TomThumb",2019-01-20,NA,NA,"Sminthuridae",1,NA,NA,"less than 2 mm","GaRi","10",10
"TomThumb",2019-04-23,NA,NA,"Cicadellidae",2,NA,NA,"not measured","DaFl","1",10
"TomThumb",2019-04-23,NA,NA,"Entomobryidae",2,NA,NA,"less than 2 mm","GaRi","1",10
"TomThumb",2019-04-23,NA,NA,"Erythraeidae",10,NA,NA,"less than 2 mm","GaRi","1",10
"TomThumb",2019-04-23,NA,NA,"Psilochorus",1,NA,NA,"not measured","DaFl","1",10
"TomThumb",2019-04-23,NA,NA,"Tetramorium",1,NA,NA,"not measured","DaFl","1",10
"TomThumb",2019-04-23,NA,NA,"Entomobryidae",11,NA,NA,"less than 2 mm","GaRi","2",10
"TomThumb",2019-04-23,NA,NA,"Erythraeidae",8,NA,NA,"less than 2 mm","GaRi","2",10
"TomThumb",2019-04-23,NA,NA,"Largus",1,NA,NA,"not measured","DaFl","2",10
"TomThumb",2019-04-23,NA,NA,"Lepidoptera",1,"TRUE",NA,"not measured","DaFl","2",10
"TomThumb",2019-04-23,NA,NA,"Oribatida",1,NA,NA,"less than 2 mm","GaRi","2",10
"TomThumb",2019-04-23,NA,NA,"Solenopsis xyloni",1,NA,NA,"not measured","DaFl","2",10
"TomThumb",2019-04-23,NA,NA,"Zelotes",1,NA,NA,"not measured","DaFl","2",10
"TomThumb",2019-04-23,NA,NA,"Anystidae",1,NA,NA,"less than 2 mm","GaRi","3",10
"TomThumb",2019-04-23,NA,NA,"Entomobryidae",1,NA,NA,"less than 2 mm","GaRi","3",10
"TomThumb",2019-04-23,NA,NA,"Erythraeidae",23,NA,NA,"less than 2 mm","GaRi","3",10
"TomThumb",2019-04-23,NA,NA,"Hemiptera",2,"TRUE",NA,"not measured","DaFl","3",10
"TomThumb",2019-04-23,NA,NA,"Pogonomyrmex rugosus",1,NA,NA,"not measured","DaFl","3",10
"TomThumb",2019-04-23,NA,NA,"Solenopsis xyloni",1,NA,NA,"not measured","DaFl","3",10
"TomThumb",2019-04-23,"Catapillar removed.",NA,"Apiomerus",1,NA,NA,"not measured","DaFl","4",10
"TomThumb",2019-04-23,"Catapillar removed.",NA,"Araeoschizus",1,NA,NA,"not measured","DaFl","4",10
"TomThumb",2019-04-23,"Catapillar removed.",NA,"Entomobryidae",1,NA,NA,"less than 2 mm","GaRi","4",10
"TomThumb",2019-04-23,"Catapillar removed.",NA,"Erythraeidae",5,NA,NA,"less than 2 mm","GaRi","4",10
"TomThumb",2019-04-23,"Catapillar removed.",NA,"Mecinus",1,NA,NA,"not measured","DaFl","4",10
"TomThumb",2019-04-23,"Catapillar removed.",NA,"Pogonomyrmex rugosus",10,NA,NA,"not measured","DaFl","4",10
"TomThumb",2019-04-23,NA,NA,"Gnaphosidae",1,NA,NA,"not measured","DaFl","5",10
"TomThumb",2019-04-23,NA,NA,"Hemiptera",1,"TRUE",NA,"not measured","DaFl","5",10
"TomThumb",2019-04-23,NA,NA,"Pheidole",3,NA,NA,"not measured","DaFl","5",10
"TomThumb",2019-04-23,NA,NA,"Steriphanus",2,NA,NA,"not measured","DaFl","5",10
"TomThumb",2019-04-23,NA,NA,"Erythraeidae",306,NA,NA,"less than 2 mm","GaRi","6",10
"TomThumb",2019-04-23,NA,NA,"Microporus",1,NA,NA,"not measured","DaFl","6",10
"TomThumb",2019-04-23,NA,NA,"Pheidole",1,NA,NA,"not measured","DaFl","6",10
"TomThumb",2019-04-23,NA,NA,"Erythraeidae",47,NA,NA,"less than 2 mm","GaRi","7",10
"TomThumb",2019-04-23,NA,NA,"Pheidole",1,NA,NA,"not measured","DaFl","7",10
"TomThumb",2019-04-23,NA,NA,"Psilochorus",1,NA,NA,"not measured","DaFl","7",10
"TomThumb",2019-04-23,NA,NA,"Apis mellifera",1,NA,"TRUE","not measured","DaFl","8",10
"TomThumb",2019-04-23,NA,NA,"Erythraeidae",41,NA,NA,"less than 2 mm","GaRi","8",10
"TomThumb",2019-04-23,NA,NA,"Lepismatidae",1,NA,NA,"not measured","GaRi","8",10
"TomThumb",2019-04-23,NA,NA,"Nocibiotes",1,NA,NA,"not measured","DaFl","8",10
"TomThumb",2019-04-23,NA,NA,"Staphylinidae",1,"TRUE",NA,"not measured","DaFl","8",10
"TomThumb",2019-04-23,NA,NA,"Tetramorium",1,NA,NA,"not measured","DaFl","8",10
"TomThumb",2019-04-23,NA,NA,"Triorophus",1,NA,NA,"not measured","DaFl","8",10
"TomThumb",2019-04-23,NA,NA,"Erythraeidae",20,NA,NA,"less than 2 mm","GaRi","9",10
"TomThumb",2019-04-23,NA,NA,"Mecinus",2,NA,NA,"not measured","DaFl","9",10
"TomThumb",2019-04-23,NA,NA,"Cicadellidae",1,NA,NA,"not measured","DaFl","10",10
"TomThumb",2019-04-23,NA,NA,"Cicadellidae",2,"TRUE",NA,"not measured","DaFl","10",10
"TomThumb",2019-04-23,NA,NA,"Erythraeidae",9,NA,NA,"less than 2 mm","GaRi","10",10
"TomThumb",2019-04-23,NA,NA,"Psilochorus",1,NA,NA,"not measured","DaFl","10",10
"TomThumb",2019-04-23,NA,NA,"Tetramorium",1,NA,NA,"not measured","DaFl","10",10
"TomThumb",2019-10-20,"Empty","empty_trap",NA,NA,NA,NA,NA,NA,"1",10
"TomThumb",2019-10-20,NA,NA,"Anystoidea",1,NA,NA,"not measured","DaFl","2",10
"TomThumb",2019-10-20,NA,NA,"Entomobryidae",2,NA,NA,"not measured","DaFl","2",10
"TomThumb",2019-10-20,NA,NA,"Loxosceles",1,NA,NA,"not measured","DaFl","2",10
"TomThumb",2019-10-20,NA,NA,"Sminthuridae",3,NA,NA,"not measured","DaFl","2",10
"TomThumb",2019-10-20,NA,NA,"Solenopsis xyloni",1,NA,NA,"not measured","DaFl","2",10
"TomThumb",2019-10-20,NA,NA,"Tetramorium",2,NA,NA,"not measured","DaFl","2",10
"TomThumb",2019-10-20,NA,NA,"Anystoidea",2,NA,NA,"not measured","DaFl","3",10
"TomThumb",2019-10-20,NA,NA,"Entomobryidae",5,NA,NA,"not measured","DaFl","3",10
"TomThumb",2019-10-20,NA,NA,"Solenopsis xyloni",3,NA,NA,"not measured","DaFl","3",10
"TomThumb",2019-10-20,NA,NA,"Anystoidea",1,NA,NA,"not measured","DaFl","4",10
"TomThumb",2019-10-20,NA,NA,"Araeoschizus",1,NA,NA,"not measured","DaFl","4",10
"TomThumb",2019-10-20,NA,NA,"Corydiidae",1,NA,NA,"not measured","DaFl","4",10
"TomThumb",2019-10-20,NA,NA,"Erythraeoidea",2,NA,NA,"not measured","DaFl","4",10
"TomThumb",2019-10-20,NA,NA,"Meinertellidae",1,NA,NA,"not measured","DaFl","4",10
"TomThumb",2019-10-20,NA,NA,"Psilochorus",1,NA,NA,"not measured","DaFl","4",10
"TomThumb",2019-10-20,NA,NA,"Solenopsis xyloni",2,NA,NA,"not measured","DaFl","4",10
"TomThumb",2019-10-20,"Empty","empty_trap",NA,NA,NA,NA,NA,NA,"5",10
"TomThumb",2019-10-20,NA,NA,"Entomobryidae",2,NA,NA,"not measured","DaFl","6",10
"TomThumb",2019-10-20,NA,NA,"Anystoidea",1,NA,NA,"not measured","DaFl","7",10
"TomThumb",2019-10-20,NA,NA,"Collembola",2,NA,NA,"not measured","DaFl","7",10
"TomThumb",2019-10-20,NA,NA,"Psocodea",3,"TRUE",NA,"not measured","DaFl","7",10
"TomThumb",2019-10-20,NA,NA,"Solenopsis xyloni",1,NA,NA,"not measured","DaFl","7",10
"TomThumb",2019-10-20,NA,NA,"Trombidioidea",1,NA,NA,"not measured","DaFl","7",10
"TomThumb",2019-10-20,NA,NA,"Entomobryidae",1,NA,NA,"not measured","DaFl","8",10
"TomThumb",2019-10-20,NA,NA,"Loxosceles",1,NA,NA,"not measured","DaFl","8",10
"TomThumb",2019-10-20,NA,NA,"Psocodea",1,"TRUE",NA,"not measured","DaFl","8",10
"TomThumb",2019-10-20,NA,NA,"Sminthuridae",1,NA,NA,"not measured","DaFl","8",10
"TomThumb",2019-10-20,NA,NA,"Entomobryidae",1,NA,NA,"not measured","DaFl","9",10
"TomThumb",2019-10-20,NA,NA,"Lepismatidae",1,NA,NA,"not measured","DaFl","9",10
"TomThumb",2019-10-20,NA,NA,"Solenopsis xyloni",6,NA,NA,"not measured","DaFl","9",10
"TomThumb",2019-10-20,NA,NA,"Dacoderus",1,NA,NA,"not measured","DaFl","10",10
"TomThumb",2019-10-20,NA,NA,"Erythraeidae",1,NA,NA,"not measured","DaFl","10",10
"TomThumb",2019-10-20,NA,NA,"Forelius pruinosus",1,NA,NA,"not measured","DaFl","10",10
"TomThumb",2019-10-20,NA,NA,"Solenopsis xyloni",1,NA,NA,"not measured","DaFl","10",10
"TomThumb",2020-01-19,NA,NA,"Alopecosa",1,NA,NA,"not measured","DaFl","1",10
"TomThumb",2020-01-19,NA,NA,"Chironomidae",1,NA,NA,"not measured","DaFl","2",10
"TomThumb",2020-01-19,NA,NA,"Erythraeidae",1,NA,NA,"not measured","DaFl","2",10
"TomThumb",2020-01-19,NA,NA,"Isotomidae",1,NA,NA,"not measured","DaFl","2",10
"TomThumb",2020-01-19,NA,NA,"Ptomaphagus",1,NA,NA,"not measured","DaFl","2",10
"TomThumb",2020-01-19,NA,NA,"Trombidioidea",1,NA,NA,"not measured","DaFl","2",10
"TomThumb",2020-01-19,NA,NA,"Erythraeidae",1,NA,NA,"not measured","DaFl","3",10
"TomThumb",2020-01-19,NA,NA,"Phyllotreta",1,NA,NA,"not measured","DaFl","3",10
"TomThumb",2020-01-19,NA,NA,"Ptomaphagus",1,NA,NA,"not measured","DaFl","3",10
"TomThumb",2020-01-19,NA,NA,"Xysticus",1,NA,NA,"not measured","DaFl","3",10
"TomThumb",2020-01-19,NA,NA,"Chironomidae",2,NA,NA,"not measured","DaFl","4",10
"TomThumb",2020-01-19,NA,NA,"Phyllotreta",2,NA,NA,"not measured","DaFl","4",10
"TomThumb",2020-01-19,NA,NA,"Phalangiidae",1,NA,NA,"not measured","DaFl","5",10
"TomThumb",2020-01-19,NA,NA,"Phyllotreta",1,NA,NA,"not measured","DaFl","5",10
"TomThumb",2020-01-19,NA,NA,"Rualena",1,NA,NA,"not measured","DaFl","5",10
"TomThumb",2020-01-19,NA,NA,"Ptomaphagus",1,NA,NA,"not measured","DaFl","6",10
"TomThumb",2020-01-19,NA,NA,"Erythraeidae",1,NA,NA,"not measured","DaFl","7",10
"TomThumb",2020-01-19,NA,NA,"Anystoidea",1,NA,NA,"not measured","DaFl","8",10
"TomThumb",2020-01-19,NA,NA,"Psilochorus",1,NA,NA,"not measured","DaFl","8",10
"TomThumb",2020-01-19,NA,NA,"Alopecosa",1,NA,NA,"not measured","DaFl","9",10
"TomThumb",2020-01-19,NA,NA,"Lepidoptera",1,"TRUE",NA,"not measured","DaFl","9",10
"TomThumb",2020-01-19,NA,NA,"Erythraeidae",1,NA,NA,"not measured","DaFl","10",10
"TomThumb",2020-01-19,NA,NA,"Isotomidae",1,NA,NA,"not measured","DaFl","10",10
"TomThumb",2020-01-19,NA,NA,"Ptomaphagus",1,NA,NA,"not measured","DaFl","10",10
"TomThumb",2020-04-24,NA,NA,"Anystoidea",2,NA,NA,"not measured","DaFl","1",10
"TomThumb",2020-04-24,NA,NA,"Curculionidae",1,NA,NA,"not measured","DaFl","1",10
"TomThumb",2020-04-24,NA,NA,"Anystoidea",2,NA,NA,"not measured","DaFl","2",10
"TomThumb",2020-04-24,NA,NA,"Carabidae",1,NA,NA,"not measured","DaFl","2",10
"TomThumb",2020-04-24,NA,NA,"Curculionidae",2,NA,NA,"not measured","DaFl","2",10
"TomThumb",2020-04-24,NA,NA,"Anystoidea",3,NA,NA,"not measured","DaFl","3",10
"TomThumb",2020-04-24,NA,NA,"Araeoschizus",1,NA,NA,"not measured","DaFl","3",10
"TomThumb",2020-04-24,NA,NA,"Curculionidae",3,NA,NA,"not measured","DaFl","3",10
"TomThumb",2020-04-24,NA,NA,"Entomobryidae",3,NA,NA,"not measured","DaFl","3",10
"TomThumb",2020-04-24,NA,NA,"Psilochorus",1,NA,NA,"not measured","DaFl","3",10
"TomThumb",2020-04-24,NA,NA,"Psocodea",1,"TRUE",NA,"not measured","DaFl","3",10
"TomThumb",2020-04-24,NA,NA,"Sminthuridae",1,NA,NA,"not measured","DaFl","3",10
"TomThumb",2020-04-24,NA,NA,"Curculionidae",1,NA,NA,"not measured","DaFl","4",10
"TomThumb",2020-04-24,NA,NA,"Meinertellidae",1,NA,NA,"not measured","DaFl","4",10
"TomThumb",2020-04-24,NA,NA,"Pogonomyrmex rugosus",16,NA,NA,"not measured","DaFl","4",10
"TomThumb",2020-04-24,NA,NA,"Psilochorus",1,NA,NA,"not measured","DaFl","4",10
"TomThumb",2020-04-24,NA,NA,"Anystoidea",24,NA,NA,"not measured","DaFl","5",10
"TomThumb",2020-04-24,NA,NA,"Chrysomelidae",1,NA,NA,"not measured","DaFl","5",10
"TomThumb",2020-04-24,NA,NA,"Curculionidae",1,NA,NA,"not measured","DaFl","5",10
"TomThumb",2020-04-24,NA,NA,"Entomobryidae",2,NA,NA,"not measured","DaFl","5",10
"TomThumb",2020-04-24,NA,NA,"Hadrurus arizonensis",1,NA,NA,"not measured","DaFl","5",10
"TomThumb",2020-04-24,NA,NA,"Pogonomyrmex rugosus",1,NA,NA,"not measured","DaFl","5",10
"TomThumb",2020-04-24,NA,NA,"Anystoidea",5,NA,NA,"not measured","DaFl","6",10
"TomThumb",2020-04-24,NA,NA,"Araeoschizus",1,NA,NA,"not measured","DaFl","6",10
"TomThumb",2020-04-24,NA,NA,"Chrysomelidae",2,NA,NA,"not measured","DaFl","6",10
"TomThumb",2020-04-24,NA,NA,"Hadrurus arizonensis",1,NA,NA,"not measured","DaFl","6",10
"TomThumb",2020-04-24,NA,NA,"Lepismatidae",1,NA,NA,"not measured","DaFl","6",10
"TomThumb",2020-04-24,NA,NA,"Anystoidea",1,NA,NA,"not measured","DaFl","7",10
"TomThumb",2020-04-24,NA,NA,"Curculionidae",2,NA,NA,"not measured","DaFl","7",10
"TomThumb",2020-04-24,NA,NA,"Linyphiidae",1,NA,NA,"not measured","DaFl","7",10
"TomThumb",2020-04-24,NA,NA,"Anystoidea",2,NA,NA,"not measured","DaFl","8",10
"TomThumb",2020-04-24,NA,NA,"Araeoschizus",1,NA,NA,"not measured","DaFl","8",10
"TomThumb",2020-04-24,NA,NA,"Curculionidae",1,NA,NA,"not measured","DaFl","8",10
"TomThumb",2020-04-24,NA,NA,"Entomobryidae",2,NA,NA,"not measured","DaFl","8",10
"TomThumb",2020-04-24,NA,NA,"Anystoidea",5,NA,NA,"not measured","DaFl","9",10
"TomThumb",2020-04-24,NA,NA,"Curculionidae",1,NA,NA,"not measured","DaFl","9",10
"TomThumb",2020-04-24,NA,NA,"Drassyllus",1,NA,NA,"not measured","DaFl","9",10
"TomThumb",2020-04-24,NA,NA,"Entomobryidae",4,NA,NA,"not measured","DaFl","9",10
"TomThumb",2020-04-24,NA,NA,"Solenopsis xyloni",3,NA,NA,"not measured","DaFl","9",10
"TomThumb",2020-04-24,NA,NA,"Termitidae",1,NA,NA,"not measured","DaFl","9",10
"TomThumb",2020-04-24,NA,NA,"Anystoidea",3,NA,NA,"not measured","DaFl","10",10
"TomThumb",2020-04-24,NA,NA,"Lepismatidae",1,NA,NA,"not measured","DaFl","10",10
"TomThumb",2020-04-24,NA,NA,"Linyphiidae",1,NA,NA,"not measured","DaFl","10",10
"TomThumb",2020-10-22,NA,NA,"Thripidae",1,NA,NA,"not measured","DaFl","1",10
"TomThumb",2020-10-22,"empty","empty_trap",NA,NA,NA,NA,NA,NA,"2",10
"TomThumb",2020-10-22,NA,NA,"Gnaphosidae",1,NA,NA,"not measured","DaFl","3",10
"TomThumb",2020-10-22,NA,NA,"Pogonomyrmex",1,NA,NA,"not measured","DaFl","4",10
"TomThumb",2020-10-22,NA,NA,"Xysticus",1,NA,NA,"not measured","DaFl","5",10
"TomThumb",2020-10-22,NA,NA,"Chyphotes",1,NA,NA,"not measured","DaFl","6",10
"TomThumb",2020-10-22,NA,NA,"Erythraeoidea",3,NA,NA,"not measured","DaFl","6",10
"TomThumb",2020-10-22,NA,NA,"Pogonomyrmex",2,NA,NA,"not measured","DaFl","6",10
"TomThumb",2020-10-22,NA,NA,"Anystoidea",2,NA,NA,"not measured","DaFl","7",10
"TomThumb",2020-10-22,NA,NA,"Lepismatidae",1,NA,NA,"not measured","DaFl","7",10
"TomThumb",2020-10-22,NA,NA,"Psilochorus",1,NA,NA,"not measured","DaFl","7",10
"TomThumb",2020-10-22,NA,NA,"Tarsonops",1,NA,NA,"not measured","DaFl","7",10
"TomThumb",2020-10-22,NA,NA,"Lepismatidae",1,NA,NA,"not measured","DaFl","8",10
"TomThumb",2020-10-22,NA,NA,"Lycosidae",1,NA,NA,"not measured","DaFl","8",10
"TomThumb",2020-10-22,NA,NA,"Solenopsis xyloni",4,NA,NA,"not measured","DaFl","8",10
"TomThumb",2020-10-22,NA,NA,"Anystoidea",3,NA,NA,"not measured","DaFl","9",10
"TomThumb",2020-10-22,NA,NA,"Solenopsis xyloni",3,NA,NA,"not measured","DaFl","9",10
"TomThumb",2020-10-22,"empty","empty_trap",NA,NA,NA,NA,NA,NA,"10",10
"TomThumb",2021-01-21,"empty","empty_trap",NA,NA,NA,NA,NA,NA,"1",10
"TomThumb",2021-01-21,NA,NA,"Isotomidae",3,NA,NA,"not measured","DaFl","2",10
"TomThumb",2021-01-21,NA,NA,"Lepismatidae",1,NA,NA,"not measured","DaFl","2",10
"TomThumb",2021-01-21,NA,NA,"Ptomaphagus",1,NA,NA,"not measured","DaFl","2",10
"TomThumb",2021-01-21,NA,NA,"Erythraeoidea",3,NA,NA,"not measured","DaFl","3",10
"TomThumb",2021-01-21,NA,NA,"Ptomaphagus",2,NA,NA,"not measured","DaFl","3",10
"TomThumb",2021-01-21,NA,NA,"Erythraeoidea",1,NA,NA,"not measured","DaFl","4",10
"TomThumb",2021-01-21,NA,NA,"Thripidae",1,NA,NA,"not measured","DaFl","4",10
"TomThumb",2021-01-21,NA,NA,"Gnaphosidae",1,NA,NA,"not measured","DaFl","5",10
"TomThumb",2021-01-21,"empty","empty_trap",NA,NA,NA,NA,NA,NA,"6",10
"TomThumb",2021-01-21,NA,NA,"Erythraeoidea",1,NA,NA,"not measured","DaFl","7",10
"TomThumb",2021-01-21,NA,NA,"Isotomidae",1,NA,NA,"not measured","DaFl","7",10
"TomThumb",2021-01-21,NA,NA,"Oecobius",1,NA,NA,"not measured","DaFl","7",10
"TomThumb",2021-01-21,NA,NA,"Termitidae",1,NA,NA,"not measured","DaFl","7",10
"TomThumb",2021-01-21,NA,NA,"Anystoidea",1,NA,NA,"not measured","DaFl","8",10
"TomThumb",2021-01-21,NA,NA,"Termitidae",6,NA,NA,"not measured","DaFl","8",10
"TomThumb",2021-01-21,"coleoptera separated for future ID",NA,"Coleoptera",1,NA,NA,"not measured","DaFl","9",10
"TomThumb",2021-01-21,"coleoptera separated for future ID",NA,"Termitidae",1,NA,NA,"not measured","DaFl","9",10
"TomThumb",2021-01-21,"coleoptera separated for future ID",NA,"Xysticus",1,NA,NA,"not measured","DaFl","9",10
"TomThumb",2021-01-21,NA,NA,"Anystoidea",1,NA,NA,"not measured","DaFl","10",10
"TomThumb",2021-01-21,NA,NA,"Erythraeoidea",1,NA,NA,"not measured","DaFl","10",10
"TomThumb",2021-01-21,NA,NA,"Ptomaphagus",1,NA,NA,"not measured","DaFl","10",10
"TomThumb",2021-04-22,NA,NA,"Lepismatidae",1,NA,NA,"not measured","DaFl","1",10
"TomThumb",2021-04-22,NA,NA,"Meinertellidae",1,NA,NA,"not measured","DaFl","1",10
"TomThumb",2021-04-22,NA,NA,"Tarsonops systematicus",1,NA,NA,"not measured","DaFl","1",10
"TomThumb",2021-04-22,NA,NA,"Termitidae",5,NA,NA,"not measured","DaFl","1",10
"TomThumb",2021-04-22,NA,NA,"Tetramorium",4,NA,NA,"not measured","DaFl","1",10
"TomThumb",2021-04-22,"empty","empty_trap",NA,NA,NA,NA,NA,NA,"2",10
"TomThumb",2021-04-22,NA,NA,"Erythraeoidea",1,NA,NA,"not measured","DaFl","3",10
"TomThumb",2021-04-22,NA,NA,"Geocoris",1,"TRUE",NA,"not measured","DaFl","3",10
"TomThumb",2021-04-22,NA,NA,"Hemiptera",2,"TRUE",NA,"not measured","DaFl","3",10
"TomThumb",2021-04-22,NA,NA,"Lepismatidae",4,NA,NA,"not measured","DaFl","3",10
"TomThumb",2021-04-22,NA,NA,"Thripidae",1,NA,NA,"not measured","DaFl","3",10
"TomThumb",2021-04-22,NA,NA,"Alopecosa",1,NA,NA,"not measured","DaFl","4",10
"TomThumb",2021-04-22,NA,NA,"Erythraeoidea",1,NA,NA,"not measured","DaFl","4",10
"TomThumb",2021-04-22,NA,NA,"Phyllotreta",2,NA,NA,"not measured","DaFl","4",10
"TomThumb",2021-04-22,NA,NA,"Pogonomyrmex rugosus",1,NA,NA,"not measured","DaFl","4",10
"TomThumb",2021-04-22,NA,NA,"Camponotus",4,NA,NA,"not measured","DaFl","5",10
"TomThumb",2021-04-22,NA,NA,"Dacoderus",1,NA,NA,"not measured","DaFl","5",10
"TomThumb",2021-04-22,NA,NA,"Erythraeoidea",1,NA,NA,"not measured","DaFl","5",10
"TomThumb",2021-04-22,NA,NA,"Dacoderus",3,NA,NA,"not measured","DaFl","6",10
"TomThumb",2021-04-22,NA,NA,"Lepismatidae",1,NA,NA,"not measured","DaFl","6",10
"TomThumb",2021-04-22,NA,NA,"Drassyllus",1,NA,NA,"not measured","DaFl","7",10
"TomThumb",2021-04-22,NA,NA,"Erythraeoidea",1,NA,NA,"not measured","DaFl","7",10
"TomThumb",2021-04-22,NA,NA,"Lepismatidae",5,NA,NA,"not measured","DaFl","7",10
"TomThumb",2021-04-22,NA,NA,"Meinertellidae",1,NA,NA,"not measured","DaFl","7",10
"TomThumb",2021-04-22,NA,NA,"Erythraeoidea",4,NA,NA,"not measured","DaFl","8",10
"TomThumb",2021-04-22,NA,NA,"Termitidae",1,NA,NA,"not measured","DaFl","8",10
"TomThumb",2021-04-22,NA,NA,"Erythraeoidea",1,NA,NA,"not measured","DaFl","9",10
"TomThumb",2021-04-22,NA,NA,"Lepismatidae",3,NA,NA,"not measured","DaFl","9",10
"TomThumb",2021-04-22,NA,NA,"Tetramorium",1,NA,NA,"not measured","DaFl","9",10
"TomThumb",2021-04-22,NA,NA,"Anystoidea",1,NA,NA,"not measured","DaFl","10",10
"TomThumb",2021-04-22,NA,NA,"Psilochorus",1,NA,NA,"not measured","DaFl","10",10
"TomThumb",2021-10-20,NA,NA,"Entomobryidae",1,"FALSE","FALSE","not measured","DaFl","1",10
"TomThumb",2021-10-20,NA,NA,"Hemiptera",1,"TRUE","FALSE","not measured","DaFl","1",10
"TomThumb",2021-10-20,NA,NA,"Anystoidea",1,"FALSE","FALSE","not measured","DaFl","2",10
"TomThumb",2021-10-20,NA,NA,"Caeculidae",1,"FALSE","FALSE","not measured","DaFl","2",10
"TomThumb",2021-10-20,NA,NA,"Discoderus",2,"FALSE","FALSE","not measured","DaFl","2",10
"TomThumb",2021-10-20,NA,NA,"Solenopsis xyloni",19,"FALSE","FALSE","not measured","DaFl","2",10
"TomThumb",2021-10-20,NA,NA,"Discoderus",1,"FALSE","FALSE","not measured","DaFl","3",10
"TomThumb",2021-10-20,NA,NA,"Solenopsis xyloni",14,"FALSE","FALSE","not measured","DaFl","3",10
"TomThumb",2021-10-20,NA,NA,"Discoderus",1,"FALSE","FALSE","not measured","DaFl","4",10
"TomThumb",2021-10-20,NA,NA,"Dorymyrmex",1,"FALSE","FALSE","not measured","DaFl","4",10
"TomThumb",2021-10-20,NA,NA,"Entomobryidae",2,"FALSE","FALSE","not measured","DaFl","4",10
"TomThumb",2021-10-20,NA,NA,"Forelius",1,"FALSE","FALSE","not measured","DaFl","4",10
"TomThumb",2021-10-20,NA,NA,"Linyphiidae",2,"FALSE","FALSE","not measured","DaFl","4",10
"TomThumb",2021-10-20,NA,NA,"Pogonomyrmex",2,"FALSE","FALSE","not measured","DaFl","4",10
"TomThumb",2021-10-20,NA,NA,"Semium",1,"FALSE","FALSE","not measured","DaFl","4",10
"TomThumb",2021-10-20,NA,NA,"Solenopsis xyloni",11,"FALSE","FALSE","not measured","DaFl","4",10
"TomThumb",2021-10-20,NA,NA,"Tetramorium",1,"FALSE","FALSE","not measured","DaFl","4",10
"TomThumb",2021-10-20,NA,NA,"Chrysomelidae",1,"TRUE","FALSE","not measured","DaFl","5",10
"TomThumb",2021-10-20,NA,NA,"Discoderus",4,"FALSE","FALSE","not measured","DaFl","5",10
"TomThumb",2021-10-20,NA,NA,"Pogonomyrmex",1,"FALSE","FALSE","not measured","DaFl","5",10
"TomThumb",2021-10-20,NA,NA,"Solenopsis xyloni",13,"FALSE","FALSE","not measured","DaFl","5",10
"TomThumb",2021-10-20,NA,NA,"Cicadellidae",1,"TRUE","FALSE","not measured","DaFl","6",10
"TomThumb",2021-10-20,NA,NA,"Pogonomyrmex",194,"FALSE","FALSE","not measured","DaFl","6",10
"TomThumb",2021-10-20,NA,NA,"Sminthuridae",1,"FALSE","FALSE","not measured","DaFl","6",10
"TomThumb",2021-10-20,NA,NA,"Solenopsis xyloni",3,"FALSE","FALSE","not measured","DaFl","6",10
"TomThumb",2021-10-20,NA,NA,"Entomobryidae",1,"FALSE","FALSE","not measured","DaFl","7",10
"TomThumb",2021-10-20,NA,NA,"Mantidae",1,"FALSE","FALSE","not measured","DaFl","7",10
"TomThumb",2021-10-20,NA,NA,"Pogonomyrmex",2,"FALSE","FALSE","not measured","DaFl","7",10
"TomThumb",2021-10-20,NA,NA,"Solenopsis xyloni",17,"FALSE","FALSE","not measured","DaFl","7",10
"TomThumb",2021-10-20,NA,NA,"Melanaethus",1,"FALSE","FALSE","not measured","DaFl","8",10
"TomThumb",2021-10-20,NA,NA,"Pogonomyrmex",1,"FALSE","FALSE","not measured","DaFl","8",10
"TomThumb",2021-10-20,NA,NA,"Solenopsis xyloni",23,"FALSE","FALSE","not measured","DaFl","8",10
"TomThumb",2021-10-20,NA,NA,"Discoderus",1,"FALSE","FALSE","not measured","DaFl","9",10
"TomThumb",2021-10-20,NA,NA,"Entomobryidae",10,"FALSE","FALSE","not measured","DaFl","9",10
"TomThumb",2021-10-20,NA,NA,"Evaniella",1,"FALSE","FALSE","not measured","DaFl","9",10
"TomThumb",2021-10-20,NA,NA,"Pogonomyrmex",1,"FALSE","FALSE","not measured","DaFl","9",10
"TomThumb",2021-10-20,NA,NA,"Solenopsis xyloni",13,"FALSE","FALSE","not measured","DaFl","9",10
"TomThumb",2021-10-20,NA,NA,"Tetramorium",2,"FALSE","FALSE","not measured","DaFl","9",10
"TomThumb",2021-10-20,NA,"empty_trap",NA,NA,NA,NA,NA,NA,"10",10
"TomThumb",2022-01-27,NA,NA,"Carabidae",1,"FALSE","FALSE","not measured","DaFl","1",10
"TomThumb",2022-01-27,NA,NA,"Entomobryidae",1,"FALSE","FALSE","not measured","DaFl","1",10
"TomThumb",2022-01-27,NA,NA,"Phalangiidae",1,"FALSE","FALSE","not measured","DaFl","1",10
"TomThumb",2022-01-27,NA,NA,"Ptomaphagus",1,"FALSE","FALSE","not measured","DaFl","1",10
"TomThumb",2022-01-27,NA,NA,"Solenopsis xyloni",1,"FALSE","FALSE","not measured","DaFl","1",10
"TomThumb",2022-01-27,NA,NA,"Erythraeoidea",4,"FALSE","FALSE","not measured","DaFl","2",10
"TomThumb",2022-01-27,NA,NA,"Solenopsis xyloni",1,"FALSE","FALSE","not measured","DaFl","2",10
"TomThumb",2022-01-27,NA,NA,"Xysticus",1,"FALSE","FALSE","not measured","DaFl","2",10
"TomThumb",2022-01-27,NA,NA,"Emblethis",1,"FALSE","FALSE","not measured","DaFl","3",10
"TomThumb",2022-01-27,NA,NA,"Erythraeoidea",1,"FALSE","FALSE","not measured","DaFl","3",10
"TomThumb",2022-01-27,NA,NA,"Hemiptera",1,"TRUE","FALSE","not measured","DaFl","3",10
"TomThumb",2022-01-27,NA,NA,"Linyphiidae",1,"FALSE","FALSE","not measured","DaFl","3",10
"TomThumb",2022-01-27,NA,NA,"Ptomaphagus",1,"FALSE","FALSE","not measured","DaFl","3",10
"TomThumb",2022-01-27,NA,NA,"Solenopsis xyloni",4,"FALSE","FALSE","not measured","DaFl","3",10
"TomThumb",2022-01-27,NA,NA,"Entomobryidae",2,"FALSE","FALSE","not measured","DaFl","4",10
"TomThumb",2022-01-27,NA,NA,"Isotomidae",1,"FALSE","FALSE","not measured","DaFl","4",10
"TomThumb",2022-01-27,NA,NA,"Ceraticelus",1,"FALSE","FALSE","not measured","DaFl","5",10
"TomThumb",2022-01-27,NA,NA,"Entomobryidae",1,"FALSE","FALSE","not measured","DaFl","5",10
"TomThumb",2022-01-27,NA,NA,"Erythraeoidea",1,"FALSE","FALSE","not measured","DaFl","5",10
"TomThumb",2022-01-27,NA,NA,"Isotomidae",2,"FALSE","FALSE","not measured","DaFl","5",10
"TomThumb",2022-01-27,NA,NA,"Phoridae",1,"FALSE","FALSE","not measured","DaFl","5",10
"TomThumb",2022-01-27,NA,NA,"Ptomaphagus",1,"FALSE","FALSE","not measured","DaFl","5",10
"TomThumb",2022-01-27,NA,NA,"Solenopsis xyloni",2,"FALSE","FALSE","not measured","DaFl","5",10
"TomThumb",2022-01-27,NA,NA,"Staphylinidae",1,"FALSE","FALSE","not measured","DaFl","5",10
"TomThumb",2022-01-27,NA,NA,"Tetramorium",1,"FALSE","FALSE","not measured","DaFl","5",10
"TomThumb",2022-01-27,NA,NA,"Entomobryidae",3,"FALSE","FALSE","not measured","DaFl","6",10
"TomThumb",2022-01-27,NA,NA,"Pholcidae",1,"FALSE","FALSE","not measured","DaFl","6",10
"TomThumb",2022-01-27,NA,NA,"Ptomaphagus",5,"FALSE","FALSE","not measured","DaFl","6",10
"TomThumb",2022-01-27,NA,NA,"Solenopsis xyloni",10,"FALSE","FALSE","not measured","DaFl","6",10
"TomThumb",2022-01-27,NA,NA,"Entomobryidae",4,"FALSE","FALSE","not measured","DaFl","7",10
"TomThumb",2022-01-27,NA,NA,"Geocoris",1,"FALSE","FALSE","not measured","DaFl","7",10
"TomThumb",2022-01-27,NA,NA,"Staphylinidae",1,"FALSE","FALSE","not measured","DaFl","7",10
"TomThumb",2022-01-27,NA,NA,"Entomobryidae",3,"FALSE","FALSE","not measured","DaFl","8",10
"TomThumb",2022-01-27,NA,NA,"Solenopsis xyloni",2,"FALSE","FALSE","not measured","DaFl","8",10
"TomThumb",2022-01-27,NA,NA,"Entomobryidae",3,"FALSE","FALSE","not measured","DaFl","9",10
"TomThumb",2022-01-27,NA,NA,"Hemiptera",1,"TRUE","FALSE","not measured","DaFl","9",10
"TomThumb",2022-01-27,NA,NA,"Xysticus",2,"FALSE","FALSE","not measured","DaFl","9",10
"TomThumb",2022-01-27,NA,NA,"Apocellus",1,"FALSE","FALSE","not measured","DaFl","10",10
"TomThumb",2022-01-27,NA,NA,"Psilochorus",1,"FALSE","FALSE","not measured","DaFl","10",10
"TomThumb",2022-01-27,NA,NA,"Solenopsis xyloni",1,"FALSE","FALSE","not measured","DaFl","10",10
"TomThumb",2022-04-19,"Jars were dried out and some specimens damaged",NA,"Anystoidea",2,"FALSE","FALSE","not measured","DaFl","1",10
"TomThumb",2022-04-19,"Jars were dried out and some specimens damaged",NA,"Carabidae",1,"FALSE","FALSE","not measured","DaFl","1",10
"TomThumb",2022-04-19,"Jars were dried out and some specimens damaged",NA,"Gnaphosidae",1,"FALSE","FALSE","not measured","DaFl","1",10
"TomThumb",2022-04-19,"Jars were dried out and some specimens damaged",NA,"Nocibiotes",1,"FALSE","FALSE","not measured","DaFl","1",10
"TomThumb",2022-04-19,"Jars were dried out and some specimens damaged",NA,"Solenopsis xyloni",4,"FALSE","FALSE","not measured","DaFl","1",10
"TomThumb",2022-04-19,NA,NA,"Anystoidea",2,"FALSE","FALSE","not measured","DaFl","2",10
"TomThumb",2022-04-19,NA,NA,"Araeoschizus",2,"FALSE","FALSE","not measured","DaFl","2",10
"TomThumb",2022-04-19,NA,NA,"Carabidae",1,"FALSE","FALSE","not measured","DaFl","2",10
"TomThumb",2022-04-19,NA,NA,"Formicidae",1,"FALSE","FALSE","not measured","DaFl","2",10
"TomThumb",2022-04-19,NA,NA,"Gnaphosidae",1,"FALSE","FALSE","not measured","DaFl","2",10
"TomThumb",2022-04-19,NA,NA,"Solenopsis xyloni",9,"FALSE","FALSE","not measured","DaFl","2",10
"TomThumb",2022-04-19,NA,NA,"Gnaphosidae",1,"FALSE","FALSE","not measured","DaFl","3",10
"TomThumb",2022-04-19,NA,NA,"Solenopsis xyloni",18,"FALSE","FALSE","not measured","DaFl","3",10
"TomThumb",2022-04-19,NA,NA,"Tenebrionidae",1,"FALSE","FALSE","not measured","DaFl","3",10
"TomThumb",2022-04-19,NA,NA,"Entomobryidae",1,"FALSE","FALSE","not measured","DaFl","4",10
"TomThumb",2022-04-19,NA,NA,"Gnaphosidae",3,"FALSE","FALSE","not measured","DaFl","4",10
"TomThumb",2022-04-19,NA,NA,"Lepismatidae",2,"FALSE","FALSE","not measured","DaFl","4",10
"TomThumb",2022-04-19,NA,NA,"Solenopsis xyloni",6,"FALSE","FALSE","not measured","DaFl","4",10
"TomThumb",2022-04-19,NA,NA,"Forelius",2,"FALSE","FALSE","not measured","DaFl","5",10
"TomThumb",2022-04-19,NA,NA,"Gnaphosidae",1,"FALSE","FALSE","not measured","DaFl","5",10
"TomThumb",2022-04-19,NA,NA,"Solenopsis xyloni",13,"FALSE","FALSE","not measured","DaFl","5",10
"TomThumb",2022-04-19,NA,NA,"Pogonomyrmex",14,"FALSE","FALSE","not measured","DaFl","6",10
"TomThumb",2022-04-19,NA,NA,"Solenopsis xyloni",10,"FALSE","FALSE","not measured","DaFl","6",10
"TomThumb",2022-04-19,NA,NA,"Forelius",1,"FALSE","FALSE","not measured","DaFl","7",10
"TomThumb",2022-04-19,NA,NA,"Gnaphosidae",1,"FALSE","FALSE","not measured","DaFl","7",10
"TomThumb",2022-04-19,NA,NA,"Nocibiotes",1,"FALSE","FALSE","not measured","DaFl","7",10
"TomThumb",2022-04-19,NA,NA,"Solenopsis xyloni",8,"FALSE","FALSE","not measured","DaFl","7",10
"TomThumb",2022-04-19,NA,NA,"Gnaphosidae",1,"FALSE","FALSE","not measured","DaFl","8",10
"TomThumb",2022-04-19,NA,NA,"Melanaethus",1,"FALSE","FALSE","not measured","DaFl","8",10
"TomThumb",2022-04-19,NA,NA,"Solenopsis xyloni",53,"FALSE","FALSE","not measured","DaFl","8",10
"TomThumb",2022-04-19,NA,NA,"Araeoschizus",2,"FALSE","FALSE","not measured","DaFl","9",10
"TomThumb",2022-04-19,NA,NA,"Solenopsis xyloni",288,"FALSE","FALSE","not measured","DaFl","9",10
"TomThumb",2022-04-19,NA,NA,"Forelius",1,"FALSE","FALSE","not measured","DaFl","10",10
"TomThumb",2022-04-19,NA,NA,"Gnaphosidae",2,"FALSE","FALSE","not measured","DaFl","10",10
"TomThumb",2022-04-19,NA,NA,"Salticidae",1,"FALSE","FALSE","not measured","DaFl","10",10
"TomThumb",2022-04-19,NA,NA,"Solenopsis xyloni",8,"FALSE","FALSE","not measured","DaFl","10",10
"TomThumb",2022-04-19,NA,NA,"Tenebrionidae",1,"FALSE","FALSE","not measured","DaFl","10",10
"TomThumb",2022-04-19,NA,NA,"Tetramorium",1,"FALSE","FALSE","not measured","DaFl","10",10
"TomThumb",2022-10-26,NA,NA,"Discoderus",7,"FALSE","FALSE","not measured","DaFl","1",10
"TomThumb",2022-10-26,NA,NA,"Eleodes longicollis",1,"FALSE","FALSE","not measured","DaFl","1",10
"TomThumb",2022-10-26,NA,NA,"Erythraeoidea",1,"FALSE","FALSE","not measured","DaFl","1",10
"TomThumb",2022-10-26,NA,NA,"Rhaphidophorinae",1,"TRUE","FALSE","not measured","DaFl","1",10
"TomThumb",2022-10-26,NA,NA,"Solenopsis xyloni",3,"FALSE","FALSE","not measured","DaFl","1",10
"TomThumb",2022-10-26,NA,NA,"Discoderus",24,"FALSE","FALSE","not measured","DaFl","2",10
"TomThumb",2022-10-26,NA,NA,"Xysticus",1,"FALSE","FALSE","not measured","DaFl","2",10
"TomThumb",2022-10-26,NA,NA,"Chalcidoidea",1,"FALSE","FALSE","not measured","DaFl","3",10
"TomThumb",2022-10-26,NA,NA,"Discoderus",11,"FALSE","FALSE","not measured","DaFl","3",10
"TomThumb",2022-10-26,NA,NA,"Hemiptera",1,"TRUE","FALSE","not measured","DaFl","3",10
"TomThumb",2022-10-26,NA,NA,"Ammotrechidae",1,"FALSE","FALSE","not measured","DaFl","4",10
"TomThumb",2022-10-26,NA,NA,"Discoderus",6,"FALSE","FALSE","not measured","DaFl","4",10
"TomThumb",2022-10-26,NA,NA,"Chalcidoidea",1,"FALSE","FALSE","not measured","DaFl","5",10
"TomThumb",2022-10-26,NA,NA,"Discoderus",2,"FALSE","FALSE","not measured","DaFl","5",10
"TomThumb",2022-10-26,NA,NA,"Lepismatidae",1,"FALSE","FALSE","not measured","DaFl","5",10
"TomThumb",2022-10-26,NA,NA,"Solenopsis xyloni",3,"FALSE","FALSE","not measured","DaFl","5",10
"TomThumb",2022-10-26,NA,NA,"Erythraeoidea",1,"FALSE","FALSE","not measured","DaFl","6",10
"TomThumb",2022-10-26,NA,NA,"Rhaphidophorinae",1,"TRUE","FALSE","not measured","DaFl","6",10
"TomThumb",2022-10-26,NA,NA,"Solenopsis xyloni",1,"FALSE","FALSE","not measured","DaFl","6",10
"TomThumb",2022-10-26,NA,NA,"Discoderus",1,"FALSE","FALSE","not measured","DaFl","7",10
"TomThumb",2022-10-26,NA,NA,"Erythraeoidea",1,"FALSE","FALSE","not measured","DaFl","7",10
"TomThumb",2022-10-26,NA,NA,"Erythraeoidea",2,"FALSE","FALSE","not measured","DaFl","8",10
"TomThumb",2022-10-26,NA,NA,"Theridiidae",1,"FALSE","FALSE","not measured","DaFl","8",10
"TomThumb",2022-10-26,NA,NA,"Discoderus",1,"FALSE","FALSE","not measured","DaFl","9",10
"TomThumb",2022-10-26,NA,NA,"Psilochorus",2,"FALSE","FALSE","not measured","DaFl","9",10
"TomThumb",2022-10-26,NA,"empty_trap",NA,NA,NA,NA,NA,NA,"10",10
"TomThumb",2023-01-21,NA,NA,"Isotomidae",1,"FALSE","FALSE","not measured","DaFl","1",10
"TomThumb",2023-01-21,NA,NA,"Notiophilus",1,"FALSE","FALSE","not measured","DaFl","1",10
"TomThumb",2023-01-21,NA,NA,"Theridiidae",1,"FALSE","FALSE","not measured","DaFl","1",10
"TomThumb",2023-01-21,NA,NA,"Erythraeoidea",3,"FALSE","FALSE","not measured","DaFl","2",10
"TomThumb",2023-01-21,NA,NA,"Hypogastruridae",1,"FALSE","FALSE","not measured","DaFl","2",10
"TomThumb",2023-01-21,NA,NA,"Erythraeoidea",1,"FALSE","FALSE","not measured","DaFl","3",10
"TomThumb",2023-01-21,NA,NA,"Gnaphosidae",1,"FALSE","FALSE","not measured","DaFl","3",10
"TomThumb",2023-01-21,NA,NA,"Hypogastruridae",3,"FALSE","FALSE","not measured","DaFl","3",10
"TomThumb",2023-01-21,NA,NA,"Oribatida",2,"FALSE","FALSE","not measured","DaFl","3",10
"TomThumb",2023-01-21,NA,NA,"Xysticus",1,"FALSE","FALSE","not measured","DaFl","3",10
"TomThumb",2023-01-21,NA,NA,"Isotomidae",3,"FALSE","FALSE","not measured","DaFl","4",10
"TomThumb",2023-01-21,NA,NA,"Solenopsis xyloni",1,"FALSE","FALSE","not measured","DaFl","4",10
"TomThumb",2023-01-21,NA,NA,"Tetramorium",1,"FALSE","FALSE","not measured","DaFl","4",10
"TomThumb",2023-01-21,NA,NA,"Isotomidae",1,"FALSE","FALSE","not measured","DaFl","5",10
"TomThumb",2023-01-21,NA,NA,"Oribatida",5,"FALSE","FALSE","not measured","DaFl","5",10
"TomThumb",2023-01-21,NA,NA,"Euryopis",1,"FALSE","FALSE","not measured","DaFl","6",10
"TomThumb",2023-01-21,NA,NA,"Hypogastruridae",3,"FALSE","FALSE","not measured","DaFl","6",10
"TomThumb",2023-01-21,NA,NA,"Isotomidae",1,"FALSE","FALSE","not measured","DaFl","7",10
"TomThumb",2023-01-21,NA,NA,"Linyphiidae",1,"FALSE","FALSE","not measured","DaFl","7",10
"TomThumb",2023-01-21,NA,NA,"Hypogastruridae",1,"FALSE","FALSE","not measured","DaFl","8",10
"TomThumb",2023-01-21,NA,NA,"Tetramorium",1,"FALSE","FALSE","not measured","DaFl","8",10
"TomThumb",2023-01-21,NA,"empty_trap",NA,NA,NA,NA,NA,NA,"9",10
"TomThumb",2023-01-21,NA,NA,"Alopecosa",1,"FALSE","FALSE","not measured","DaFl","10",10
"TomThumb",2023-01-21,NA,NA,"Erythraeoidea",2,"FALSE","FALSE","not measured","DaFl","10",10
"TomThumb",2023-01-21,NA,NA,"Oribatida",3,"FALSE","FALSE","not measured","DaFl","10",10
"TomThumb",2023-01-21,NA,NA,"Psocodea",1,"FALSE","FALSE","not measured","DaFl","10",10
"TomThumb",2023-04-19,NA,NA,"Aphididae",3,"FALSE","FALSE","not measured","DaFl","1",10
"TomThumb",2023-04-19,NA,NA,"Meinertellidae",1,"FALSE","FALSE","not measured","DaFl","1",10
"TomThumb",2023-04-19,NA,NA,"Alopecosa",1,"FALSE","FALSE","not measured","DaFl","2",10
"TomThumb",2023-04-19,NA,NA,"Araeoschizus",1,"FALSE","FALSE","not measured","DaFl","2",10
"TomThumb",2023-04-19,NA,NA,"Lycosidae",61,"TRUE","FALSE","not measured","DaFl","2",10
"TomThumb",2023-04-19,NA,NA,"Steriphanus",1,"FALSE","FALSE","not measured","DaFl","2",10
"TomThumb",2023-04-19,NA,NA,"Syntomus americanus",1,"FALSE","FALSE","not measured","DaFl","2",10
"TomThumb",2023-04-19,NA,NA,"Cicadellidae",1,"TRUE","FALSE","not measured","DaFl","3",10
"TomThumb",2023-04-19,NA,NA,"Erythraeoidea",1,"FALSE","FALSE","not measured","DaFl","3",10
"TomThumb",2023-04-19,NA,NA,"Hemiptera",1,"TRUE","FALSE","not measured","DaFl","3",10
"TomThumb",2023-04-19,NA,NA,"Lepismatidae",1,"FALSE","FALSE","not measured","DaFl","3",10
"TomThumb",2023-04-19,NA,NA,"Oribatida",1,"FALSE","FALSE","not measured","DaFl","3",10
"TomThumb",2023-04-19,NA,NA,"Solenopsis xyloni",1,"FALSE","FALSE","not measured","DaFl","3",10
"TomThumb",2023-04-19,NA,NA,"Triorophus",1,"FALSE","FALSE","not measured","DaFl","3",10
"TomThumb",2023-04-19,NA,NA,"Xysticus",1,"FALSE","FALSE","not measured","DaFl","3",10
"TomThumb",2023-04-19,NA,NA,"Coleoptera",1,"TRUE","FALSE","not measured","DaFl","4",10
"TomThumb",2023-04-19,NA,NA,"Mecinus",1,"FALSE","FALSE","not measured","DaFl","4",10
"TomThumb",2023-04-19,NA,NA,"Rualena",1,"FALSE","FALSE","not measured","DaFl","4",10
"TomThumb",2023-04-19,NA,NA,"Solenopsis xyloni",2,"FALSE","FALSE","not measured","DaFl","4",10
"TomThumb",2023-04-19,NA,NA,"Aphididae",1,"FALSE","FALSE","not measured","DaFl","5",10
"TomThumb",2023-04-19,NA,NA,"Cicadellidae",1,"TRUE","FALSE","not measured","DaFl","5",10
"TomThumb",2023-04-19,NA,NA,"Coleoptera",1,"TRUE","FALSE","not measured","DaFl","5",10
"TomThumb",2023-04-19,NA,NA,"Drassyllus",1,"FALSE","FALSE","not measured","DaFl","5",10
"TomThumb",2023-04-19,NA,NA,"Erythraeoidea",1,"FALSE","FALSE","not measured","DaFl","5",10
"TomThumb",2023-04-19,NA,NA,"Mecinus",3,"FALSE","FALSE","not measured","DaFl","5",10
"TomThumb",2023-04-19,NA,NA,"Psilochorus",2,"FALSE","FALSE","not measured","DaFl","5",10
"TomThumb",2023-04-19,NA,NA,"Pyralidae",1,"TRUE","FALSE","not measured","DaFl","5",10
"TomThumb",2023-04-19,NA,NA,"Solenopsis xyloni",1,"FALSE","FALSE","not measured","DaFl","5",10
"TomThumb",2023-04-19,NA,NA,"Hemiptera",1,"TRUE","FALSE","not measured","DaFl","6",10
"TomThumb",2023-04-19,NA,NA,"Paravaejovis spinigerus",1,"FALSE","FALSE","not measured","DaFl","6",10
"TomThumb",2023-04-19,NA,NA,"Pogonomyrmex",72,"FALSE","FALSE","not measured","DaFl","6",10
"TomThumb",2023-04-19,NA,NA,"Sicariidae",1,"FALSE","FALSE","not measured","DaFl","6",10
"TomThumb",2023-04-19,NA,NA,"Termitidae",1,"FALSE","FALSE","not measured","DaFl","6",10
"TomThumb",2023-04-19,NA,NA,"Aphis",1,"FALSE","FALSE","not measured","DaFl","7",10
"TomThumb",2023-04-19,NA,NA,"Entomobryidae",1,"FALSE","FALSE","not measured","DaFl","7",10
"TomThumb",2023-04-19,NA,NA,"Orthoptera",1,"TRUE","FALSE","not measured","DaFl","7",10
"TomThumb",2023-04-19,NA,NA,"Pheidole",1,"FALSE","FALSE","not measured","DaFl","7",10
"TomThumb",2023-04-19,NA,NA,"Psilochorus",1,"FALSE","FALSE","not measured","DaFl","7",10
"TomThumb",2023-04-19,NA,NA,"Anystoidea",1,"FALSE","FALSE","not measured","DaFl","8",10
"TomThumb",2023-04-19,NA,NA,"Aphididae",1,"FALSE","FALSE","not measured","DaFl","8",10
"TomThumb",2023-04-19,NA,NA,"Phalangiidae",1,"FALSE","FALSE","not measured","DaFl","8",10
"TomThumb",2023-04-19,NA,NA,"Psilochorus",1,"FALSE","FALSE","not measured","DaFl","8",10
"TomThumb",2023-04-19,NA,NA,"Rualena",1,"FALSE","FALSE","not measured","DaFl","8",10
"TomThumb",2023-04-19,NA,NA,"Aphididae",1,"FALSE","FALSE","not measured","DaFl","9",10
"TomThumb",2023-04-19,NA,NA,"Erythraeoidea",1,"FALSE","FALSE","not measured","DaFl","9",10
"TomThumb",2023-04-19,NA,NA,"Erythraeoidea",2,"FALSE","FALSE","not measured","DaFl","10",10
"TomThumb",2023-07-27,NA,NA,"Anystoidea",2,"FALSE","FALSE","not measured","DaFl","1",8
"TomThumb",2023-07-27,NA,NA,"Discoderus",6,"FALSE","FALSE","not measured","DaFl","1",8
"TomThumb",2023-07-27,NA,NA,"Nocibiotes",1,"FALSE","FALSE","not measured","DaFl","1",8
"TomThumb",2023-07-27,NA,NA,"Anystoidea",18,"FALSE","FALSE","not measured","DaFl","2",8
"TomThumb",2023-07-27,NA,NA,"Erythraeidae",1,"FALSE","FALSE","not measured","DaFl","2",8
"TomThumb",2023-07-27,NA,NA,"Forelius",1,"FALSE","FALSE","not measured","DaFl","2",8
"TomThumb",2023-07-27,NA,NA,"Meinertellidae",3,"FALSE","FALSE","not measured","DaFl","2",8
"TomThumb",2023-07-27,NA,NA,"Oxyopes",1,"FALSE","FALSE","not measured","DaFl","2",8
"TomThumb",2023-07-27,NA,NA,"Pheidole desertorum",3,"FALSE","FALSE","not measured","DaFl","2",8
"TomThumb",2023-07-27,NA,NA,"Pogonomyrmex",2,"FALSE","FALSE","not measured","DaFl","2",8
"TomThumb",2023-07-27,NA,NA,"Solenopsis xyloni",1,"FALSE","FALSE","not measured","DaFl","2",8
"TomThumb",2023-07-27,NA,NA,"Steriphanus",3,"FALSE","FALSE","not measured","DaFl","2",8
"TomThumb",2023-07-27,NA,NA,"Tenebrionidae",1,"FALSE","FALSE","not measured","DaFl","2",8
"TomThumb",2023-07-27,NA,NA,"Triorophus",2,"FALSE","FALSE","not measured","DaFl","2",8
"TomThumb",2023-07-27,NA,NA,"Anystoidea",1,"FALSE","FALSE","not measured","DaFl","3",8
"TomThumb",2023-07-27,NA,NA,"Discoderus",3,"FALSE","FALSE","not measured","DaFl","3",8
"TomThumb",2023-07-27,NA,NA,"Forelius",2,"FALSE","FALSE","not measured","DaFl","3",8
"TomThumb",2023-07-27,NA,NA,"Lepismatidae",1,"FALSE","FALSE","not measured","DaFl","3",8
"TomThumb",2023-07-27,NA,NA,"Nocibiotes",1,"FALSE","FALSE","not measured","DaFl","3",8
"TomThumb",2023-07-27,NA,NA,"Pogonomyrmex",1,"FALSE","FALSE","not measured","DaFl","3",8
"TomThumb",2023-07-27,NA,NA,"Triorophus",1,"FALSE","FALSE","not measured","DaFl","3",8
"TomThumb",2023-07-27,NA,"empty_trap",NA,NA,NA,NA,NA,NA,"4",8
"TomThumb",2023-07-27,NA,"trap_not_collected",NA,NA,NA,NA,NA,NA,"5",8
"TomThumb",2023-07-27,NA,NA,"Anystoidea",5,"FALSE","FALSE","not measured","DaFl","6",8
"TomThumb",2023-07-27,NA,NA,"Forelius",1,"FALSE","FALSE","not measured","DaFl","6",8
"TomThumb",2023-07-27,NA,NA,"Pheidole desertorum",1,"FALSE","FALSE","not measured","DaFl","6",8
"TomThumb",2023-07-27,NA,NA,"Pogonomyrmex",49,"FALSE","FALSE","not measured","DaFl","6",8
"TomThumb",2023-07-27,NA,NA,"Anystoidea",8,"FALSE","FALSE","not measured","DaFl","7",8
"TomThumb",2023-07-27,NA,NA,"Forelius",4,"FALSE","FALSE","not measured","DaFl","7",8
"TomThumb",2023-07-27,NA,NA,"Lepismatidae",1,"FALSE","FALSE","not measured","DaFl","7",8
"TomThumb",2023-07-27,NA,NA,"Pheidole",3,"FALSE","FALSE","not measured","DaFl","7",8
"TomThumb",2023-07-27,NA,NA,"Pogonomyrmex",12,"FALSE","FALSE","not measured","DaFl","7",8
"TomThumb",2023-07-27,NA,NA,"Psocodea",1,"FALSE","FALSE","not measured","DaFl","7",8
"TomThumb",2023-07-27,NA,NA,"Termitidae",2,"FALSE","FALSE","not measured","DaFl","7",8
"TomThumb",2023-07-27,NA,"empty_trap",NA,NA,NA,NA,NA,NA,"8",8
"TomThumb",2023-07-27,NA,NA,"Anystoidea",1,"FALSE","FALSE","not measured","DaFl","9",8
"TomThumb",2023-07-27,NA,NA,"Araeoschizus",2,"FALSE","FALSE","not measured","DaFl","9",8
"TomThumb",2023-07-27,NA,NA,"Forelius",4,"FALSE","FALSE","not measured","DaFl","9",8
"TomThumb",2023-07-27,NA,NA,"Neivamyrmex",10,"FALSE","FALSE","not measured","DaFl","9",8
"TomThumb",2023-07-27,NA,NA,"Pheidole",1,"FALSE","FALSE","not measured","DaFl","9",8
"TomThumb",2023-07-27,NA,NA,"Pogonomyrmex",1,"FALSE","FALSE","not measured","DaFl","9",8
"TomThumb",2023-07-27,NA,"trap_not_collected",NA,NA,NA,NA,NA,NA,"10",8
"TomThumb",2023-10-20,NA,"empty_trap",NA,NA,NA,NA,NA,NA,"1",10
"TomThumb",2023-10-20,NA,"empty_trap",NA,NA,NA,NA,NA,NA,"2",10
"TomThumb",2023-10-20,NA,NA,"Lepismatidae",1,"FALSE","FALSE","not measured","DaFl","3",10
"TomThumb",2023-10-20,NA,NA,"Paravaejovis spinigerus",1,"FALSE","FALSE","not measured","DaFl","4",10
"TomThumb",2023-10-20,NA,NA,"Ammotrechidae",1,"FALSE","FALSE","not measured","DaFl","5",10
"TomThumb",2023-10-20,NA,NA,"Mantidae",1,"FALSE","FALSE","not measured","DaFl","5",10
"TomThumb",2023-10-20,NA,NA,"Nocibiotes",1,"FALSE","FALSE","not measured","DaFl","5",10
"TomThumb",2023-10-20,NA,NA,"Pogonomyrmex",1,"FALSE","FALSE","not measured","DaFl","5",10
"TomThumb",2023-10-20,NA,NA,"Pogonomyrmex",44,"FALSE","FALSE","not measured","DaFl","6",10
"TomThumb",2023-10-20,NA,NA,"Mecaphesa",1,"FALSE","FALSE","not measured","DaFl","7",10
"TomThumb",2023-10-20,NA,"empty_trap",NA,NA,NA,NA,NA,NA,"8",10
"TomThumb",2023-10-20,NA,NA,"Ammotrechidae",1,"FALSE","FALSE","not measured","DaFl","9",10
"TomThumb",2023-10-20,NA,NA,"Anystoidea",1,"FALSE","FALSE","not measured","DaFl","9",10
"TomThumb",2023-10-20,NA,NA,"Solenopsis xyloni",2,"FALSE","FALSE","not measured","DaFl","9",10
"TomThumb",2023-10-20,NA,NA,"Isopoda",1,"FALSE","FALSE","not measured","DaFl","10",10
"TomThumb",2024-01-20,NA,NA,"Erythraeoidea",1,"FALSE","FALSE","not measured","DaFl","1",10
"TomThumb",2024-01-20,NA,NA,"Isotomidae",14,"FALSE","FALSE","not measured","DaFl","1",10
"TomThumb",2024-01-20,NA,NA,"Paravaejovis spinigerus",1,"FALSE","FALSE","not measured","DaFl","1",10
"TomThumb",2024-01-20,NA,NA,"Ptomaphagus",3,"FALSE","FALSE","not measured","DaFl","1",10
"TomThumb",2024-01-20,NA,NA,"Solenopsis xyloni",1,"FALSE","FALSE","not measured","DaFl","1",10
"TomThumb",2024-01-20,NA,NA,"Hypogastruridae",1,"FALSE","FALSE","not measured","DaFl","2",10
"TomThumb",2024-01-20,NA,NA,"Isotomidae",3,"FALSE","FALSE","not measured","DaFl","2",10
"TomThumb",2024-01-20,NA,NA,"Xysticus",1,"FALSE","FALSE","not measured","DaFl","2",10
"TomThumb",2024-01-20,NA,NA,"Halonoproctidae",1,"FALSE","FALSE","not measured","DaFl","3",10
"TomThumb",2024-01-20,NA,NA,"Hypogastruridae",1,"FALSE","FALSE","not measured","DaFl","3",10
"TomThumb",2024-01-20,NA,NA,"Isotomidae",21,"FALSE","FALSE","not measured","DaFl","3",10
"TomThumb",2024-01-20,NA,NA,"Bdellidae",1,"FALSE","FALSE","not measured","DaFl","4",10
"TomThumb",2024-01-20,NA,NA,"Erythraeoidea",3,"FALSE","FALSE","not measured","DaFl","4",10
"TomThumb",2024-01-20,NA,NA,"Hypogastruridae",4,"FALSE","FALSE","not measured","DaFl","4",10
"TomThumb",2024-01-20,NA,NA,"Isotomidae",5,"FALSE","FALSE","not measured","DaFl","4",10
"TomThumb",2024-01-20,NA,NA,"Phalangiidae",1,"FALSE","FALSE","not measured","DaFl","4",10
"TomThumb",2024-01-20,NA,NA,"Sminthuridae",1,"FALSE","FALSE","not measured","DaFl","4",10
"TomThumb",2024-01-20,NA,NA,"Hemiptera",1,"TRUE","FALSE","not measured","DaFl","5",10
"TomThumb",2024-01-20,NA,NA,"Hypogastruridae",4,"FALSE","FALSE","not measured","DaFl","5",10
"TomThumb",2024-01-20,NA,NA,"Ptomaphagus",2,"FALSE","FALSE","not measured","DaFl","5",10
"TomThumb",2024-01-20,NA,NA,"Xysticus",1,"FALSE","FALSE","not measured","DaFl","5",10
"TomThumb",2024-01-20,NA,NA,"Erythraeoidea",1,"FALSE","FALSE","not measured","DaFl","6",10
"TomThumb",2024-01-20,NA,NA,"Euryopis",1,"FALSE","FALSE","not measured","DaFl","6",10
"TomThumb",2024-01-20,NA,NA,"Hypogastruridae",82,"FALSE","FALSE","not measured","DaFl","6",10
"TomThumb",2024-01-20,NA,NA,"Isotomidae",8,"FALSE","FALSE","not measured","DaFl","6",10
"TomThumb",2024-01-20,NA,NA,"Lepidoptera",2,"TRUE","FALSE","not measured","DaFl","6",10
"TomThumb",2024-01-20,NA,NA,"Staphylinidae",1,"FALSE","FALSE","not measured","DaFl","6",10
"TomThumb",2024-01-20,NA,NA,"Caeculidae",1,"FALSE","FALSE","not measured","DaFl","7",10
"TomThumb",2024-01-20,NA,NA,"Chyphotes",2,"FALSE","FALSE","not measured","DaFl","7",10
"TomThumb",2024-01-20,NA,NA,"Entomobryidae",1,"FALSE","FALSE","not measured","DaFl","7",10
"TomThumb",2024-01-20,NA,NA,"Erythraeoidea",1,"FALSE","FALSE","not measured","DaFl","7",10
"TomThumb",2024-01-20,NA,NA,"Isotomidae",10,"FALSE","FALSE","not measured","DaFl","7",10
"TomThumb",2024-01-20,NA,NA,"Lepidoptera",1,"TRUE","FALSE","not measured","DaFl","7",10
"TomThumb",2024-01-20,NA,NA,"Lepismatidae",4,"FALSE","FALSE","not measured","DaFl","7",10
"TomThumb",2024-01-20,NA,NA,"Psocodea",1,"FALSE","FALSE","not measured","DaFl","7",10
"TomThumb",2024-01-20,NA,NA,"Ptomaphagus",2,"FALSE","FALSE","not measured","DaFl","7",10
"TomThumb",2024-01-20,NA,NA,"Staphylinidae",1,"FALSE","FALSE","not measured","DaFl","7",10
"TomThumb",2024-01-20,NA,NA,"Hypogastruridae",1,"FALSE","FALSE","not measured","DaFl","8",10
"TomThumb",2024-01-20,NA,NA,"Isotomidae",13,"FALSE","FALSE","not measured","DaFl","8",10
"TomThumb",2024-01-20,NA,NA,"Ptomaphagus",1,"FALSE","FALSE","not measured","DaFl","8",10
"TomThumb",2024-01-20,NA,NA,"Anystoidea",1,"FALSE","FALSE","not measured","DaFl","9",10
"TomThumb",2024-01-20,NA,NA,"Erythraeoidea",1,"FALSE","FALSE","not measured","DaFl","9",10
"TomThumb",2024-01-20,NA,NA,"Forelius",1,"FALSE","FALSE","not measured","DaFl","9",10
"TomThumb",2024-01-20,NA,NA,"Hypogastruridae",9,"FALSE","FALSE","not measured","DaFl","9",10
"TomThumb",2024-01-20,NA,NA,"Isotomidae",15,"FALSE","FALSE","not measured","DaFl","9",10
"TomThumb",2024-01-20,NA,NA,"Psocodea",1,"FALSE","FALSE","not measured","DaFl","9",10
"TomThumb",2024-01-20,NA,NA,"Ptomaphagus",1,"FALSE","FALSE","not measured","DaFl","9",10
"TomThumb",2024-01-20,NA,NA,"Syntomus americanus",1,"FALSE","FALSE","not measured","DaFl","9",10
"TomThumb",2024-01-20,NA,NA,"Anystoidea",1,"FALSE","FALSE","not measured","DaFl","10",10
"TomThumb",2024-01-20,NA,NA,"Isotomidae",34,"FALSE","FALSE","not measured","DaFl","10",10
"TomThumb",2024-01-20,NA,NA,"Ptomaphagus",2,"FALSE","FALSE","not measured","DaFl","10",10
"TomThumb",2024-01-20,NA,NA,"Sminthuridae",1,"FALSE","FALSE","not measured","DaFl","10",10
"TomThumb",2024-04-20,NA,NA,"Mecinus",1,"FALSE","FALSE","not measured","DaFl","1",10
"TomThumb",2024-04-20,NA,NA,"Meinertellidae",2,"FALSE","FALSE","not measured","DaFl","1",10
"TomThumb",2024-04-20,NA,NA,"Salticidae",1,"FALSE","FALSE","not measured","DaFl","1",10
"TomThumb",2024-04-20,NA,NA,"Sminthuridae",1,"FALSE","FALSE","not measured","DaFl","1",10
"TomThumb",2024-04-20,NA,NA,"Anystoidea",4,"FALSE","FALSE","not measured","DaFl","2",10
"TomThumb",2024-04-20,NA,NA,"Emblethis",1,"FALSE","FALSE","not measured","DaFl","2",10
"TomThumb",2024-04-20,NA,NA,"Entomobryidae",1,"FALSE","FALSE","not measured","DaFl","2",10
"TomThumb",2024-04-20,NA,NA,"Mecinus",1,"FALSE","FALSE","not measured","DaFl","2",10
"TomThumb",2024-04-20,NA,NA,"Meinertellidae",2,"FALSE","FALSE","not measured","DaFl","2",10
"TomThumb",2024-04-20,NA,NA,"Melanaethus",1,"FALSE","FALSE","not measured","DaFl","2",10
"TomThumb",2024-04-20,NA,NA,"Thripidae",1,"FALSE","FALSE","not measured","DaFl","2",10
"TomThumb",2024-04-20,NA,NA,"Anystoidea",1,"FALSE","FALSE","not measured","DaFl","3",10
"TomThumb",2024-04-20,NA,NA,"Aphididae",1,"FALSE","FALSE","not measured","DaFl","3",10
"TomThumb",2024-04-20,NA,NA,"Araeoschizus",1,"FALSE","FALSE","not measured","DaFl","3",10
"TomThumb",2024-04-20,NA,NA,"Crematogaster",4,"FALSE","FALSE","not measured","DaFl","3",10
"TomThumb",2024-04-20,NA,NA,"Entomobryidae",2,"FALSE","FALSE","not measured","DaFl","3",10
"TomThumb",2024-04-20,NA,NA,"Erythraeoidea",4,"FALSE","FALSE","not measured","DaFl","3",10
"TomThumb",2024-04-20,NA,NA,"Mecinus",3,"FALSE","FALSE","not measured","DaFl","3",10
"TomThumb",2024-04-20,NA,NA,"Syntomus americanus",1,"FALSE","FALSE","not measured","DaFl","3",10
"TomThumb",2024-04-20,NA,NA,"Theridiidae",1,"FALSE","FALSE","not measured","DaFl","3",10
"TomThumb",2024-04-20,NA,NA,"Curculionidae",3,"FALSE","FALSE","not measured","DaFl","4",10
"TomThumb",2024-04-20,NA,NA,"Drassyllus",1,"FALSE","FALSE","not measured","DaFl","4",10
"TomThumb",2024-04-20,NA,NA,"Entomobryidae",1,"FALSE","FALSE","not measured","DaFl","4",10
"TomThumb",2024-04-20,NA,NA,"Gnaphosidae",1,"FALSE","FALSE","not measured","DaFl","4",10
"TomThumb",2024-04-20,NA,NA,"Lepismatidae",1,"FALSE","FALSE","not measured","DaFl","4",10
"TomThumb",2024-04-20,NA,NA,"Aphididae",1,"FALSE","FALSE","not measured","DaFl","5",10
"TomThumb",2024-04-20,NA,NA,"Erythraeoidea",1,"FALSE","FALSE","not measured","DaFl","5",10
"TomThumb",2024-04-20,NA,NA,"Microporus",1,"FALSE","FALSE","not measured","DaFl","5",10
"TomThumb",2024-04-20,NA,NA,"Tarsonops",1,"FALSE","FALSE","not measured","DaFl","5",10
"TomThumb",2024-04-20,NA,NA,"Anystoidea",5,"FALSE","FALSE","not measured","DaFl","6",10
"TomThumb",2024-04-20,NA,NA,"Araeoschizus",1,"FALSE","FALSE","not measured","DaFl","6",10
"TomThumb",2024-04-20,NA,NA,"Entomobryidae",2,"FALSE","FALSE","not measured","DaFl","6",10
"TomThumb",2024-04-20,NA,NA,"Erythraeoidea",5,"FALSE","FALSE","not measured","DaFl","6",10
"TomThumb",2024-04-20,NA,NA,"Mecinus",3,"FALSE","FALSE","not measured","DaFl","6",10
"TomThumb",2024-04-20,NA,NA,"Steriphanus",1,"FALSE","FALSE","not measured","DaFl","6",10
"TomThumb",2024-04-20,NA,NA,"Aphididae",1,"FALSE","FALSE","not measured","DaFl","7",10
"TomThumb",2024-04-20,NA,NA,"Ceraticelus",1,"FALSE","FALSE","not measured","DaFl","7",10
"TomThumb",2024-04-20,NA,NA,"Coccinellidae",1,"TRUE","FALSE","not measured","DaFl","7",10
"TomThumb",2024-04-20,NA,NA,"Erythraeoidea",3,"FALSE","FALSE","not measured","DaFl","7",10
"TomThumb",2024-04-20,NA,NA,"Mecinus",1,"FALSE","FALSE","not measured","DaFl","7",10
"TomThumb",2024-04-20,NA,NA,"Thanatus",1,"FALSE","FALSE","not measured","DaFl","7",10
"TomThumb",2024-04-20,NA,NA,"Erythraeoidea",1,"FALSE","FALSE","not measured","DaFl","8",10
"TomThumb",2024-04-20,NA,NA,"Mecinus",3,"FALSE","FALSE","not measured","DaFl","8",10
"TomThumb",2024-04-20,NA,NA,"Syntomus americanus",1,"FALSE","FALSE","not measured","DaFl","8",10
"TomThumb",2024-04-20,NA,NA,"Erythraeoidea",2,"FALSE","FALSE","not measured","DaFl","9",10
"TomThumb",2024-04-20,NA,NA,"Lepismatidae",1,"FALSE","FALSE","not measured","DaFl","9",10
"TomThumb",2024-04-20,NA,NA,"Tennesseellum",1,"FALSE","FALSE","not measured","DaFl","9",10
"TomThumb",2024-04-20,NA,NA,"Thripidae",1,"FALSE","FALSE","not measured","DaFl","9",10
"TomThumb",2024-04-20,NA,NA,"Anystoidea",1,"FALSE","FALSE","not measured","DaFl","10",10
"TomThumb",2024-04-20,NA,NA,"Aphididae",3,"FALSE","FALSE","not measured","DaFl","10",10
"TomThumb",2024-04-20,NA,NA,"Microporus",1,"FALSE","FALSE","not measured","DaFl","10",10
"TomThumb",2024-04-20,NA,NA,"Sciaridae",1,"FALSE","FALSE","not measured","DaFl","10",10
"TomThumb",2024-07-20,NA,NA,"Anystoidea",39,"FALSE","FALSE","not measured","DaFl","1",7
"TomThumb",2024-07-20,NA,NA,"Meinertellidae",4,"FALSE","FALSE","not measured","DaFl","1",7
"TomThumb",2024-07-20,NA,NA,"Nocibiotes",1,"FALSE","FALSE","not measured","DaFl","1",7
"TomThumb",2024-07-20,NA,NA,"Solenopsis xyloni",1,"FALSE","FALSE","not measured","DaFl","1",7
"TomThumb",2024-07-20,NA,NA,"Tetramorium",1,"FALSE","FALSE","not measured","DaFl","1",7
"TomThumb",2024-07-20,NA,"trap_not_collected",NA,NA,NA,NA,NA,NA,"2",7
"TomThumb",2024-07-20,NA,"trap_not_collected",NA,NA,NA,NA,NA,NA,"3",7
"TomThumb",2024-07-20,NA,"trap_not_collected",NA,NA,NA,NA,NA,NA,"4",7
"TomThumb",2024-07-20,NA,NA,"Anystoidea",1,"FALSE","FALSE","not measured","DaFl","5",7
"TomThumb",2024-07-20,NA,NA,"Mantidae",1,"FALSE","FALSE","not measured","DaFl","5",7
"TomThumb",2024-07-20,NA,NA,"Nocibiotes",1,"FALSE","FALSE","not measured","DaFl","5",7
"TomThumb",2024-07-20,NA,NA,"Anystoidea",5,"FALSE","FALSE","not measured","DaFl","6",7
"TomThumb",2024-07-20,NA,NA,"Chloropidae",1,"FALSE","FALSE","not measured","DaFl","6",7
"TomThumb",2024-07-20,NA,NA,"Nocibiotes",4,"FALSE","FALSE","not measured","DaFl","6",7
"TomThumb",2024-07-20,NA,NA,"Pogonomyrmex",552,"FALSE","FALSE","not measured","DaFl","6",7
"TomThumb",2024-07-20,NA,NA,"Solenopsis xyloni",33,"FALSE","FALSE","not measured","DaFl","6",7
"TomThumb",2024-07-20,NA,NA,NA,NA,NA,NA,NA,NA,"7",7
"TomThumb",2024-07-20,NA,"empty_trap",NA,NA,NA,NA,NA,NA,"8",7
"TomThumb",2024-07-20,NA,NA,"Anystoidea",1,"FALSE","FALSE","not measured","DaFl","9",7
"TomThumb",2024-07-20,NA,NA,"Salticidae",1,"FALSE","FALSE","not measured","DaFl","10",7
"TomThumb",2024-07-20,NA,NA,"Solenopsis xyloni",7,"FALSE","FALSE","not measured","DaFl","10",7
"TomThumb",2024-10-25,NA,NA,"Nocibiotes",1,"FALSE","FALSE","not measured","DaFl","1",10
"TomThumb",2024-10-25,NA,NA,"Pogonomyrmex",1,"FALSE","FALSE","not measured","DaFl","1",10
"TomThumb",2024-10-25,NA,NA,"Zelotes",1,"FALSE","FALSE","not measured","DaFl","1",10
"TomThumb",2024-10-25,NA,"empty_trap",NA,NA,NA,NA,NA,NA,"2",10
"TomThumb",2024-10-25,NA,NA,"Arenivaga",1,"FALSE","FALSE","not measured","DaFl","3",10
"TomThumb",2024-10-25,NA,NA,"Solenopsis xyloni",1,"FALSE","FALSE","not measured","DaFl","3",10
"TomThumb",2024-10-25,NA,NA,"Chyphotes",1,"FALSE","FALSE","not measured","DaFl","4",10
"TomThumb",2024-10-25,NA,NA,"Formicidae",1,"FALSE","TRUE","not measured","DaFl","4",10
"TomThumb",2024-10-25,NA,NA,"Lepismatidae",1,"FALSE","FALSE","not measured","DaFl","4",10
"TomThumb",2024-10-25,NA,NA,"Erythraeoidea",1,"FALSE","FALSE","not measured","DaFl","5",10
"TomThumb",2024-10-25,NA,NA,"Lepismatidae",1,"FALSE","FALSE","not measured","DaFl","5",10
"TomThumb",2024-10-25,NA,NA,"Tetramorium",3,"FALSE","FALSE","not measured","DaFl","5",10
"TomThumb",2024-10-25,NA,NA,"Erythraeoidea",6,"FALSE","FALSE","not measured","DaFl","6",10
"TomThumb",2024-10-25,NA,NA,"Pogonomyrmex",7,"FALSE","FALSE","not measured","DaFl","6",10
"TomThumb",2024-10-25,NA,NA,"Erythraeoidea",1,"FALSE","FALSE","not measured","DaFl","7",10
"TomThumb",2024-10-25,NA,NA,"Chyphotes",1,"FALSE","FALSE","not measured","DaFl","8",10
"TomThumb",2024-10-25,NA,NA,"Erythraeoidea",7,"FALSE","FALSE","not measured","DaFl","8",10
"TomThumb",2024-10-25,NA,NA,"Pheidole",1,"FALSE","FALSE","not measured","DaFl","8",10
"TomThumb",2024-10-25,NA,NA,"Pogonomyrmex",5,"FALSE","FALSE","not measured","DaFl","8",10
"TomThumb",2024-10-25,NA,NA,"Termitidae",4,"FALSE","FALSE","not measured","DaFl","8",10
"TomThumb",2024-10-25,NA,"empty_trap",NA,NA,NA,NA,NA,NA,"9",10
"TomThumb",2024-10-25,NA,NA,"Anystoidea",1,"FALSE","FALSE","not measured","DaFl","10",10
"TomThumb",2024-10-25,NA,NA,"Scarabaeidae",1,"FALSE","FALSE","not measured","DaFl","10",10
"TomThumb",2024-10-25,NA,NA,"Trombidioidea",1,"FALSE","FALSE","not measured","DaFl","10",10
"TomThumb",2025-01-20,NA,NA,"Aleochara",2,"FALSE","FALSE","not measured","DaFl","1",10
"TomThumb",2025-01-20,NA,"empty_trap",NA,NA,NA,NA,NA,NA,"2",10
"TomThumb",2025-01-20,NA,"empty_trap",NA,NA,NA,NA,NA,NA,"3",10
"TomThumb",2025-01-20,NA,"empty_trap",NA,NA,NA,NA,NA,NA,"4",10
"TomThumb",2025-01-20,NA,NA,"Termitidae",3,"FALSE","FALSE","not measured","DaFl","5",10
"TomThumb",2025-01-20,NA,NA,"Lepismatidae",1,"FALSE","FALSE","not measured","DaFl","6",10
"TomThumb",2025-01-20,NA,NA,"Erythraeoidea",1,"FALSE","FALSE","not measured","DaFl","7",10
"TomThumb",2025-01-20,NA,NA,"Lepismatidae",1,"FALSE","FALSE","not measured","DaFl","7",10
"TomThumb",2025-01-20,NA,NA,"Termitidae",1,"FALSE","FALSE","not measured","DaFl","7",10
"TomThumb",2025-01-20,NA,"empty_trap",NA,NA,NA,NA,NA,NA,"8",10
"TomThumb",2025-01-20,NA,"empty_trap",NA,NA,NA,NA,NA,NA,"9",10
"TomThumb",2025-01-20,NA,"empty_trap",NA,NA,NA,NA,NA,NA,"10",10
